frame,nose_x,nose_y,nose_conf,left_eye_inner_x,left_eye_inner_y,left_eye_inner_conf,left_eye_x,left_eye_y,left_eye_conf,left_eye_outer_x,left_eye_outer_y,left_eye_outer_conf,right_eye_inner_x,right_eye_inner_y,right_eye_inner_conf,right_eye_x,right_eye_y,right_eye_conf,right_eye_outer_x,right_eye_outer_y,right_eye_outer_conf,left_ear_x,left_ear_y,left_ear_conf,right_ear_x,right_ear_y,right_ear_conf,mouth_left_x,mouth_left_y,mouth_left_conf,mouth_right_x,mouth_right_y,mouth_right_conf,left_shoulder_x,left_shoulder_y,left_shoulder_conf,right_shoulder_x,right_shoulder_y,right_shoulder_conf,left_elbow_x,left_elbow_y,left_elbow_conf,right_elbow_x,right_elbow_y,right_elbow_conf,left_wrist_x,left_wrist_y,left_wrist_conf,right_wrist_x,right_wrist_y,right_wrist_conf,left_pinky_x,left_pinky_y,left_pinky_conf,right_pinky_x,right_pinky_y,right_pinky_conf,left_index_x,left_index_y,left_index_conf,right_index_x,right_index_y,right_index_conf,left_thumb_x,left_thumb_y,left_thumb_conf,right_thumb_x,right_thumb_y,right_thumb_conf,left_hip_x,left_hip_y,left_hip_conf,right_hip_x,right_hip_y,right_hip_conf,left_knee_x,left_knee_y,left_knee_conf,right_knee_x,right_knee_y,right_knee_conf,left_ankle_x,left_ankle_y,left_ankle_conf,right_ankle_x,right_ankle_y,right_ankle_conf,left_heel_x,left_heel_y,left_heel_conf,right_heel_x,right_heel_y,right_heel_conf,left_foot_index_x,left_foot_index_y,left_foot_index_conf,right_foot_index_x,right_foot_index_y,right_foot_index_conf
0,0.5923243761062622,0.20777784287929535,0.9999971389770508,0.5955629944801331,0.198355033993721,0.9999901056289673,0.598718523979187,0.19848759472370148,0.9999855756759644,0.6026575565338135,0.19885951280593872,0.999983549118042,0.5841386914253235,0.1990736573934555,0.9999936819076538,0.5794282555580139,0.2000131607055664,0.9999933242797852,0.5743621587753296,0.201332226395607,0.9999946355819702,0.6053956747055054,0.20644523203372955,0.9999316930770874,0.5652409195899963,0.20986957848072052,0.9999905824661255,0.5985333919525146,0.2206122726202011,0.9999914169311523,0.584013044834137,0.221454456448555,0.9999959468841553,0.6326307058334351,0.28923583030700684,0.9995759129524231,0.5377513766288757,0.2904462218284607,0.99998939037323,0.6240943670272827,0.3765714764595032,0.41897785663604736,0.5345683097839355,0.3836541771888733,0.9830636382102966,0.6339819431304932,0.4542170763015747,0.31485819816589355,0.5261159539222717,0.4697980582714081,0.9539909958839417,0.6348627805709839,0.4784296154975891,0.2838558256626129,0.5235155820846558,0.49347156286239624,0.9130362272262573,0.6341027021408081,0.48042160272598267,0.3051210343837738,0.530289888381958,0.4938158392906189,0.9194484353065491,0.6312103867530823,0.4735807776451111,0.3017255365848541,0.5336834192276001,0.48630672693252563,0.9084503650665283,0.6133466958999634,0.4568767547607422,0.9991727471351624,0.566646158695221,0.4554782807826996,0.9999078512191772,0.5824204087257385,0.5830223560333252,0.7997267842292786,0.5965861678123474,0.5859647393226624,0.9598381519317627,0.5331833362579346,0.6866928935050964,0.9437539577484131,0.6432836651802063,0.7031469345092773,0.9874584674835205,0.5193976759910583,0.7064497470855713,0.8885636925697327,0.6554937958717346,0.723093569278717,0.9151307344436646,0.5695347785949707,0.7221915125846863,0.9459942579269409,0.6335631012916565,0.7244510054588318,0.981537938117981
1,0.5923059582710266,0.20846989750862122,0.9999966025352478,0.5955747961997986,0.1998598724603653,0.9999885559082031,0.5988765954971313,0.19997888803482056,0.9999833703041077,0.6027225255966187,0.20019929111003876,0.999981164932251,0.5841442942619324,0.2004890888929367,0.9999926090240479,0.5794229507446289,0.2013273388147354,0.9999921917915344,0.5743647813796997,0.20232832431793213,0.9999938607215881,0.605415403842926,0.20688623189926147,0.9999227523803711,0.5652462244033813,0.2102678120136261,0.9999893307685852,0.598547637462616,0.22151139378547668,0.9999898076057434,0.5840124487876892,0.22249162197113037,0.9999951720237732,0.6329282522201538,0.28916317224502563,0.9995439648628235,0.5381871461868286,0.29058584570884705,0.9999880194664001,0.6239104866981506,0.375543475151062,0.41279882192611694,0.5353464484214783,0.3836483061313629,0.9823423027992249,0.6335230469703674,0.45124396681785583,0.3081340193748474,0.5276105999946594,0.4697442650794983,0.9521722197532654,0.634509265422821,0.47498321533203125,0.27852585911750793,0.5251651406288147,0.4934767782688141,0.9098905920982361,0.6331539750099182,0.4770820736885071,0.29891958832740784,0.5314954519271851,0.49386313557624817,0.9164369106292725,0.6306950449943542,0.46977996826171875,0.29641062021255493,0.5349681973457336,0.48632359504699707,0.9053436517715454,0.6135992407798767,0.45687294006347656,0.9991529583930969,0.5673259496688843,0.45547154545783997,0.9998975992202759,0.5841540694236755,0.5826147198677063,0.7967147827148438,0.5963116884231567,0.5850136876106262,0.9568762183189392,0.5331833958625793,0.6867481470108032,0.9437323212623596,0.642625629901886,0.7023802995681763,0.9863466620445251,0.5188524723052979,0.7066022753715515,0.8874145746231079,0.6542856097221375,0.7224099636077881,0.9130599498748779,0.5696409940719604,0.7218493223190308,0.9449008107185364,0.622846782207489,0.7268175482749939,0.9803593754768372
2,0.5932006239891052,0.20955051481723785,0.9999964237213135,0.5969327688217163,0.20119883120059967,0.9999880790710449,0.6005250811576843,0.20126307010650635,0.9999827742576599,0.6040773391723633,0.20139628648757935,0.9999804496765137,0.5851331949234009,0.20183084905147552,0.9999922513961792,0.5802696943283081,0.20258145034313202,0.999991774559021,0.5752193331718445,0.20339660346508026,0.9999935626983643,0.6065618395805359,0.20748837292194366,0.9999207854270935,0.565945029258728,0.21097077429294586,0.9999889135360718,0.5997039079666138,0.22261619567871094,0.9999892115592957,0.5850326418876648,0.2237139642238617,0.9999948740005493,0.6343664526939392,0.28930404782295227,0.9995315670967102,0.5396525859832764,0.2909387946128845,0.9999871850013733,0.6254296898841858,0.3753209114074707,0.4143369495868683,0.5362799167633057,0.38400179147720337,0.9820214509963989,0.6342150568962097,0.45126816630363464,0.310191810131073,0.5301662683486938,0.4697134792804718,0.9513717293739319,0.6353327631950378,0.47489529848098755,0.28041961789131165,0.5279943943023682,0.49347543716430664,0.9083362817764282,0.6342754364013672,0.4770674407482147,0.30034202337265015,0.534470796585083,0.49389708042144775,0.9149202704429626,0.631493866443634,0.4696187674999237,0.29825273156166077,0.5376056432723999,0.4863411486148834,0.9038146138191223,0.6140075325965881,0.45695024728775024,0.9991437792778015,0.5683581233024597,0.4554924964904785,0.9998921751976013,0.5857248306274414,0.5816174149513245,0.7947169542312622,0.5963050127029419,0.5843671560287476,0.9550174474716187,0.5334444046020508,0.6866147518157959,0.9438355565071106,0.642496645450592,0.7023123502731323,0.985569179058075,0.5188536643981934,0.7065929770469666,0.8874900341033936,0.6539973616600037,0.7223454713821411,0.9114909768104553,0.5678853988647461,0.7202068567276001,0.9441328644752502,0.6198822259902954,0.7288818955421448,0.9794021844863892
3,0.5958865880966187,0.2101946771144867,0.9999964237213135,0.600175678730011,0.20194189250469208,0.9999881386756897,0.6039341688156128,0.20197993516921997,0.9999828934669495,0.6077854037284851,0.20203831791877747,0.9999805688858032,0.5879085063934326,0.20261183381080627,0.9999921917915344,0.5828886032104492,0.20327703654766083,0.9999916553497314,0.5778461694717407,0.20400823652744293,0.9999935030937195,0.6101466417312622,0.20788012444972992,0.9999223947525024,0.5685822367668152,0.2114693820476532,0.9999887943267822,0.6023975610733032,0.22329507768154144,0.9999892115592957,0.5879541039466858,0.22435925900936127,0.9999948740005493,0.6398022770881653,0.2895873486995697,0.9995390176773071,0.541320264339447,0.29095378518104553,0.9999868869781494,0.6308325529098511,0.3766661286354065,0.42907220125198364,0.5378832221031189,0.38365638256073,0.981535792350769,0.6376610398292542,0.45496150851249695,0.32082656025886536,0.5327908992767334,0.46920016407966614,0.9506406784057617,0.6381890177726746,0.4789617657661438,0.28908011317253113,0.5302162766456604,0.49334755539894104,0.9071507453918457,0.6366325616836548,0.48192235827445984,0.30859553813934326,0.5369426012039185,0.49381476640701294,0.9138574600219727,0.6336077451705933,0.47328948974609375,0.3065672516822815,0.5400819778442383,0.48620957136154175,0.9028063416481018,0.6161668300628662,0.457242488861084,0.9991601705551147,0.570421576499939,0.4556024670600891,0.9998903274536133,0.5883246660232544,0.5814996957778931,0.7971928715705872,0.597404420375824,0.5843451023101807,0.9541534185409546,0.535156786441803,0.6867198348045349,0.9450143575668335,0.6428250670433044,0.7023853063583374,0.9849138259887695,0.5204018950462341,0.7073171138763428,0.8885447382926941,0.654566764831543,0.7227913737297058,0.9103474020957947,0.5694617033004761,0.7202935218811035,0.9444968104362488,0.6182101368904114,0.7304849624633789,0.9787033796310425
4,0.5986356139183044,0.21163353323936462,0.9999964833259583,0.6032511591911316,0.20310546457767487,0.9999884366989136,0.6070883870124817,0.203135147690773,0.9999833106994629,0.6111681461334229,0.20318341255187988,0.9999811053276062,0.590666651725769,0.20369362831115723,0.999992311000824,0.585469126701355,0.20428216457366943,0.999991774559021,0.580437183380127,0.20488792657852173,0.9999935626983643,0.6137842535972595,0.20929910242557526,0.9999246597290039,0.571347177028656,0.21275779604911804,0.999988853931427,0.6050787568092346,0.22487860918045044,0.9999895095825195,0.5905472636222839,0.22577586770057678,0.9999949932098389,0.6428071856498718,0.29054054617881775,0.9995594620704651,0.5436481833457947,0.29151180386543274,0.9999873042106628,0.6381930708885193,0.3781532347202301,0.4476049542427063,0.5411828756332397,0.38393354415893555,0.981817364692688,0.6440966725349426,0.45747023820877075,0.3413535952568054,0.5353364944458008,0.4692029654979706,0.9517794251441956,0.6454970240592957,0.48187264800071716,0.3061111867427826,0.5323230624198914,0.49350786209106445,0.9090211987495422,0.6433835625648499,0.48473960161209106,0.3258695602416992,0.5393784642219543,0.49393653869628906,0.9155777096748352,0.6408045291900635,0.47596171498298645,0.32288774847984314,0.5424560904502869,0.4862962067127228,0.904513418674469,0.618915319442749,0.45772072672843933,0.9991752505302429,0.572924017906189,0.45577067136764526,0.9998919367790222,0.5904637575149536,0.5815085768699646,0.7959360480308533,0.6003676652908325,0.5845469832420349,0.9547519683837891,0.5368363261222839,0.6876888275146484,0.9453707933425903,0.6450191736221313,0.7027886509895325,0.9848522543907166,0.5218198895454407,0.7100122570991516,0.8895604610443115,0.6571889519691467,0.7237600684165955,0.9111200571060181,0.5736402869224548,0.7210039496421814,0.9448521733283997,0.6612616777420044,0.7439996600151062,0.978701651096344
5,0.6016811728477478,0.21238557994365692,0.9999964237213135,0.6063900589942932,0.20382444560527802,0.9999882578849792,0.6102827787399292,0.2038896530866623,0.9999831914901733,0.6143921613693237,0.20398852229118347,0.9999810457229614,0.5938104391098022,0.20429299771785736,0.9999921321868896,0.588628888130188,0.204803004860878,0.9999915361404419,0.5836521983146667,0.20534148812294006,0.9999933838844299,0.6170139908790588,0.21031153202056885,0.9999256134033203,0.5748167037963867,0.21325860917568207,0.9999884366989136,0.6078007817268372,0.2256893366575241,0.9999895691871643,0.5932644605636597,0.2264617532491684,0.9999949336051941,0.6470964550971985,0.29080885648727417,0.999571681022644,0.5464243292808533,0.2925019860267639,0.9999871850013733,0.6418971419334412,0.37881797552108765,0.4676287770271301,0.5447559952735901,0.38460448384284973,0.981338381767273,0.6477024555206299,0.45956161618232727,0.3563636839389801,0.5384269952774048,0.46919670701026917,0.9513883590698242,0.648267388343811,0.4830375611782074,0.31856632232666016,0.5351061820983887,0.493665486574173,0.9085887670516968,0.6463373303413391,0.48647552728652954,0.3381058871746063,0.5421404242515564,0.4941204786300659,0.9152328968048096,0.643911600112915,0.4775523841381073,0.3349311351776123,0.5453284978866577,0.4864298105239868,0.9042040109634399,0.6229340434074402,0.45844197273254395,0.9991851449012756,0.5750855803489685,0.4561680257320404,0.9998915791511536,0.5926473736763,0.5830756425857544,0.795306384563446,0.6037430167198181,0.5862951874732971,0.9538511633872986,0.5393092036247253,0.6899121403694153,0.9452624917030334,0.6505946516990662,0.7049948573112488,0.9842549562454224,0.5247392654418945,0.7130845189094543,0.8891130685806274,0.6620202660560608,0.7254793643951416,0.9109973907470703,0.5748842358589172,0.7221218347549438,0.9441671967506409,0.6374258995056152,0.7408688068389893,0.9780339598655701
6,0.6044194102287292,0.2126302570104599,0.9999963641166687,0.6093358993530273,0.20414337515830994,0.9999881386756897,0.6132569909095764,0.2042454183101654,0.9999831318855286,0.6174814105033875,0.20436915755271912,0.9999811053276062,0.5967146158218384,0.20459987223148346,0.9999918937683105,0.591543436050415,0.20509721338748932,0.999991238117218,0.586614727973938,0.2056322991847992,0.9999931454658508,0.6206973791122437,0.2107076644897461,0.9999269843101501,0.5780219435691833,0.21369336545467377,0.9999880194664001,0.6106691360473633,0.22600430250167847,0.9999897480010986,0.5959558486938477,0.2267570048570633,0.9999949336051941,0.6518441438674927,0.2915201485157013,0.999584436416626,0.5496314167976379,0.29340365529060364,0.9999865889549255,0.6467841863632202,0.3787773847579956,0.4884284436702728,0.5475143194198608,0.384624183177948,0.9802356362342834,0.6521992683410645,0.4594682455062866,0.36579903960227966,0.5415447354316711,0.46916839480400085,0.948028564453125,0.6514017581939697,0.48275312781333923,0.3250105381011963,0.5389622449874878,0.4936806857585907,0.9034309387207031,0.6498157978057861,0.4860179126262665,0.3443906307220459,0.5464483499526978,0.4940737783908844,0.910524308681488,0.6476147174835205,0.47732383012771606,0.34126561880111694,0.5491402745246887,0.4863976240158081,0.8994749784469604,0.6267003417015076,0.45911771059036255,0.9991949200630188,0.5764502882957458,0.4562779366970062,0.9998877644538879,0.5949819087982178,0.5843948721885681,0.7944558262825012,0.606576681137085,0.5866957902908325,0.9521979093551636,0.5414186120033264,0.6936201453208923,0.9450276494026184,0.653742790222168,0.7062247395515442,0.9834351539611816,0.5260601043701172,0.7170746922492981,0.8874014616012573,0.6653913855552673,0.7259664535522461,0.9089822769165039,0.5766672492027283,0.7235888242721558,0.9433814883232117,0.6366497278213501,0.7393569946289062,0.9772671461105347
7,0.6073331236839294,0.2130701243877411,0.9999964237213135,0.6123887896537781,0.2046104222536087,0.9999882578849792,0.6161600947380066,0.20473510026931763,0.9999833703041077,0.6204022169113159,0.20488809049129486,0.9999815225601196,0.5997592210769653,0.20499254763126373,0.9999918341636658,0.5944876074790955,0.20546360313892365,0.9999911189079285,0.5895333886146545,0.20596398413181305,0.9999930262565613,0.6237242817878723,0.21140170097351074,0.9999293088912964,0.5808039903640747,0.21423500776290894,0.999987781047821,0.6135956048965454,0.22659868001937866,0.9999900460243225,0.5986950993537903,0.22719593346118927,0.9999949932098389,0.6548277139663696,0.2920509874820709,0.9996057748794556,0.5524714589118958,0.29359981417655945,0.9999862909317017,0.6511370539665222,0.37904661893844604,0.5141316056251526,0.5499579906463623,0.3847014009952545,0.9795969128608704,0.6561771035194397,0.4592921733856201,0.3879842460155487,0.5441521406173706,0.46939119696617126,0.9466910362243652,0.6558017134666443,0.4826006293296814,0.34289759397506714,0.5421599745750427,0.493978887796402,0.9014053344726562,0.6537638902664185,0.4858478605747223,0.36227163672447205,0.5496789813041687,0.49410560727119446,0.9086966514587402,0.651482880115509,0.47715404629707336,0.3582792580127716,0.5523144602775574,0.4864172637462616,0.8975501656532288,0.6290807723999023,0.45942237973213196,0.9992135763168335,0.5778699517250061,0.4564647674560547,0.9998863935470581,0.5975562930107117,0.5853657126426697,0.7946587800979614,0.6086410880088806,0.5876962542533875,0.950821042060852,0.5441099405288696,0.6951428651809692,0.9446101188659668,0.6565573215484619,0.7077994346618652,0.9827731251716614,0.5280202031135559,0.7174383997917175,0.8854271173477173,0.6682866811752319,0.7266753315925598,0.9078474044799805,0.5768179297447205,0.7241771221160889,0.942535400390625,0.6361234784126282,0.7391512393951416,0.9767088890075684
8,0.6085777878761292,0.2146366685628891,0.999996542930603,0.6140838861465454,0.20580051839351654,0.9999885559082031,0.6178134083747864,0.20585791766643524,0.9999839067459106,0.6218646764755249,0.20592914521694183,0.9999821782112122,0.6011711359024048,0.20638170838356018,0.9999919533729553,0.5959184765815735,0.20694632828235626,0.999991238117218,0.5908136367797852,0.20769348740577698,0.999993085861206,0.6260675191879272,0.21275955438613892,0.9999322295188904,0.5829482078552246,0.21611355245113373,0.9999878406524658,0.6154162287712097,0.2278447300195694,0.9999904632568359,0.5999458432197571,0.22869552671909332,0.9999951124191284,0.6570303440093994,0.29269376397132874,0.9996302127838135,0.5543681383132935,0.2937365770339966,0.9999863505363464,0.654679536819458,0.3793041706085205,0.541023313999176,0.5527134537696838,0.38470569252967834,0.9793779253959656,0.6617461442947388,0.4592481851577759,0.4168485999107361,0.5462507009506226,0.4693724811077118,0.9466704726219177,0.660485029220581,0.48218947649002075,0.3676041066646576,0.5437762141227722,0.49394935369491577,0.9014438986778259,0.658876359462738,0.4843484163284302,0.38702189922332764,0.551078736782074,0.49394547939300537,0.9087569117546082,0.6571511030197144,0.47626984119415283,0.3815540373325348,0.5539231896400452,0.48626425862312317,0.8974620699882507,0.6312417984008789,0.45996376872062683,0.9992356896400452,0.5799338221549988,0.4570970833301544,0.9998863935470581,0.5991064310073853,0.5862336158752441,0.7958904504776001,0.6101532578468323,0.5883387923240662,0.9505859017372131,0.5457140803337097,0.695486307144165,0.9449019432067871,0.6576747894287109,0.708698034286499,0.9824718236923218,0.5295198559761047,0.7171420454978943,0.8853117227554321,0.6694846153259277,0.7272481322288513,0.9080374836921692,0.5797077417373657,0.7252418398857117,0.9424827694892883,0.6357364058494568,0.7387524247169495,0.9765161275863647
9,0.6093599796295166,0.21576300263404846,0.9999966025352478,0.6148155331611633,0.20680958032608032,0.9999887347221375,0.6187713742256165,0.20682303607463837,0.9999841451644897,0.6224170923233032,0.2068173587322235,0.9999825358390808,0.6018041968345642,0.2075432389974594,0.9999920725822449,0.5966466069221497,0.2081628441810608,0.9999912977218628,0.5915718674659729,0.20909881591796875,0.9999931454658508,0.6270433664321899,0.213789701461792,0.9999337792396545,0.5843230485916138,0.21763697266578674,0.9999879002571106,0.6166817545890808,0.22867192327976227,0.999990701675415,0.6008968949317932,0.22973813116550446,0.9999951720237732,0.6583371758460999,0.2933136820793152,0.9996466636657715,0.5557237267494202,0.2942681312561035,0.9999866485595703,0.6548615097999573,0.37955421209335327,0.5590891242027283,0.5538111925125122,0.3851736783981323,0.9795643091201782,0.6613841652870178,0.45909830927848816,0.4335835874080658,0.5476332902908325,0.4697452187538147,0.9474270343780518,0.6610044836997986,0.4820427894592285,0.3812766671180725,0.545194685459137,0.4945657551288605,0.9025980234146118,0.6594962477684021,0.48422080278396606,0.40075424313545227,0.552645206451416,0.4946081042289734,0.9098310470581055,0.657211422920227,0.47622156143188477,0.39441826939582825,0.5554930567741394,0.4867722690105438,0.8984609246253967,0.6332033276557922,0.46027955412864685,0.9992488026618958,0.5818768739700317,0.4574632942676544,0.9998869895935059,0.6004049777984619,0.5865451097488403,0.7964937090873718,0.6113466024398804,0.5888543725013733,0.9503341317176819,0.547270655632019,0.6956765651702881,0.9450822472572327,0.658589780330658,0.7096647620201111,0.9821731448173523,0.5311316847801208,0.7171636819839478,0.885175347328186,0.6702567338943481,0.7285053730010986,0.9080461859703064,0.5825526118278503,0.7266956567764282,0.9423553347587585,0.635465681552887,0.7391170263290405,0.976294219493866
10,0.6099207401275635,0.21712209284305573,0.9999967813491821,0.6148768067359924,0.20793549716472626,0.9999892711639404,0.6190282106399536,0.2079172134399414,0.9999849200248718,0.6224094033241272,0.20790350437164307,0.9999834299087524,0.6023558974266052,0.20892950892448425,0.9999924302101135,0.597274899482727,0.209800124168396,0.9999916553497314,0.5921767950057983,0.21089786291122437,0.9999934434890747,0.6266449093818665,0.2148919403553009,0.999937117099762,0.5846989750862122,0.2193746417760849,0.9999883770942688,0.617270827293396,0.229897141456604,0.9999911785125732,0.6014655828475952,0.23130682110786438,0.9999954104423523,0.6584590673446655,0.29410600662231445,0.9996659159660339,0.5563821196556091,0.29500821232795715,0.9999871253967285,0.6549103856086731,0.3803819417953491,0.5759929418563843,0.55417799949646,0.3862442374229431,0.9799808263778687,0.6614850163459778,0.4602818787097931,0.45115697383880615,0.5482112169265747,0.4703311026096344,0.9484764337539673,0.6607393622398376,0.4830344617366791,0.3959622085094452,0.5459737777709961,0.4952888786792755,0.904197096824646,0.6590871810913086,0.485296368598938,0.41562262177467346,0.5534992814064026,0.49560055136680603,0.9113097786903381,0.6568711996078491,0.4772537648677826,0.4083728790283203,0.5562403202056885,0.48748156428337097,0.8999162316322327,0.633222222328186,0.4606344401836395,0.9992694854736328,0.5825177431106567,0.45797255635261536,0.9998903274536133,0.6008082628250122,0.5866782069206238,0.7970110177993774,0.6122468709945679,0.5889711380004883,0.9506937861442566,0.5477169752120972,0.6957311630249023,0.9454091191291809,0.6588619947433472,0.7100258469581604,0.9822016954421997,0.5315910577774048,0.7172452211380005,0.8855466246604919,0.6704707741737366,0.7290438413619995,0.9081807732582092,0.5848391056060791,0.7277653813362122,0.9426449537277222,0.63539719581604,0.7391634583473206,0.9763413071632385
11,0.6102774739265442,0.21769210696220398,0.9999969601631165,0.6148753762245178,0.2084602564573288,0.9999898672103882,0.6191481351852417,0.20842334628105164,0.9999858140945435,0.6225962042808533,0.20844204723834991,0.9999844431877136,0.6025960445404053,0.20948873460292816,0.999992847442627,0.5975382924079895,0.2104492336511612,0.9999921321868896,0.5924603939056396,0.21160902082920074,0.9999938011169434,0.6264667510986328,0.21548089385032654,0.999940812587738,0.5847103595733643,0.22020123898983002,0.9999889731407166,0.6175585985183716,0.23047944903373718,0.9999917149543762,0.6015862822532654,0.23194612562656403,0.9999956488609314,0.6579283475875854,0.2949879467487335,0.9996885657310486,0.5568656325340271,0.29519397020339966,0.999987781047821,0.6548597812652588,0.38138288259506226,0.5961413383483887,0.5545605421066284,0.3866376578807831,0.9809136986732483,0.6606242656707764,0.46135759353637695,0.4782123267650604,0.5487600564956665,0.4707726836204529,0.9508681297302246,0.6602838635444641,0.4841473400592804,0.4200267791748047,0.5463111400604248,0.4959010183811188,0.908062219619751,0.6579066514968872,0.4861145317554474,0.43975991010665894,0.5542582869529724,0.496255099773407,0.9148556590080261,0.6557525992393494,0.4780251681804657,0.43114173412323,0.5570763945579529,0.48794639110565186,0.90352863073349,0.6324722170829773,0.4609447121620178,0.9993023872375488,0.5825664401054382,0.4589027762413025,0.9998955130577087,0.6010762453079224,0.5868173241615295,0.7986575961112976,0.6124654412269592,0.5892924666404724,0.9521429538726807,0.5479090213775635,0.695923924446106,0.9463374614715576,0.6585768461227417,0.7102402448654175,0.9825981259346008,0.5318886041641235,0.7172529697418213,0.8870905637741089,0.6700922846794128,0.7294731140136719,0.9096733331680298,0.5856844782829285,0.7285695672035217,0.9437271356582642,0.6355600357055664,0.7390111088752747,0.9768471717834473
12,0.6102206110954285,0.21771711111068726,0.999997079372406,0.6145716905593872,0.20860181748867035,0.9999902844429016,0.6187708377838135,0.20859315991401672,0.9999864101409912,0.6224150657653809,0.20866957306861877,0.9999850988388062,0.6023957133293152,0.20952510833740234,0.999993085861206,0.5973455905914307,0.2104266881942749,0.9999924302101135,0.5922951698303223,0.21155066788196564,0.9999939799308777,0.626128613948822,0.21562068164348602,0.9999433755874634,0.5844911932945251,0.22027453780174255,0.9999893307685852,0.6174758076667786,0.2306084930896759,0.9999921321868896,0.6015954613685608,0.23200811445713043,0.9999958276748657,0.6575331687927246,0.2953207790851593,0.9997087717056274,0.5569378733634949,0.295205682516098,0.999988317489624,0.6542431712150574,0.3816411793231964,0.6130881309509277,0.5546197891235352,0.3866027295589447,0.9816135168075562,0.6600992679595947,0.4611557424068451,0.5007981061935425,0.5483277440071106,0.47068291902542114,0.9525667428970337,0.6602519750595093,0.4839727580547333,0.44015684723854065,0.5458087921142578,0.4958464801311493,0.910787045955658,0.6577965021133423,0.4859975278377533,0.45995667576789856,0.5536679029464722,0.49622976779937744,0.9173551797866821,0.6556244492530823,0.4779268801212311,0.45055636763572693,0.5565284490585327,0.48792725801467896,0.9061170220375061,0.6317995190620422,0.46095919609069824,0.9993273019790649,0.5821202993392944,0.45908427238464355,0.9998984932899475,0.6009630560874939,0.5868610739707947,0.797654926776886,0.6124756336212158,0.5892789363861084,0.952852189540863,0.5478227734565735,0.6963808536529541,0.9467417597770691,0.6582822799682617,0.7101003527641296,0.9825944304466248,0.5317063927650452,0.7180236577987671,0.8877604603767395,0.6678658723831177,0.7295008897781372,0.9102320075035095,0.5871611833572388,0.729392409324646,0.944067120552063,0.635623037815094,0.7388069033622742,0.9768535494804382
13,0.6099323630332947,0.2175493836402893,0.9999971985816956,0.6142075657844543,0.20846447348594666,0.9999906420707703,0.6182880401611328,0.20846857130527496,0.9999868869781494,0.6219886541366577,0.20856310427188873,0.9999856352806091,0.6020567417144775,0.20935474336147308,0.9999932646751404,0.5970020294189453,0.21025030314922333,0.9999926686286926,0.5920077562332153,0.2113955169916153,0.9999940991401672,0.6256303191184998,0.21550355851650238,0.999945342540741,0.5841465592384338,0.22015602886676788,0.9999895691871643,0.6171056032180786,0.23045766353607178,0.9999924898147583,0.6013518571853638,0.2318265736103058,0.9999960064888,0.6568937301635742,0.2952590882778168,0.9997262358665466,0.5565303564071655,0.294879674911499,0.9999887347221375,0.6532410383224487,0.3815814256668091,0.627223551273346,0.5543361306190491,0.385162353515625,0.9820111393928528,0.6593972444534302,0.46112391352653503,0.519525408744812,0.5477250218391418,0.4688999056816101,0.9531306028366089,0.6597025394439697,0.4839508533477783,0.4571155607700348,0.5452347993850708,0.4944637417793274,0.9118308424949646,0.6570934057235718,0.48592284321784973,0.4770653545856476,0.5530052185058594,0.4948056936264038,0.9182791113853455,0.6549158096313477,0.4778958559036255,0.46683236956596375,0.5558927059173584,0.48675182461738586,0.90706467628479,0.6313822865486145,0.4606606364250183,0.9993482828140259,0.5819042325019836,0.458814412355423,0.9999016523361206,0.6012564301490784,0.5849964022636414,0.800407350063324,0.612118124961853,0.587033748626709,0.9548506140708923,0.5479522943496704,0.695402979850769,0.9482293725013733,0.6534489393234253,0.7075201869010925,0.9832260012626648,0.5318301320075989,0.7167934775352478,0.8906941413879395,0.6609237194061279,0.7275952696800232,0.9118903279304504,0.5868878364562988,0.7292040586471558,0.9456983804702759,0.636028528213501,0.7355549335479736,0.9776014685630798
14,0.6096445918083191,0.2123662680387497,0.9999971389770508,0.6140256524085999,0.2029227763414383,0.9999905228614807,0.6178656220436096,0.20300137996673584,0.9999867677688599,0.6214016675949097,0.20315197110176086,0.9999855756759644,0.6017826795578003,0.2040453553199768,0.9999930262565613,0.5967642068862915,0.205166757106781,0.9999924302101135,0.5917203426361084,0.20679247379302979,0.9999938011169434,0.6255742907524109,0.21103593707084656,0.9999450445175171,0.5838372707366943,0.21504230797290802,0.9999892115592957,0.6167983412742615,0.22475868463516235,0.9999926686286926,0.6010600924491882,0.22642813622951508,0.9999960064888,0.6563760638237,0.292494535446167,0.9997451901435852,0.5563675165176392,0.2917659282684326,0.999988853931427,0.6524309515953064,0.3777148723602295,0.6402990818023682,0.5546377897262573,0.38159066438674927,0.9821895956993103,0.6596797108650208,0.4551727771759033,0.5444821715354919,0.5473262071609497,0.46463742852211,0.9537861943244934,0.6609141230583191,0.47934582829475403,0.4814147353172302,0.5448280572891235,0.48962822556495667,0.9132946133613586,0.6587435007095337,0.48049837350845337,0.5012653470039368,0.5528020858764648,0.4897517263889313,0.919567346572876,0.6562292575836182,0.47291913628578186,0.49005326628685,0.5557524561882019,0.48197677731513977,0.9082464575767517,0.6303185224533081,0.45769819617271423,0.999380886554718,0.5816739797592163,0.45641037821769714,0.9999037384986877,0.6009093523025513,0.5833057165145874,0.8017110228538513,0.6118289232254028,0.5825661420822144,0.9567246437072754,0.5478647947311401,0.6928277611732483,0.9493016600608826,0.6464148759841919,0.7008142471313477,0.9837192893028259,0.5317353010177612,0.7124667763710022,0.8931291699409485,0.6518474817276001,0.7199333906173706,0.9142377972602844,0.5868517756462097,0.7290675640106201,0.9468682408332825,0.6678674221038818,0.7361422181129456,0.9782963395118713
15,0.6089654564857483,0.20407038927078247,0.9999971985816956,0.613433301448822,0.1955426037311554,0.9999908804893494,0.6167964339256287,0.19546648859977722,0.9999872446060181,0.6196632981300354,0.19563783705234528,0.9999861121177673,0.6008458137512207,0.19721341133117676,0.9999932050704956,0.5957279205322266,0.1982666701078415,0.9999926090240479,0.5910120606422424,0.1993720978498459,0.9999939203262329,0.6245234608650208,0.20305243134498596,0.9999472498893738,0.583124577999115,0.20713943243026733,0.9999895095825195,0.6165703535079956,0.2159670889377594,0.9999930262565613,0.6000568866729736,0.21729344129562378,0.9999961256980896,0.6555390954017639,0.285605251789093,0.9997632503509521,0.5561047196388245,0.2843364179134369,0.9999889135360718,0.651954710483551,0.3727072775363922,0.6513646245002747,0.5543296933174133,0.37626880407333374,0.9822763800621033,0.6598725914955139,0.4491122364997864,0.5642400979995728,0.5464459657669067,0.46017155051231384,0.9536722898483276,0.6612187027931213,0.47183939814567566,0.4996374845504761,0.5445532202720642,0.4837801158428192,0.9131942987442017,0.6591455340385437,0.47250497341156006,0.5194963812828064,0.5515838265419006,0.4834303557872772,0.9193887710571289,0.656435489654541,0.46521908044815063,0.5074399709701538,0.5542767643928528,0.4763037860393524,0.9078391194343567,0.6285828948020935,0.45153042674064636,0.999413013458252,0.5812626481056213,0.4497256875038147,0.9999058842658997,0.6007890105247498,0.5780285000801086,0.8044350147247314,0.6113283634185791,0.575225293636322,0.9582144618034363,0.5482521057128906,0.6881471872329712,0.9500799775123596,0.6408266425132751,0.6985218524932861,0.9841575622558594,0.5330016016960144,0.7042979001998901,0.8949712514877319,0.645139753818512,0.7161391973495483,0.9156261682510376,0.5866714119911194,0.7284285426139832,0.9476145505905151,0.6531733870506287,0.7331056594848633,0.9788482785224915
16,0.6076090931892395,0.19598634541034698,0.9999971389770508,0.6113436818122864,0.18658943474292755,0.999990701675415,0.6148341298103333,0.18649044632911682,0.9999871253967285,0.6171720027923584,0.1866612732410431,0.9999860525131226,0.5992140173912048,0.1885976344347,0.9999929070472717,0.5942485928535461,0.18999043107032776,0.999992311000824,0.5897455215454102,0.19142849743366241,0.9999935626983643,0.6215043663978577,0.19441714882850647,0.9999476075172424,0.5819709897041321,0.19883622229099274,0.9999890327453613,0.6158021092414856,0.20789146423339844,0.999993085861206,0.5991737842559814,0.20908792316913605,0.9999960064888,0.6540217399597168,0.2772311866283417,0.9997782707214355,0.5557985305786133,0.27465564012527466,0.9999883770942688,0.6516613364219666,0.36311477422714233,0.6608976125717163,0.5541372299194336,0.36783191561698914,0.981820285320282,0.6596800684928894,0.43794339895248413,0.5802923440933228,0.5454990863800049,0.4502241313457489,0.9510930776596069,0.6608942151069641,0.4600405693054199,0.5144498348236084,0.5443089604377747,0.4740355908870697,0.9092768430709839,0.6592720746994019,0.4604702293872833,0.5344845056533813,0.5501047968864441,0.47324439883232117,0.9155996441841125,0.6564910411834717,0.45286670327186584,0.5213930010795593,0.552324652671814,0.46617746353149414,0.9036339521408081,0.6275849938392639,0.44276490807533264,0.9994245171546936,0.580614447593689,0.4416467547416687,0.9999027252197266,0.6001999378204346,0.568168580532074,0.8074820637702942,0.6112918257713318,0.566551685333252,0.9590059518814087,0.5489932298660278,0.6810378432273865,0.9508548378944397,0.6345864534378052,0.6954041123390198,0.9843495488166809,0.5345393419265747,0.695404589176178,0.896255612373352,0.6379234194755554,0.7106717228889465,0.9157702326774597,0.5832673907279968,0.7241806983947754,0.9481157660484314,0.6329887509346008,0.7330910563468933,0.9790158867835999
17,0.6057415008544922,0.18896564841270447,0.9999969005584717,0.6091200709342957,0.1802528351545334,0.9999899864196777,0.6127945184707642,0.1802440583705902,0.9999861717224121,0.6152631640434265,0.18041059374809265,0.9999850988388062,0.5971788167953491,0.18189896643161774,0.9999922513961792,0.592272162437439,0.183003231883049,0.9999915957450867,0.5876465439796448,0.18401959538459778,0.999992847442627,0.618718147277832,0.18717384338378906,0.9999447464942932,0.5802019238471985,0.19124075770378113,0.9999880790710449,0.614072322845459,0.200997993350029,0.9999927282333374,0.5976498126983643,0.20243939757347107,0.9999955296516418,0.6505016088485718,0.2684841752052307,0.9997856020927429,0.5550423264503479,0.26608550548553467,0.9999876022338867,0.6493273973464966,0.3546569049358368,0.6556849479675293,0.5539973974227905,0.36037757992744446,0.981454610824585,0.65888512134552,0.4300476610660553,0.5809848308563232,0.5447866320610046,0.4418245851993561,0.9495164752006531,0.6604674458503723,0.45272111892700195,0.5147377252578735,0.5439476370811462,0.46600523591041565,0.9068551063537598,0.6592206954956055,0.45425331592559814,0.5350602865219116,0.5487809777259827,0.46534064412117004,0.9131448268890381,0.6563340425491333,0.4462241232395172,0.5215867757797241,0.5506864190101624,0.45826783776283264,0.9007008671760559,0.6254450678825378,0.4357738792896271,0.9994211196899414,0.5797063112258911,0.4348765015602112,0.9998932480812073,0.5995436906814575,0.5629621148109436,0.8068140149116516,0.6091146469116211,0.561901330947876,0.959075391292572,0.5496647953987122,0.6780223250389099,0.9498412013053894,0.6284915804862976,0.6888314485549927,0.9841776490211487,0.5345337986946106,0.6914779543876648,0.8951480984687805,0.6296194791793823,0.7039040327072144,0.9143373370170593,0.5830166935920715,0.7235979437828064,0.9471275806427002,0.6259995102882385,0.7327937483787537,0.9787805080413818
18,0.601533830165863,0.18432678282260895,0.9999964833259583,0.60601407289505,0.17561005055904388,0.9999886751174927,0.6100165247917175,0.1756875365972519,0.9999845027923584,0.6132231950759888,0.1758851408958435,0.9999834299087524,0.5931971073150635,0.17629185318946838,0.9999909400939941,0.5881620049476624,0.1769096851348877,0.9999901652336121,0.5833868980407715,0.17773550748825073,0.9999915361404419,0.6164785623550415,0.18228162825107574,0.9999385476112366,0.577036440372467,0.18558970093727112,0.9999858140945435,0.6099061965942383,0.1966380625963211,0.9999919533729553,0.5926285982131958,0.19807304441928864,0.999994695186615,0.6469923257827759,0.26331451535224915,0.9997921586036682,0.5525239109992981,0.2619193494319916,0.9999860525131226,0.6462790966033936,0.3494282364845276,0.6553521752357483,0.5522962212562561,0.3562452495098114,0.9799848198890686,0.6558124423027039,0.42288482189178467,0.5845671892166138,0.5417598485946655,0.4379444420337677,0.9458271265029907,0.6569838523864746,0.4461103677749634,0.5175948739051819,0.541096568107605,0.4621592164039612,0.9019359946250916,0.6561611294746399,0.4478915333747864,0.5383762121200562,0.5452531576156616,0.46131980419158936,0.9084100127220154,0.6537577509880066,0.4400476813316345,0.5240354537963867,0.5471934080123901,0.4543757140636444,0.8951711654663086,0.6231310367584229,0.4293166399002075,0.9994255900382996,0.5776478052139282,0.4285070300102234,0.9998853206634521,0.598456084728241,0.5602214336395264,0.8115189671516418,0.6065236330032349,0.5575308799743652,0.9592458605766296,0.5504072308540344,0.6763449907302856,0.9504866600036621,0.6244088411331177,0.6825926303863525,0.9840738773345947,0.5350686311721802,0.6891816258430481,0.894817590713501,0.6254909038543701,0.6956826448440552,0.911419153213501,0.5829781293869019,0.7228832840919495,0.9473768472671509,0.6198528409004211,0.7315272092819214,0.9786819219589233
19,0.5967605710029602,0.1816221922636032,0.999995768070221,0.6011756658554077,0.17301498353481293,0.9999862909317017,0.6050029397010803,0.17298318445682526,0.9999815225601196,0.6086763739585876,0.17324082553386688,0.9999804496765137,0.588196337223053,0.17432986199855804,0.999988853931427,0.5830864906311035,0.17520463466644287,0.9999879598617554,0.5791741013526917,0.17598411440849304,0.9999896883964539,0.6125813126564026,0.17913727462291718,0.9999266862869263,0.5726085901260376,0.18360069394111633,0.9999818801879883,0.6050182580947876,0.1944590061903,0.9999907612800598,0.5877625346183777,0.19639600813388824,0.9999938011169434,0.6445320844650269,0.26169273257255554,0.9997912049293518,0.5474607348442078,0.2623750567436218,0.9999844431877136,0.6442758440971375,0.34826165437698364,0.6594235301017761,0.5491714477539062,0.3558591306209564,0.9785733222961426,0.652726948261261,0.4240635335445404,0.5854592323303223,0.5373433232307434,0.4391954243183136,0.9416783452033997,0.651638925075531,0.4473262429237366,0.5176070928573608,0.5359079837799072,0.4624316692352295,0.8965184688568115,0.6512883901596069,0.4486650228500366,0.5385298132896423,0.5407524108886719,0.46162304282188416,0.9032506346702576,0.6496344804763794,0.44092893600463867,0.5234888792037964,0.5431294441223145,0.4549582302570343,0.8892036080360413,0.6219635605812073,0.4275643527507782,0.9994281530380249,0.5753085017204285,0.4271203279495239,0.9998830556869507,0.5970883965492249,0.5584902167320251,0.8205933570861816,0.6034857630729675,0.5567866563796997,0.9607282876968384,0.550776481628418,0.6736316680908203,0.9527782201766968,0.6223887205123901,0.6816497445106506,0.984570324420929,0.5355905890464783,0.6860936284065247,0.8969740271568298,0.6245584487915039,0.6937304735183716,0.9108903408050537,0.5794376134872437,0.7201189398765564,0.9493648409843445,0.6166467070579529,0.7316123843193054,0.979259192943573
20,0.5905973315238953,0.18007273972034454,0.9999950528144836,0.595234215259552,0.17145559191703796,0.9999839663505554,0.5997125506401062,0.17144016921520233,0.9999789595603943,0.6035821437835693,0.17167654633522034,0.9999778866767883,0.5824963450431824,0.17242664098739624,0.9999866485595703,0.5781694054603577,0.17302487790584564,0.9999856352806091,0.5748757123947144,0.17357435822486877,0.9999876618385315,0.6082342863082886,0.17738471925258636,0.9999183416366577,0.5682258605957031,0.18157222867012024,0.9999772310256958,0.5991656184196472,0.1933099776506424,0.9999895691871643,0.5821117162704468,0.19485168159008026,0.9999927282333374,0.640828013420105,0.26104146242141724,0.9997870326042175,0.5416232347488403,0.26190444827079773,0.9999814629554749,0.6399522423744202,0.3474087715148926,0.6644874811172485,0.5445461869239807,0.35375335812568665,0.9751520156860352,0.6474865674972534,0.4242010712623596,0.5801536440849304,0.5312698483467102,0.43945443630218506,0.932532012462616,0.6467873454093933,0.44693616032600403,0.5119324326515198,0.5288949012756348,0.46156081557273865,0.8849900960922241,0.6462351679801941,0.44799384474754333,0.5326056480407715,0.5335882902145386,0.46111294627189636,0.8924129009246826,0.6442805528640747,0.44059693813323975,0.5173697471618652,0.5365556478500366,0.45480307936668396,0.8778291344642639,0.6182740926742554,0.4246157705783844,0.9994235634803772,0.5708087682723999,0.42522168159484863,0.9998779296875,0.5949703454971313,0.5560800433158875,0.8286009430885315,0.598626434803009,0.5560992956161499,0.9612216353416443,0.5507287979125977,0.6711783409118652,0.9546200037002563,0.6216278672218323,0.6794487833976746,0.9847519993782043,0.5355513691902161,0.6841113567352295,0.8968483209609985,0.6254321932792664,0.6914833784103394,0.9088022112846375,0.5725480318069458,0.7175132632255554,0.9507263898849487,0.6159566640853882,0.73039710521698,0.979475736618042
21,0.585058867931366,0.17944495379924774,0.9999943375587463,0.5897005796432495,0.17047128081321716,0.9999818801879883,0.5946239829063416,0.17055077850818634,0.9999767541885376,0.5989657640457153,0.17076222598552704,0.9999756813049316,0.5770617723464966,0.17124463617801666,0.9999846816062927,0.573664665222168,0.17193542420864105,0.999983549118042,0.56963711977005,0.1728174090385437,0.9999858736991882,0.604027509689331,0.17776988446712494,0.9999119639396667,0.5631371140480042,0.1819411665201187,0.9999731779098511,0.5946096777915955,0.192783921957016,0.9999879598617554,0.5767616629600525,0.19413702189922333,0.9999913573265076,0.637071967124939,0.2607012689113617,0.9997692704200745,0.5355424284934998,0.26266321539878845,0.9999760389328003,0.6343861818313599,0.34779876470565796,0.659355878829956,0.5395933985710144,0.3542938530445099,0.9695331454277039,0.6405134201049805,0.4234001040458679,0.5583338141441345,0.526642382144928,0.4393914043903351,0.9174807071685791,0.6399186849594116,0.44586631655693054,0.4924224317073822,0.526319682598114,0.46208655834198,0.8666763305664062,0.6399176120758057,0.4473820924758911,0.5126263499259949,0.5312210917472839,0.4620630443096161,0.8752214908599854,0.6379566788673401,0.4396951496601105,0.49835988879203796,0.5337177515029907,0.4555070698261261,0.8605207800865173,0.6136066913604736,0.4259435832500458,0.9994093775749207,0.5634064078330994,0.42532190680503845,0.9998692870140076,0.5897242426872253,0.5573250651359558,0.8375319242477417,0.5943931341171265,0.556430459022522,0.9617285132408142,0.549182653427124,0.671815037727356,0.9569612741470337,0.620863676071167,0.6810307502746582,0.9850646257400513,0.5354769229888916,0.6852350234985352,0.897671103477478,0.6245103478431702,0.693524181842804,0.9072669148445129,0.5672207474708557,0.716212809085846,0.9525443315505981,0.6141738891601562,0.7304615378379822,0.9798340797424316
22,0.5808064937591553,0.18073105812072754,0.9999932646751404,0.5853679776191711,0.171395942568779,0.9999788403511047,0.5901890397071838,0.17140606045722961,0.999973475933075,0.5947333574295044,0.17158588767051697,0.9999725222587585,0.5727967023849487,0.17253494262695312,0.9999816417694092,0.5696688890457153,0.17346802353858948,0.9999802708625793,0.5650453567504883,0.17453426122665405,0.999983012676239,0.5994919538497925,0.17895406484603882,0.9999019503593445,0.5588670372962952,0.183248832821846,0.9999666213989258,0.5903218388557434,0.19390451908111572,0.9999858736991882,0.5724992156028748,0.1951504647731781,0.9999894499778748,0.6330118179321289,0.2605644762516022,0.9997594952583313,0.529763400554657,0.2637193202972412,0.999969482421875,0.6306436061859131,0.34758317470550537,0.6578680872917175,0.5343071818351746,0.3544500470161438,0.9636990427970886,0.6363128423690796,0.42182037234306335,0.5433101058006287,0.5225248336791992,0.4383971393108368,0.9004321098327637,0.6360220909118652,0.44449707865715027,0.4786229431629181,0.5231773853302002,0.46098771691322327,0.8462377190589905,0.6362075209617615,0.4458508789539337,0.49858805537223816,0.5281359553337097,0.4613018035888672,0.8559372425079346,0.6341171264648438,0.4381163716316223,0.4847145080566406,0.5302512049674988,0.4548666179180145,0.8410335779190063,0.6090152263641357,0.4260854423046112,0.9993904829025269,0.558655858039856,0.42513418197631836,0.9998581409454346,0.5852047204971313,0.5579119324684143,0.8438560962677002,0.5904534459114075,0.5567800998687744,0.9614758491516113,0.545203685760498,0.6718841791152954,0.9584526419639587,0.6178111433982849,0.6821050643920898,0.985002875328064,0.5317242741584778,0.6858033537864685,0.8952706456184387,0.6220178604125977,0.6950049996376038,0.903224766254425,0.5666221380233765,0.7167237401008606,0.9533715844154358,0.6094812750816345,0.7305296063423157,0.9797349572181702
23,0.5756794810295105,0.18245641887187958,0.9999926090240479,0.5801849961280823,0.17320385575294495,0.9999768733978271,0.5846003890037537,0.17316465079784393,0.9999709725379944,0.5893670320510864,0.17328962683677673,0.9999698400497437,0.5681226253509521,0.1744215190410614,0.9999801516532898,0.5646876692771912,0.17528703808784485,0.9999786019325256,0.5598493218421936,0.17632625997066498,0.9999818205833435,0.5945097804069519,0.18025851249694824,0.9998928308486938,0.5543690323829651,0.1848650425672531,0.9999640583992004,0.5851050615310669,0.19561009109020233,0.9999837279319763,0.5681325793266296,0.19685634970664978,0.9999880790710449,0.6267822980880737,0.2605351209640503,0.9997267127037048,0.5255383253097534,0.26446962356567383,0.9999672174453735,0.6208529472351074,0.3456931412220001,0.6358499526977539,0.5251988172531128,0.3546670973300934,0.9628198742866516,0.626463770866394,0.42282599210739136,0.5130536556243896,0.5167402625083923,0.4386151134967804,0.8963285684585571,0.6257036924362183,0.4452686309814453,0.45265090465545654,0.5172669887542725,0.4611704647541046,0.8394529223442078,0.6256539225578308,0.4471437335014343,0.47182342410087585,0.5232884287834167,0.4615798890590668,0.8494608402252197,0.6223859190940857,0.4393598735332489,0.45941102504730225,0.5251189470291138,0.45496460795402527,0.8343665599822998,0.6040998697280884,0.4267350137233734,0.9993565678596497,0.5542447566986084,0.42597588896751404,0.9998461008071899,0.5806408524513245,0.5582495331764221,0.8460935354232788,0.586428165435791,0.5568869709968567,0.9608298540115356,0.5399249792098999,0.6719297766685486,0.9588395357131958,0.614021897315979,0.6822612285614014,0.9846788644790649,0.5247742533683777,0.6860637664794922,0.8908888101577759,0.6186163425445557,0.6949411630630493,0.8989017605781555,0.5607213973999023,0.7170776128768921,0.953215479850769,0.6055324077606201,0.7304924726486206,0.9793630838394165
24,0.5706717371940613,0.1834448128938675,0.9999920725822449,0.5754392147064209,0.1742759644985199,0.9999750852584839,0.579647421836853,0.1742129623889923,0.9999688863754272,0.5845308899879456,0.1743128001689911,0.9999675750732422,0.5633447170257568,0.17551285028457642,0.99997878074646,0.5591493248939514,0.17635002732276917,0.999977171421051,0.5544582605361938,0.17737078666687012,0.9999808669090271,0.5900564193725586,0.18110881745815277,0.9998856782913208,0.5486506819725037,0.1858012080192566,0.9999616146087646,0.5798265933990479,0.19661854207515717,0.9999818205833435,0.563230574131012,0.19780555367469788,0.9999869465827942,0.621995210647583,0.26020118594169617,0.9996987581253052,0.5195390582084656,0.26503705978393555,0.9999648928642273,0.6149939298629761,0.34550607204437256,0.6187995672225952,0.5190923810005188,0.35556504130363464,0.9611545205116272,0.6178954243659973,0.4233059883117676,0.48320436477661133,0.5117899775505066,0.43956878781318665,0.8894132971763611,0.6160764694213867,0.4462314546108246,0.42691630125045776,0.5123249888420105,0.46242454648017883,0.8292786478996277,0.6154342889785767,0.44825851917266846,0.44511955976486206,0.5182256698608398,0.4627407491207123,0.839780330657959,0.6133682727813721,0.4403012990951538,0.4339388310909271,0.5199975371360779,0.4560084342956543,0.824463427066803,0.6009438633918762,0.42675021290779114,0.9993305206298828,0.5506727695465088,0.4260915517807007,0.9998370409011841,0.5775230526924133,0.5583926439285278,0.8508487343788147,0.5820364356040955,0.5569148063659668,0.9606687426567078,0.5342764258384705,0.6714284420013428,0.9599296450614929,0.6101937890052795,0.6825883388519287,0.9846674799919128,0.5179454684257507,0.6857130527496338,0.8877423405647278,0.6153742671012878,0.6949977278709412,0.8965404629707336,0.5554717183113098,0.7169996500015259,0.9538967609405518,0.600629985332489,0.7305238246917725,0.9794344902038574
25,0.5652056932449341,0.18401144444942474,0.9999912977218628,0.5701957941055298,0.17488595843315125,0.9999724626541138,0.5743836164474487,0.1747971773147583,0.9999657273292542,0.5792787671089172,0.17486827075481415,0.99996417760849,0.5581527352333069,0.17614276707172394,0.9999766945838928,0.5536944270133972,0.17695865035057068,0.9999750852584839,0.5491286516189575,0.17797182500362396,0.9999794363975525,0.5849616527557373,0.18158692121505737,0.9998729228973389,0.5431447625160217,0.18631261587142944,0.9999579787254333,0.5743892192840576,0.1972360610961914,0.9999793767929077,0.558113157749176,0.1983301341533661,0.9999855160713196,0.6166340112686157,0.25991788506507874,0.9996650218963623,0.5145165920257568,0.2655375301837921,0.9999629259109497,0.6086224913597107,0.34543535113334656,0.599236786365509,0.5143483281135559,0.3562048077583313,0.9600952863693237,0.6099262833595276,0.42163848876953125,0.4539196193218231,0.507151186466217,0.4401106536388397,0.884562075138092,0.6083183884620667,0.44545605778694153,0.40203720331192017,0.5068881511688232,0.46307724714279175,0.8219635486602783,0.6077588200569153,0.4474993348121643,0.4192062318325043,0.512759804725647,0.4633277952671051,0.8328002095222473,0.6039164066314697,0.43917927145957947,0.40913060307502747,0.5149437189102173,0.4565172493457794,0.8173651099205017,0.5967690944671631,0.42695507407188416,0.9993182420730591,0.5471479892730713,0.4265909790992737,0.9998319149017334,0.5740756392478943,0.5579700469970703,0.8561490774154663,0.5764352679252625,0.5562978386878967,0.9607625007629395,0.5301527380943298,0.6700523495674133,0.9613363146781921,0.605827271938324,0.6794458627700806,0.9847275018692017,0.5143755078315735,0.6849339008331299,0.8861691951751709,0.6118836998939514,0.6917062997817993,0.8946270942687988,0.5502639412879944,0.7152659893035889,0.9551171660423279,0.5974257588386536,0.7295411229133606,0.9796677827835083
26,0.5590304136276245,0.18431156873703003,0.9999908804893494,0.564223051071167,0.17520825564861298,0.9999708533287048,0.5683609247207642,0.1751025766134262,0.9999638795852661,0.5732477307319641,0.17516209185123444,0.9999621510505676,0.5521740317344666,0.17647913098335266,0.9999755024909973,0.5475637912750244,0.1772812306880951,0.9999738931655884,0.5431552529335022,0.17828437685966492,0.9999786615371704,0.5791676044464111,0.181854709982872,0.9998648166656494,0.5370861887931824,0.18653112649917603,0.9999560117721558,0.5682913661003113,0.19758500158786774,0.9999778866767883,0.5520703196525574,0.19852373003959656,0.9999846816062927,0.6111100316047668,0.2598251700401306,0.9996464848518372,0.5087937116622925,0.26584985852241516,0.999961256980896,0.6043391823768616,0.3443775177001953,0.5865254998207092,0.5087642073631287,0.35664093494415283,0.9597830176353455,0.6065568327903748,0.41957634687423706,0.43235185742378235,0.5028822422027588,0.4404817223548889,0.8822135925292969,0.6042157411575317,0.4442395567893982,0.3833739757537842,0.5022212862968445,0.46350300312042236,0.8178333044052124,0.6035493016242981,0.44626760482788086,0.3998526930809021,0.5080589056015015,0.4636930227279663,0.8288666009902954,0.6014730930328369,0.43750160932540894,0.39081183075904846,0.5103906989097595,0.45683348178863525,0.8135578036308289,0.5925165414810181,0.4269886016845703,0.9993143677711487,0.5422506332397461,0.4270021617412567,0.9998263716697693,0.5682228803634644,0.5578401684761047,0.8613951206207275,0.5714216232299805,0.5563280582427979,0.9607729911804199,0.5260273218154907,0.6693933010101318,0.962709367275238,0.6013652086257935,0.6786839365959167,0.9846847057342529,0.5105852484703064,0.6847631931304932,0.8852701783180237,0.6073436141014099,0.6905781626701355,0.8920161128044128,0.5464838147163391,0.714286744594574,0.9562650322914124,0.5921112298965454,0.7295562624931335,0.979735791683197
27,0.5534259676933289,0.1843579113483429,0.9999907612800598,0.5584592819213867,0.17508649826049805,0.9999703764915466,0.5625295042991638,0.17498286068439484,0.9999632835388184,0.5674147009849548,0.17505031824111938,0.9999614953994751,0.546507716178894,0.17640484869480133,0.9999750852584839,0.5420458316802979,0.1772308498620987,0.999973475933075,0.5374442934989929,0.17826837301254272,0.9999784231185913,0.5732102394104004,0.18182246387004852,0.9998624324798584,0.5315259099006653,0.18651029467582703,0.9999550580978394,0.5625385642051697,0.19761066138744354,0.9999772906303406,0.5464012026786804,0.19846121966838837,0.9999843239784241,0.6060113906860352,0.25968801975250244,0.999636173248291,0.5032649040222168,0.2661055326461792,0.9999596476554871,0.6006665825843811,0.3438256084918976,0.5793938040733337,0.5033010244369507,0.3568684756755829,0.9590629935264587,0.60274338722229,0.4197905659675598,0.41657716035842896,0.49822890758514404,0.44059574604034424,0.8787674307823181,0.5995182394981384,0.4439775347709656,0.3694419860839844,0.4971177279949188,0.46374449133872986,0.8125410676002502,0.5985437631607056,0.44598260521888733,0.3853209912776947,0.5031397938728333,0.4639095366001129,0.8238032460212708,0.5971602201461792,0.43730413913726807,0.37708672881126404,0.5055109858512878,0.45697280764579773,0.8086283802986145,0.5874089002609253,0.42660921812057495,0.9993204474449158,0.5361541509628296,0.42692577838897705,0.9998244047164917,0.5632493495941162,0.556785523891449,0.8665363192558289,0.5661422610282898,0.5555689930915833,0.9611748456954956,0.5220056176185608,0.6691598296165466,0.9641245603561401,0.5965876579284668,0.6780561208724976,0.984838604927063,0.506209135055542,0.6849551796913147,0.8857288956642151,0.6023451089859009,0.6905232667922974,0.8908692002296448,0.5415046215057373,0.7124464511871338,0.9575515985488892,0.5882312059402466,0.7292944192886353,0.979988694190979
28,0.5473534464836121,0.18436717987060547,0.9999902844429016,0.5521725416183472,0.17488598823547363,0.9999685883522034,0.5563111305236816,0.1747092306613922,0.999961256980896,0.5611711144447327,0.1747138351202011,0.9999594688415527,0.5402274131774902,0.17632654309272766,0.999973475933075,0.5358554720878601,0.17717890441417694,0.9999716877937317,0.5313493013381958,0.17825880646705627,0.9999771118164062,0.5670928359031677,0.18135696649551392,0.9998563528060913,0.5253733992576599,0.18639984726905823,0.9999512434005737,0.556516706943512,0.19742560386657715,0.9999759793281555,0.540343701839447,0.1983393281698227,0.9999833106994629,0.6015012860298157,0.25891512632369995,0.9996299743652344,0.4978943169116974,0.26589295268058777,0.9999574422836304,0.5968174934387207,0.3428911864757538,0.5769292116165161,0.49864909052848816,0.3559495210647583,0.9569369554519653,0.6005160808563232,0.42003971338272095,0.40461528301239014,0.4931774437427521,0.4389616549015045,0.8735674619674683,0.597367525100708,0.44416266679763794,0.35909685492515564,0.4927990436553955,0.4619928002357483,0.8055105805397034,0.5962691903114319,0.44607481360435486,0.37447240948677063,0.4990563690662384,0.46212536096572876,0.8171654343605042,0.5947936773300171,0.43733566999435425,0.36653637886047363,0.5010160207748413,0.4554409384727478,0.8017342686653137,0.5829724669456482,0.42576298117637634,0.9993228912353516,0.5308775901794434,0.4264421761035919,0.9998219013214111,0.5591482520103455,0.555654764175415,0.871525764465332,0.5613626837730408,0.5547642707824707,0.9612711071968079,0.5177208185195923,0.6680349707603455,0.9652954339981079,0.5924944877624512,0.6782964468002319,0.9849487543106079,0.5025917887687683,0.6841615438461304,0.8838418126106262,0.5983983278274536,0.690882682800293,0.8897795677185059,0.5319872498512268,0.7096325755119324,0.9586061239242554,0.5834957361221313,0.729318380355835,0.9802656769752502
29,0.5416668057441711,0.1832917332649231,0.9999904036521912,0.5465232729911804,0.17315280437469482,0.9999687671661377,0.550493597984314,0.17298008501529694,0.9999615550041199,0.5554011464118958,0.1729884296655655,0.9999598860740662,0.5346807837486267,0.17482702434062958,0.9999735355377197,0.5302838087081909,0.17590105533599854,0.9999716877937317,0.5256084203720093,0.1770908683538437,0.9999771118164062,0.5609996318817139,0.1799972802400589,0.9998579621315002,0.5197165012359619,0.18538600206375122,0.9999507069587708,0.5507737994194031,0.19599506258964539,0.9999762177467346,0.5346028804779053,0.19719836115837097,0.9999833703041077,0.5968514680862427,0.25791361927986145,0.9996374249458313,0.49214935302734375,0.26537376642227173,0.9999567270278931,0.5942172408103943,0.34301403164863586,0.5837913751602173,0.4929414391517639,0.3546862304210663,0.9561482667922974,0.5987761616706848,0.4203222990036011,0.40465816855430603,0.48765483498573303,0.4377599358558655,0.8725809454917908,0.5973175168037415,0.44455739855766296,0.35833871364593506,0.48721957206726074,0.46116095781326294,0.8038168549537659,0.5951260328292847,0.4464683532714844,0.3736068606376648,0.4937119781970978,0.4611462950706482,0.8156031370162964,0.593141496181488,0.43762174248695374,0.3656747043132782,0.4957627058029175,0.45436227321624756,0.799800455570221,0.5777355432510376,0.42477935552597046,0.9993411302566528,0.5261447429656982,0.4256015419960022,0.9998224377632141,0.5551792979240417,0.5549066662788391,0.8765766620635986,0.5557321906089783,0.5542541146278381,0.9616857767105103,0.5132628083229065,0.6672424674034119,0.9663995504379272,0.5874823331832886,0.6776610016822815,0.9851621985435486,0.4974425733089447,0.6835305094718933,0.88449627161026,0.5939844846725464,0.6903520226478577,0.889410674571991,0.5310715436935425,0.7091852426528931,0.9597250819206238,0.5790942907333374,0.7287489175796509,0.9806270003318787
30,0.53620845079422,0.1818043440580368,0.9999903440475464,0.54108726978302,0.1714664101600647,0.9999684691429138,0.5450946092605591,0.17134152352809906,0.9999611973762512,0.5500100255012512,0.17135126888751984,0.9999595880508423,0.5291481614112854,0.17302405834197998,0.9999731779098511,0.5249517560005188,0.1741453856229782,0.9999712109565735,0.5200783014297485,0.17539137601852417,0.9999767541885376,0.5552335381507874,0.17860576510429382,0.9998567700386047,0.5143553614616394,0.18389670550823212,0.9999492764472961,0.5452257990837097,0.19441573321819305,0.9999760985374451,0.5289663672447205,0.1958344727754593,0.9999832510948181,0.5917760133743286,0.25725141167640686,0.999640941619873,0.4863571524620056,0.26469311118125916,0.9999560713768005,0.5886027812957764,0.34193357825279236,0.5860511660575867,0.48797670006752014,0.3538064956665039,0.9549536108970642,0.5932282209396362,0.42076465487480164,0.3995376229286194,0.48302361369132996,0.4366454780101776,0.8690637350082397,0.5910046100616455,0.44476842880249023,0.35352709889411926,0.48280853033065796,0.4598892629146576,0.7989857196807861,0.5890347957611084,0.446640282869339,0.36854830384254456,0.4897020161151886,0.459781676530838,0.8110846877098083,0.5871568918228149,0.43795251846313477,0.36060631275177,0.49162644147872925,0.45299801230430603,0.7948906421661377,0.5721709132194519,0.4243575930595398,0.999357283115387,0.5207944512367249,0.4254877269268036,0.999824583530426,0.5503972768783569,0.5540396571159363,0.8808117508888245,0.5516684651374817,0.5537930130958557,0.9621737599372864,0.5092464685440063,0.6661072373390198,0.9673942923545837,0.5834901928901672,0.6765110492706299,0.9853922128677368,0.4932182729244232,0.6825032830238342,0.8851211071014404,0.5903136134147644,0.6894106864929199,0.889305830001831,0.5263634324073792,0.7080317735671997,0.960778534412384,0.5751137733459473,0.7278356552124023,0.98100745677948
31,0.5308793187141418,0.18072859942913055,0.9999904036521912,0.5357392430305481,0.17042988538742065,0.9999684691429138,0.5399832725524902,0.17032600939273834,0.9999611973762512,0.5449082851409912,0.17036965489387512,0.9999595880508423,0.5235866904258728,0.17182102799415588,0.9999731779098511,0.5196858644485474,0.1728898286819458,0.9999711513519287,0.5146979689598083,0.17413988709449768,0.9999767541885376,0.5499143600463867,0.17774410545825958,0.9998564720153809,0.5090002417564392,0.18280670046806335,0.9999487400054932,0.5401146411895752,0.19353024661540985,0.9999760985374451,0.5234420299530029,0.19496802985668182,0.9999833106994629,0.5862334966659546,0.2569156885147095,0.999646782875061,0.4808003604412079,0.2641180157661438,0.9999560117721558,0.5832050442695618,0.34146901965141296,0.5883183479309082,0.4823411703109741,0.3531942069530487,0.9539963603019714,0.5883287191390991,0.42082974314689636,0.39621472358703613,0.4773259162902832,0.43614768981933594,0.8667442202568054,0.5861917734146118,0.444621741771698,0.3504422903060913,0.47735217213630676,0.4591813087463379,0.7957698106765747,0.5843870639801025,0.44652679562568665,0.3653565049171448,0.4841773211956024,0.45904111862182617,0.8081581592559814,0.5824710130691528,0.4379444122314453,0.35707888007164,0.48601341247558594,0.45233699679374695,0.7915664315223694,0.5672035813331604,0.42415305972099304,0.9993728399276733,0.5155638456344604,0.4254162311553955,0.9998281598091125,0.5454661846160889,0.5535629987716675,0.8852302432060242,0.5467098951339722,0.553378701210022,0.9628416299819946,0.5044056177139282,0.664826512336731,0.9684235453605652,0.5792225003242493,0.6754373908042908,0.9857158660888672,0.4884676933288574,0.681098461151123,0.8859534859657288,0.5861449837684631,0.6880694627761841,0.8894174695014954,0.5225751996040344,0.7063335180282593,0.9619002342224121,0.5706353783607483,0.7272955179214478,0.9814975261688232
32,0.5253170132637024,0.17989809811115265,0.9999905824661255,0.5300387740135193,0.16960912942886353,0.999968945980072,0.5343983173370361,0.1695220023393631,0.9999617338180542,0.5392103791236877,0.16958685219287872,0.99996018409729,0.517842710018158,0.1709297001361847,0.9999735355377197,0.5141122341156006,0.171953484416008,0.9999715089797974,0.5090070962905884,0.17325425148010254,0.9999770522117615,0.5441216230392456,0.1769740879535675,0.9998586177825928,0.5030274987220764,0.18207424879074097,0.9999491572380066,0.5345871448516846,0.19288113713264465,0.9999765753746033,0.5177827477455139,0.19446073472499847,0.9999836683273315,0.5807942748069763,0.2565654218196869,0.9996565580368042,0.4747547209262848,0.2636108696460724,0.9999565482139587,0.5786792635917664,0.34110644459724426,0.593377411365509,0.476775199174881,0.35266217589378357,0.9534092545509338,0.5837159752845764,0.421023428440094,0.3941361606121063,0.47190719842910767,0.43581971526145935,0.8640397787094116,0.5825789570808411,0.44445931911468506,0.3478151857852936,0.47242388129234314,0.4586924612522125,0.7919445037841797,0.5797316431999207,0.4465074837207794,0.36265918612480164,0.4792082905769348,0.4583766460418701,0.8046183586120605,0.5778028964996338,0.43806788325309753,0.3542892038822174,0.48082098364830017,0.45181888341903687,0.7875523567199707,0.5619321465492249,0.4240512549877167,0.9993897080421448,0.5102161169052124,0.4254801869392395,0.9998313188552856,0.5396497249603271,0.5534102320671082,0.8889980912208557,0.5426491498947144,0.5531809329986572,0.9635360836982727,0.5003487467765808,0.6642858982086182,0.9693284630775452,0.5742815136909485,0.6751836538314819,0.9859679937362671,0.4847162067890167,0.6805479526519775,0.8871877193450928,0.5808202624320984,0.6879149675369263,0.8897990584373474,0.5200589299201965,0.7061148285865784,0.9628589749336243,0.5653072595596313,0.7265765070915222,0.9818795919418335
33,0.5192443132400513,0.17821970582008362,0.999990701675415,0.52419114112854,0.16839827597141266,0.9999692440032959,0.5288239121437073,0.16833187639713287,0.9999620318412781,0.5335693955421448,0.1683875024318695,0.9999604821205139,0.5117731094360352,0.16966679692268372,0.9999738335609436,0.5081275701522827,0.17050987482070923,0.9999718070030212,0.5031360387802124,0.1717909276485443,0.9999773502349854,0.5386174917221069,0.17546123266220093,0.9998593926429749,0.4975152313709259,0.18085730075836182,0.9999496340751648,0.5289600491523743,0.1914350539445877,0.9999768137931824,0.5117121934890747,0.19318032264709473,0.9999839067459106,0.5751128792762756,0.2560320496559143,0.9996617436408997,0.4695165455341339,0.2625461518764496,0.9999573826789856,0.5731955766677856,0.34064674377441406,0.5921119451522827,0.47113409638404846,0.3516213595867157,0.9532945156097412,0.577903687953949,0.4208832085132599,0.3872029483318329,0.46602684259414673,0.43546056747436523,0.8617092967033386,0.5760625004768372,0.44377899169921875,0.341500848531723,0.46668481826782227,0.4583560526371002,0.7882893085479736,0.573849618434906,0.44594934582710266,0.35628625750541687,0.47361642122268677,0.45795881748199463,0.801169753074646,0.5720244646072388,0.4376959204673767,0.34764108061790466,0.47524043917655945,0.4514778256416321,0.7835464477539062,0.5562921762466431,0.42379119992256165,0.9994019269943237,0.5042961835861206,0.42524877190589905,0.9998348355293274,0.5343095064163208,0.5531285405158997,0.8916488289833069,0.5373358130455017,0.5526122450828552,0.9643829464912415,0.49503475427627563,0.6639279127120972,0.9699652194976807,0.5701395869255066,0.6739778518676758,0.9862537980079651,0.4792686402797699,0.6800281405448914,0.8879081010818481,0.5770792365074158,0.6867820024490356,0.8898404836654663,0.5154977440834045,0.7056061625480652,0.9636431932449341,0.5631287693977356,0.7251972556114197,0.9822795987129211
34,0.5144042372703552,0.1772202104330063,0.9999908208847046,0.5193778872489929,0.16762512922286987,0.9999695420265198,0.5242717862129211,0.16757027804851532,0.9999623894691467,0.5288596749305725,0.1676233559846878,0.9999608993530273,0.5067513585090637,0.16884247958660126,0.9999740123748779,0.5033664107322693,0.1695762723684311,0.9999719858169556,0.498521625995636,0.17079783976078033,0.9999775290489197,0.5340259671211243,0.17454729974269867,0.9998608827590942,0.4925995171070099,0.179894357919693,0.9999498724937439,0.52420973777771,0.19058740139007568,0.999977171421051,0.5067735910415649,0.1923251450061798,0.9999841451644897,0.569451630115509,0.2558603584766388,0.99966961145401,0.4642385244369507,0.2615041434764862,0.9999580383300781,0.5669174194335938,0.34072360396385193,0.5916089415550232,0.46495765447616577,0.3507753610610962,0.9532396197319031,0.5713024735450745,0.4210052490234375,0.382009357213974,0.4596242606639862,0.4351395070552826,0.8593911528587341,0.5697553157806396,0.4439550042152405,0.336851567029953,0.46061989665031433,0.45809704065322876,0.7846794724464417,0.567898154258728,0.44636285305023193,0.35147303342819214,0.46769577264785767,0.45776525139808655,0.7977549433708191,0.5659402012825012,0.43803444504737854,0.34265241026878357,0.4692179262638092,0.4513359069824219,0.779857337474823,0.5507209300994873,0.4236378073692322,0.9994210004806519,0.49830910563468933,0.425051212310791,0.9998393058776855,0.5299993753433228,0.5528414845466614,0.8951659202575684,0.5324514508247375,0.551714301109314,0.9653456211090088,0.4901930093765259,0.6637522578239441,0.970922589302063,0.5651218891143799,0.6719032526016235,0.9865918755531311,0.4749033749103546,0.679504930973053,0.8892729878425598,0.5724056959152222,0.6848108172416687,0.8903391361236572,0.5129409432411194,0.7059907913208008,0.9647660255432129,0.5588893294334412,0.7236157655715942,0.9827685356140137
35,0.5090539455413818,0.17722243070602417,0.9999908804893494,0.5138881802558899,0.16749374568462372,0.9999697804450989,0.5186499953269958,0.1674422323703766,0.9999626874923706,0.523277759552002,0.16750356554985046,0.9999613165855408,0.5014635920524597,0.1686759889125824,0.9999740123748779,0.49811622500419617,0.16941024363040924,0.9999719262123108,0.49316057562828064,0.17061056196689606,0.9999774694442749,0.5281439423561096,0.17443761229515076,0.9998626112937927,0.4872107207775116,0.17954936623573303,0.9999496340751648,0.518509030342102,0.19058574736118317,0.9999776482582092,0.50138258934021,0.1922280192375183,0.9999844431877136,0.5638578534126282,0.25590136647224426,0.9996809363365173,0.4584103524684906,0.26105648279190063,0.9999587535858154,0.5609781742095947,0.34122493863105774,0.5970898866653442,0.459267258644104,0.35035789012908936,0.9531552195549011,0.5651643872261047,0.4239191710948944,0.3847668766975403,0.4541608691215515,0.43481212854385376,0.8583657145500183,0.5636526346206665,0.44659852981567383,0.3386520445346832,0.45513245463371277,0.45788612961769104,0.7829466462135315,0.5618301630020142,0.4494655132293701,0.3532111346721649,0.46226730942726135,0.4575733244419098,0.7961133122444153,0.5598396062850952,0.4412716329097748,0.34425729513168335,0.46367746591567993,0.45114096999168396,0.7780922055244446,0.5446221232414246,0.42373818159103394,0.9994409084320068,0.49261292815208435,0.4251050651073456,0.9998433589935303,0.5260739922523499,0.5529657006263733,0.8982043266296387,0.5287195444107056,0.5518403053283691,0.9659913778305054,0.48407915234565735,0.6636064052581787,0.9715836644172668,0.5620066523551941,0.6719269156455994,0.9867795705795288,0.46859005093574524,0.6789299249649048,0.8900279402732849,0.5689204931259155,0.6842823624610901,0.8906137943267822,0.5092067718505859,0.7061058282852173,0.9654308557510376,0.5541337728500366,0.7222802639007568,0.9830759167671204
36,0.5051847100257874,0.1774553656578064,0.9999909996986389,0.5098797678947449,0.16775809228420258,0.9999699592590332,0.5149182677268982,0.16770167648792267,0.9999628067016602,0.519076406955719,0.1677628457546234,0.9999613761901855,0.49685394763946533,0.1689581274986267,0.9999743700027466,0.4936610460281372,0.16969488561153412,0.9999723434448242,0.489035040140152,0.17087815701961517,0.9999780058860779,0.523868203163147,0.17463451623916626,0.999862790107727,0.48256927728652954,0.17976920306682587,0.9999507665634155,0.5146953463554382,0.19077211618423462,0.9999775290489197,0.49705514311790466,0.19235610961914062,0.999984622001648,0.5584965944290161,0.25601133704185486,0.999661922454834,0.45260652899742126,0.2612181007862091,0.9999585747718811,0.5542809963226318,0.3413505256175995,0.5867416262626648,0.4531649351119995,0.3506927490234375,0.9533368349075317,0.5568710565567017,0.4225558340549469,0.3681592345237732,0.44934916496276855,0.4348769187927246,0.8582115173339844,0.555385947227478,0.44567620754241943,0.3244168758392334,0.44926413893699646,0.4577431082725525,0.7819483280181885,0.554158627986908,0.44839245080947876,0.33829885721206665,0.4558793306350708,0.45749813318252563,0.7952060699462891,0.5520766973495483,0.4398227334022522,0.33012697100639343,0.4575597643852234,0.45106759667396545,0.7772768139839172,0.5404068827629089,0.42364782094955444,0.9994403123855591,0.49016574025154114,0.4249860644340515,0.9998440146446228,0.5227387547492981,0.5530211329460144,0.9028032422065735,0.5239099860191345,0.5519457459449768,0.9667969346046448,0.4773673117160797,0.6637648940086365,0.9727776646614075,0.5571439266204834,0.671130895614624,0.9871488809585571,0.4620921313762665,0.6790959239006042,0.891058087348938,0.5647039413452148,0.6826567053794861,0.8922943472862244,0.499073326587677,0.7062447667121887,0.9666232466697693,0.5483293533325195,0.7212622165679932,0.9835718274116516
37,0.49985435605049133,0.18058858811855316,0.9999914765357971,0.5060214400291443,0.17151647806167603,0.9999715685844421,0.511206328868866,0.17153300344944,0.9999647736549377,0.5154336094856262,0.1717911809682846,0.9999634027481079,0.4915723204612732,0.17285844683647156,0.9999756813049316,0.4880810081958771,0.17349699139595032,0.999973714351654,0.48396429419517517,0.1743292659521103,0.9999791383743286,0.5210002660751343,0.17855729162693024,0.9998703002929688,0.47830909490585327,0.18285782635211945,0.9999532103538513,0.5099306106567383,0.19436009228229523,0.9999785423278809,0.4918716847896576,0.1954967975616455,0.9999852776527405,0.5529419779777527,0.259352445602417,0.9996659159660339,0.4486423432826996,0.26500430703163147,0.9999581575393677,0.5469122529029846,0.3447885811328888,0.5892554521560669,0.44964098930358887,0.35475340485572815,0.9528017640113831,0.5511866211891174,0.4261645972728729,0.36642131209373474,0.4448009431362152,0.436361700296402,0.8565513491630554,0.5510308146476746,0.449227511882782,0.3221319615840912,0.444933146238327,0.45944222807884216,0.779272735118866,0.5502700209617615,0.45211920142173767,0.33569464087486267,0.4507635235786438,0.45953479409217834,0.792729377746582,0.547889769077301,0.44386351108551025,0.32774609327316284,0.45240354537963867,0.4528296887874603,0.7752474546432495,0.5351453423500061,0.4261670708656311,0.9994562268257141,0.4852069020271301,0.42631036043167114,0.9998476505279541,0.5191856622695923,0.555453896522522,0.9073736071586609,0.518294632434845,0.5555639266967773,0.9677832126617432,0.4709492027759552,0.663820207118988,0.9740153551101685,0.5543336868286133,0.6709420084953308,0.9875185489654541,0.45456385612487793,0.6800149083137512,0.89342200756073,0.5626475214958191,0.6818819642066956,0.8936980962753296,0.4939861595630646,0.706338107585907,0.967862069606781,0.5446661114692688,0.7193489074707031,0.9840424656867981
38,0.49716758728027344,0.18895268440246582,0.9999915957450867,0.5020615458488464,0.1795312464237213,0.9999719858169556,0.5064476132392883,0.17966952919960022,0.9999653697013855,0.5106239318847656,0.1800137609243393,0.9999639987945557,0.4889153242111206,0.18086321651935577,0.9999760389328003,0.4849553108215332,0.18177729845046997,0.9999741911888123,0.48171114921569824,0.18269075453281403,0.9999794960021973,0.515916109085083,0.18760667741298676,0.9998744130134583,0.47488144040107727,0.19212496280670166,0.9999539256095886,0.5064751505851746,0.20197375118732452,0.9999783039093018,0.4894076883792877,0.20293310284614563,0.9999849200248718,0.5481678247451782,0.26766765117645264,0.9996472001075745,0.44478675723075867,0.2760770916938782,0.999951183795929,0.543028712272644,0.3524326682090759,0.5847184062004089,0.4481741487979889,0.3673000633716583,0.9520115256309509,0.5436496138572693,0.43147268891334534,0.35761579871177673,0.44000834226608276,0.44668298959732056,0.854625403881073,0.5439485311508179,0.45549365878105164,0.3147837519645691,0.4383723735809326,0.47089043259620667,0.7764341831207275,0.5426429510116577,0.45857536792755127,0.32779252529144287,0.44480493664741516,0.4708819091320038,0.7899723649024963,0.5384721159934998,0.4511828124523163,0.3208186626434326,0.44699928164482117,0.46316608786582947,0.7735141515731812,0.5294766426086426,0.43503186106681824,0.9994463324546814,0.48026788234710693,0.4345276355743408,0.9998310804367065,0.5160269737243652,0.5613897442817688,0.9127999544143677,0.511901319026947,0.5650812983512878,0.9672672748565674,0.4655801057815552,0.6640967726707458,0.975327730178833,0.5509672164916992,0.6714947819709778,0.9876272678375244,0.44753578305244446,0.6826793551445007,0.8944317102432251,0.560932457447052,0.6820613145828247,0.894908607006073,0.48559921979904175,0.7059052586555481,0.9691909551620483,0.5383279323577881,0.7192458510398865,0.9841355085372925
39,0.4923311769962311,0.19916343688964844,0.9999918937683105,0.4977220892906189,0.18930499255657196,0.9999730587005615,0.5024465918540955,0.18943898379802704,0.9999666213989258,0.5066339373588562,0.1894635260105133,0.9999653100967407,0.4837864339351654,0.19055122137069702,0.9999769926071167,0.4802260100841522,0.1913505345582962,0.9999751448631287,0.47658461332321167,0.1923576146364212,0.9999802708625793,0.512631893157959,0.19759736955165863,0.9998800754547119,0.4699598550796509,0.20245282351970673,0.9999554753303528,0.5025808811187744,0.21163219213485718,0.9999788403511047,0.4842468202114105,0.21325071156024933,0.9999851584434509,0.545138418674469,0.2769901752471924,0.9996380805969238,0.4407501220703125,0.2855718433856964,0.999947726726532,0.5418457984924316,0.36403384804725647,0.5852378606796265,0.44561493396759033,0.37839847803115845,0.9510965347290039,0.5406853556632996,0.44241440296173096,0.3538814187049866,0.4367327094078064,0.45738106966018677,0.8512213230133057,0.5399163365364075,0.4681207835674286,0.3108380138874054,0.43576037883758545,0.4808169901371002,0.7717210054397583,0.5374978184700012,0.4707448184490204,0.32360559701919556,0.4420889616012573,0.48048800230026245,0.7854509353637695,0.5344852209091187,0.4615260660648346,0.31747400760650635,0.44370752573013306,0.47313064336776733,0.7700604796409607,0.5264143943786621,0.44695308804512024,0.9994475841522217,0.4754713773727417,0.4462868273258209,0.9998231530189514,0.5115408301353455,0.5711067914962769,0.916767418384552,0.5067670345306396,0.5755968689918518,0.9667574167251587,0.4591751992702484,0.6650699973106384,0.9759705066680908,0.5486366748809814,0.6742696762084961,0.9874234795570374,0.4415522813796997,0.6856476664543152,0.8956417441368103,0.5600221157073975,0.6844165325164795,0.894399106502533,0.47827428579330444,0.7058067321777344,0.969691276550293,0.5369640588760376,0.7195069193840027,0.9837551712989807
40,0.4886065721511841,0.20151443779468536,0.9999918937683105,0.4933907687664032,0.1915590912103653,0.9999729990959167,0.4979366362094879,0.1915457546710968,0.9999666213989258,0.5018311142921448,0.19180874526500702,0.9999656081199646,0.48005133867263794,0.19299428164958954,0.9999768733978271,0.47639843821525574,0.19394035637378693,0.9999749660491943,0.473298043012619,0.19516822695732117,0.9999802112579346,0.5074790120124817,0.19915659725666046,0.9998821020126343,0.4668531119823456,0.20460376143455505,0.999954879283905,0.4980660676956177,0.2140554040670395,0.9999791383743286,0.48085474967956543,0.21529780328273773,0.9999851584434509,0.5428731441497803,0.28022000193595886,0.9996294975280762,0.4371776878833771,0.2886052429676056,0.9999436140060425,0.5397922396659851,0.3654416799545288,0.5895164608955383,0.4421829283237457,0.3807359039783478,0.9498569369316101,0.5354788899421692,0.44477641582489014,0.34727004170417786,0.43367937207221985,0.4585290253162384,0.8424205183982849,0.5341416001319885,0.47063305974006653,0.30361342430114746,0.43321749567985535,0.48262375593185425,0.7599106431007385,0.5317494869232178,0.47322049736976624,0.3160630464553833,0.4393456280231476,0.4825722277164459,0.7740429639816284,0.5287961959838867,0.46377333998680115,0.3108021020889282,0.4409203827381134,0.47513914108276367,0.7596961855888367,0.5211599469184875,0.4490959048271179,0.9994500875473022,0.4712260663509369,0.447038859128952,0.9998194575309753,0.5032005906105042,0.5734093189239502,0.9189465045928955,0.502702534198761,0.5763553977012634,0.9666547179222107,0.4526662528514862,0.667719841003418,0.9764223694801331,0.5445924401283264,0.6782242059707642,0.9873126745223999,0.43692338466644287,0.6881529688835144,0.8969924449920654,0.5540196895599365,0.6894057989120483,0.8926488161087036,0.47425591945648193,0.705895721912384,0.9699575304985046,0.5329882502555847,0.7197031378746033,0.9834807515144348
41,0.48312416672706604,0.19855690002441406,0.9999911785125732,0.4884687066078186,0.18865013122558594,0.9999702572822571,0.49374762177467346,0.18863461911678314,0.9999633431434631,0.4980422854423523,0.18882536888122559,0.9999628067016602,0.4749126434326172,0.19002453982830048,0.9999746084213257,0.471762090921402,0.19091741740703583,0.999972403049469,0.46754276752471924,0.1920931041240692,0.9999784827232361,0.5042019486427307,0.1962215155363083,0.9998728632926941,0.46202006936073303,0.20147112011909485,0.9999507665634155,0.49373865127563477,0.211549311876297,0.9999780058860779,0.4753028452396393,0.21300362050533295,0.9999842047691345,0.5405042171478271,0.2774919271469116,0.999609649181366,0.43321558833122253,0.28502601385116577,0.9999420046806335,0.5345330834388733,0.3622257113456726,0.5838856101036072,0.43796154856681824,0.37647730112075806,0.9489344954490662,0.5302846431732178,0.44167718291282654,0.33296605944633484,0.43080228567123413,0.4557119905948639,0.8362866640090942,0.5281504988670349,0.4667978584766388,0.29110854864120483,0.4307379126548767,0.47926172614097595,0.7515155673027039,0.5304805040359497,0.46940353512763977,0.303011417388916,0.43666931986808777,0.47916021943092346,0.7659784555435181,0.5232291221618652,0.4604179263114929,0.29872986674308777,0.43838241696357727,0.471908301115036,0.7523064613342285,0.5170613527297974,0.4456542134284973,0.9994522929191589,0.46661806106567383,0.444441020488739,0.9998200535774231,0.49694743752479553,0.5710779428482056,0.9195549488067627,0.4986932575702667,0.5731645226478577,0.9667876958847046,0.44765716791152954,0.6684449315071106,0.9767825603485107,0.538875162601471,0.6767823100090027,0.9871551990509033,0.4331308901309967,0.6882485151290894,0.8980763554573059,0.5490237474441528,0.6883906126022339,0.8915593028068542,0.4698326587677002,0.7050875425338745,0.9701148271560669,0.527285635471344,0.7192097306251526,0.9833008646965027
42,0.4783671200275421,0.19171464443206787,0.9999908208847046,0.48411959409713745,0.18243864178657532,0.999968945980072,0.48951491713523865,0.18284796178340912,0.9999615550041199,0.49393752217292786,0.18327590823173523,0.9999608993530273,0.4705028831958771,0.18275101482868195,0.9999737739562988,0.46698111295700073,0.18335573375225067,0.9999713897705078,0.46203580498695374,0.18441437184810638,0.999977707862854,0.5000275373458862,0.19099603593349457,0.9998663067817688,0.45684853196144104,0.19423691928386688,0.9999498724937439,0.48785609006881714,0.20559516549110413,0.9999776482582092,0.47026923298835754,0.2061828225851059,0.9999842047691345,0.5353545546531677,0.2735503315925598,0.9996016025543213,0.4277443289756775,0.278295636177063,0.9999452233314514,0.5284885168075562,0.3539881110191345,0.578589916229248,0.43119001388549805,0.36644724011421204,0.9495751261711121,0.5259599685668945,0.43408071994781494,0.32073989510536194,0.42620325088500977,0.445325642824173,0.8337563276290894,0.523499071598053,0.4578962028026581,0.2805666923522949,0.42543119192123413,0.470672070980072,0.7478167414665222,0.5232264995574951,0.4592513144016266,0.2922994792461395,0.431996613740921,0.46978330612182617,0.7626236081123352,0.5204024314880371,0.45079001784324646,0.28885123133659363,0.4339696168899536,0.4630166292190552,0.749337911605835,0.5109646320343018,0.440461128950119,0.9994453191757202,0.4597521424293518,0.4403902292251587,0.999823808670044,0.4920891523361206,0.56081223487854,0.9129209518432617,0.49704933166503906,0.5613528490066528,0.9665277004241943,0.44695934653282166,0.6660177707672119,0.9755334258079529,0.5299304127693176,0.6750128865242004,0.9867292046546936,0.4321332573890686,0.6850013136863708,0.8975569009780884,0.534915566444397,0.6879259943962097,0.8890990614891052,0.4728498160839081,0.7039744257926941,0.9688317179679871,0.526046097278595,0.7168755531311035,0.9827361106872559
43,0.4748660922050476,0.17921167612075806,0.9999892115592957,0.4805862307548523,0.16875489056110382,0.9999650716781616,0.4856247305870056,0.16889609396457672,0.9999569654464722,0.4898048937320709,0.16903461515903473,0.9999565482139587,0.4668968617916107,0.16990940272808075,0.9999696612358093,0.46342697739601135,0.17098963260650635,0.999966561794281,0.458589643239975,0.17240849137306213,0.9999731183052063,0.49616843461990356,0.17745554447174072,0.9998566508293152,0.45305952429771423,0.18155765533447266,0.9999431371688843,0.48482704162597656,0.19165003299713135,0.9999756217002869,0.46652063727378845,0.19263960421085358,0.999981701374054,0.5313965082168579,0.25859758257865906,0.9996059536933899,0.4233209490776062,0.2600766718387604,0.999943733215332,0.5271012783050537,0.3370870351791382,0.5731422901153564,0.425575852394104,0.3482295572757721,0.9480232000350952,0.5210718512535095,0.4158848226070404,0.3105180263519287,0.4194750189781189,0.427918404340744,0.8223200440406799,0.5168771147727966,0.43833765387535095,0.27109432220458984,0.4190349876880646,0.45564478635787964,0.7347602844238281,0.5167335271835327,0.44033730030059814,0.2828706204891205,0.4252166748046875,0.45443353056907654,0.7499447464942932,0.5157277584075928,0.43081676959991455,0.28045177459716797,0.4270362854003906,0.4465410113334656,0.737109363079071,0.5064539313316345,0.4264449179172516,0.9994158744812012,0.4538748562335968,0.424883097410202,0.999794602394104,0.49397197365760803,0.5478503108024597,0.8965830206871033,0.48996615409851074,0.5486515760421753,0.9633612632751465,0.4527912437915802,0.6583621501922607,0.9701421856880188,0.49753352999687195,0.6646193265914917,0.9844421148300171,0.43799299001693726,0.6705355048179626,0.8918701410293579,0.4931704103946686,0.6811884641647339,0.878974974155426,0.47496241331100464,0.7024993896484375,0.9636497497558594,0.507942259311676,0.7130598425865173,0.9797693490982056
44,0.47096914052963257,0.16710999608039856,0.9999887347221375,0.4769056439399719,0.15692125260829926,0.9999643564224243,0.4817439317703247,0.1571473628282547,0.9999563694000244,0.48607397079467773,0.1573881208896637,0.9999558925628662,0.4631366431713104,0.15797753632068634,0.9999690055847168,0.4599418640136719,0.1591111272573471,0.9999659657478333,0.45534566044807434,0.16070888936519623,0.9999719262123108,0.49310263991355896,0.16658034920692444,0.9998530745506287,0.44980502128601074,0.17038919031620026,0.9999420642852783,0.4813064634799957,0.17977584898471832,0.9999755024909973,0.46296119689941406,0.1806921660900116,0.9999814629554749,0.5274176001548767,0.2496291548013687,0.9996255040168762,0.41959384083747864,0.24836860597133636,0.9999467730522156,0.5258093476295471,0.33099573850631714,0.5817745923995972,0.4214484691619873,0.33848831057548523,0.9501178860664368,0.5233936905860901,0.4114709198474884,0.3231910169124603,0.41454875469207764,0.4181462526321411,0.8264844417572021,0.5207289457321167,0.4344363808631897,0.28182312846183777,0.41377973556518555,0.4454054832458496,0.7402254939079285,0.5204857587814331,0.43614739179611206,0.2942116856575012,0.4203346371650696,0.444660484790802,0.754662811756134,0.5183164477348328,0.42674604058265686,0.2916252911090851,0.422708123922348,0.4363941550254822,0.7410822510719299,0.5019097924232483,0.41421645879745483,0.9994297623634338,0.4500531852245331,0.4131711721420288,0.9997977614402771,0.4965515434741974,0.5345900058746338,0.8841617107391357,0.486483633518219,0.537195086479187,0.9640886783599854,0.4554073214530945,0.6452803611755371,0.9657962918281555,0.4795212149620056,0.653110682964325,0.9845872521400452,0.437735378742218,0.6534789800643921,0.8911324143409729,0.46780890226364136,0.6717219352722168,0.8805103898048401,0.4729706645011902,0.6857173442840576,0.9605899453163147,0.5102477073669434,0.6941443085670471,0.9798973798751831
45,0.46695902943611145,0.16167782247066498,0.9999879002571106,0.4733830392360687,0.15130867063999176,0.9999618530273438,0.4781896471977234,0.151551753282547,0.9999541640281677,0.48263078927993774,0.1520359218120575,0.9999537467956543,0.4595567584037781,0.15241533517837524,0.999966561794281,0.4564337730407715,0.15350961685180664,0.9999634027481079,0.4519014060497284,0.15495741367340088,0.9999685883522034,0.48983585834503174,0.1611764132976532,0.9998473525047302,0.4464613199234009,0.16443203389644623,0.9999346137046814,0.47722095251083374,0.17393121123313904,0.999975323677063,0.4587703347206116,0.17479674518108368,0.9999810457229614,0.5238558053970337,0.24485278129577637,0.9996449947357178,0.41617465019226074,0.24368402361869812,0.9999490976333618,0.5241986513137817,0.3297908902168274,0.5990582704544067,0.4181921184062958,0.33562496304512024,0.9494898915290833,0.524653434753418,0.4130129814147949,0.3419876992702484,0.4093460142612457,0.4166854918003082,0.8235998153686523,0.5229889154434204,0.4348594546318054,0.2991529405117035,0.40747904777526855,0.44229549169540405,0.7381631135940552,0.5224767327308655,0.43645164370536804,0.31221315264701843,0.4149406850337982,0.44131115078926086,0.7523765563964844,0.5201494097709656,0.4286312162876129,0.3087412118911743,0.4169597327709198,0.43362224102020264,0.7386158108711243,0.49772289395332336,0.4118569791316986,0.9994266629219055,0.4467553496360779,0.41044846177101135,0.9998020529747009,0.4967601001262665,0.5296928882598877,0.8727995753288269,0.48816436529159546,0.5350195169448853,0.9646511077880859,0.4390948414802551,0.6154409050941467,0.960846483707428,0.48573192954063416,0.6562468409538269,0.9850055575370789,0.4213493764400482,0.6156584620475769,0.8905607461929321,0.4767419993877411,0.6741325855255127,0.8847676515579224,0.45034468173980713,0.6646649837493896,0.9567040801048279,0.5115887522697449,0.6940337419509888,0.980193018913269
46,0.46314752101898193,0.16172988712787628,0.9999872446060181,0.47007980942726135,0.15249444544315338,0.9999606609344482,0.47525084018707275,0.15272203087806702,0.9999542832374573,0.47960364818573,0.1532088965177536,0.9999535083770752,0.45584213733673096,0.15357866883277893,0.9999649524688721,0.4526711404323578,0.15427535772323608,0.9999620318412781,0.4480786621570587,0.1553388386964798,0.9999658465385437,0.48625192046165466,0.160427525639534,0.9998502135276794,0.44290098547935486,0.16406427323818207,0.999927282333374,0.47328945994377136,0.17451199889183044,0.9999758005142212,0.4547451436519623,0.17560994625091553,0.999981164932251,0.5207996964454651,0.24428050220012665,0.9996690154075623,0.4123322367668152,0.2443273961544037,0.9999521374702454,0.5208696722984314,0.33060306310653687,0.6223084330558777,0.41512978076934814,0.33633750677108765,0.9442691206932068,0.5229754447937012,0.415069580078125,0.36565083265304565,0.40433087944984436,0.41488173604011536,0.8114691972732544,0.5228016972541809,0.43678390979766846,0.3234795033931732,0.4043690264225006,0.43972206115722656,0.7288596630096436,0.5222944617271423,0.43834739923477173,0.3377830684185028,0.41025274991989136,0.4382627606391907,0.7430266737937927,0.5197807550430298,0.43089789152145386,0.3301180601119995,0.41128551959991455,0.43094193935394287,0.7290499806404114,0.4926542639732361,0.4105151295661926,0.9994171857833862,0.43886634707450867,0.4087991416454315,0.9998131990432739,0.49792107939720154,0.5277832746505737,0.8704357147216797,0.48114559054374695,0.5324147343635559,0.9669628143310547,0.4246925413608551,0.5913243889808655,0.9555215239524841,0.49598515033721924,0.6582170128822327,0.986149251461029,0.40559348464012146,0.5915632247924805,0.8899785876274109,0.4932483732700348,0.6775281429290771,0.8914257287979126,0.4302601218223572,0.6406479477882385,0.9534450173377991,0.5254083275794983,0.6982036828994751,0.9814804792404175
47,0.46086785197257996,0.16346363723278046,0.9999867081642151,0.46750733256340027,0.15434128046035767,0.999958872795105,0.47273603081703186,0.15458770096302032,0.9999532699584961,0.476759135723114,0.15499916672706604,0.9999528527259827,0.45340701937675476,0.15494586527347565,0.9999634027481079,0.4503406882286072,0.15566259622573853,0.9999599456787109,0.44598421454429626,0.15672026574611664,0.999963641166687,0.4833070635795593,0.16226591169834137,0.9998535513877869,0.44084450602531433,0.16533078253269196,0.9999186992645264,0.47044479846954346,0.1771114468574524,0.9999760985374451,0.4526102840900421,0.17812158167362213,0.999981164932251,0.5198957920074463,0.24683289229869843,0.9996786713600159,0.40907347202301025,0.2472332864999771,0.9999511241912842,0.5184744596481323,0.3327697217464447,0.651542603969574,0.41103771328926086,0.33680814504623413,0.9414095282554626,0.5215799808502197,0.41614434123039246,0.4013665020465851,0.3989371955394745,0.4142177999019623,0.8056352138519287,0.5229946970939636,0.43834808468818665,0.35579073429107666,0.3982090950012207,0.43739670515060425,0.7237669825553894,0.5225377678871155,0.44007402658462524,0.37024831771850586,0.4031437337398529,0.43633151054382324,0.73850017786026,0.5194754004478455,0.4322749972343445,0.36042270064353943,0.40465977787971497,0.43005019426345825,0.7251240015029907,0.48919638991355896,0.4126165509223938,0.999419093132019,0.43335574865341187,0.4103371500968933,0.9998223781585693,0.49614396691322327,0.531444251537323,0.8782312870025635,0.4716092348098755,0.5322494506835938,0.9688420295715332,0.40915006399154663,0.5874057412147522,0.9542286396026611,0.5038961172103882,0.6595182418823242,0.986977756023407,0.38820117712020874,0.5876107215881348,0.8887900114059448,0.4964834451675415,0.677898645401001,0.8955692648887634,0.4160654842853546,0.6378178596496582,0.951668381690979,0.5208457708358765,0.6963615417480469,0.9823059439659119
48,0.45707786083221436,0.1654018759727478,0.9999860525131226,0.46387428045272827,0.1559285819530487,0.9999570250511169,0.46928203105926514,0.15612764656543732,0.9999517798423767,0.47399941086769104,0.15653091669082642,0.9999527931213379,0.45032909512519836,0.15686939656734467,0.9999609589576721,0.44694849848747253,0.15782257914543152,0.9999558329582214,0.44235312938690186,0.15902908146381378,0.9999603629112244,0.4812435209751129,0.16411730647087097,0.999859094619751,0.43859410285949707,0.16751474142074585,0.9999055862426758,0.4678609073162079,0.178081214427948,0.999976396560669,0.4494478404521942,0.17936547100543976,0.9999804496765137,0.5183604955673218,0.247938871383667,0.9996910095214844,0.40780460834503174,0.2490616738796234,0.9999423027038574,0.5170910954475403,0.3338780999183655,0.6782050132751465,0.4108739197254181,0.3393118977546692,0.9221742153167725,0.5187192559242249,0.4183025062084198,0.42367810010910034,0.3967891335487366,0.4173899292945862,0.7748765349388123,0.5207099318504333,0.44139981269836426,0.37318894267082214,0.3964475393295288,0.4409734606742859,0.6943426132202148,0.5190091133117676,0.44321441650390625,0.38727110624313354,0.40054669976234436,0.4402085244655609,0.7101952433586121,0.5155397057533264,0.43514174222946167,0.37689656019210815,0.40205153822898865,0.4337523877620697,0.6983367204666138,0.4844120740890503,0.41521942615509033,0.9994411468505859,0.4294205605983734,0.4107264578342438,0.9998285174369812,0.48371487855911255,0.536338746547699,0.8858807682991028,0.4698711037635803,0.5367511510848999,0.9691287875175476,0.4017105996608734,0.6058216691017151,0.9563988447189331,0.507008969783783,0.665605902671814,0.9874356389045715,0.38280153274536133,0.609451413154602,0.88894122838974,0.5114583969116211,0.6878991723060608,0.8992817401885986,0.41652366518974304,0.6545010805130005,0.9525973200798035,0.4973691701889038,0.6986322999000549,0.9828419089317322
49,0.4559144675731659,0.17236699163913727,0.9999867081642151,0.46252331137657166,0.16315430402755737,0.9999589920043945,0.468194842338562,0.16313856840133667,0.9999541640281677,0.4727420508861542,0.16348059475421906,0.9999554753303528,0.4487020671367645,0.16449464857578278,0.9999623894691467,0.44551417231559753,0.1652735322713852,0.9999572038650513,0.441048800945282,0.16603659093379974,0.9999616742134094,0.47970080375671387,0.1708430051803589,0.999867856502533,0.43762317299842834,0.17461539804935455,0.9999070763587952,0.4669249355792999,0.1863185614347458,0.999977707862854,0.44830745458602905,0.18679597973823547,0.9999811053276062,0.5174487829208374,0.2569718658924103,0.9997063875198364,0.4052508473396301,0.25838854908943176,0.9999356865882874,0.5167319774627686,0.34531208872795105,0.7009416818618774,0.4126937985420227,0.34878769516944885,0.9076576828956604,0.5192182064056396,0.4286685585975647,0.44590097665786743,0.3986794054508209,0.4269936978816986,0.7464579343795776,0.5218726396560669,0.4507293403148651,0.3894340693950653,0.398892879486084,0.44658321142196655,0.6662423014640808,0.5192146897315979,0.45243725180625916,0.40390539169311523,0.4027339220046997,0.4484274685382843,0.6829191446304321,0.5157340168952942,0.44462284445762634,0.39304548501968384,0.4046156108379364,0.4421239197254181,0.6727556586265564,0.48111873865127563,0.4239388704299927,0.9994558691978455,0.42706066370010376,0.42024311423301697,0.9998316168785095,0.4713626503944397,0.5425245761871338,0.8882468938827515,0.4626515805721283,0.5436510443687439,0.9686643481254578,0.4115585684776306,0.6413851976394653,0.9580962061882019,0.50923752784729,0.66741943359375,0.9875098466873169,0.3933563232421875,0.6518757939338684,0.8895379900932312,0.5170732140541077,0.6894139051437378,0.9000339508056641,0.4300819933414459,0.6937840580940247,0.9535760879516602,0.4963392913341522,0.6986724138259888,0.9829255938529968
50,0.454598069190979,0.18902230262756348,0.9999872446060181,0.4611515402793884,0.17914509773254395,0.9999607801437378,0.4660834074020386,0.1792728453874588,0.9999564290046692,0.4705508351325989,0.17949174344539642,0.9999579191207886,0.4474360942840576,0.17984871566295624,0.9999633431434631,0.44433119893074036,0.1803417205810547,0.9999580383300781,0.43989837169647217,0.1810806840658188,0.9999622702598572,0.4773199260234833,0.18663707375526428,0.9998769760131836,0.4352760314941406,0.19029276072978973,0.9999080300331116,0.4651477038860321,0.20210543274879456,0.9999784827232361,0.4468691647052765,0.20262190699577332,0.9999805092811584,0.5143835544586182,0.2732730507850647,0.9997170567512512,0.4023778736591339,0.2730022370815277,0.9999087452888489,0.515049934387207,0.36191266775131226,0.7193829417228699,0.41260990500450134,0.3642035126686096,0.8871141076087952,0.5183337926864624,0.44556838274002075,0.4603390693664551,0.4004216492176056,0.4386180341243744,0.7152494192123413,0.519440770149231,0.4668317139148712,0.4005904495716095,0.4012029767036438,0.4599870443344116,0.6370680332183838,0.5154260993003845,0.4691064655780792,0.4149005711078644,0.4043738543987274,0.4622984528541565,0.654265284538269,0.5132367014884949,0.45999449491500854,0.40474334359169006,0.40543949604034424,0.45561420917510986,0.6460981965065002,0.47755956649780273,0.44095709919929504,0.9994345903396606,0.42258843779563904,0.43742549419403076,0.9997813105583191,0.4582216441631317,0.5605799555778503,0.8894962072372437,0.45078396797180176,0.5594026446342468,0.9645926356315613,0.41228482127189636,0.670840859413147,0.9595040678977966,0.5076224207878113,0.6674214005470276,0.9861592054367065,0.39542528986930847,0.6876177787780762,0.8841256499290466,0.5177198648452759,0.6893118619918823,0.9003822803497314,0.43367859721183777,0.7088966965675354,0.9538639187812805,0.4881911873817444,0.6995198726654053,0.9813963770866394
51,0.45220285654067993,0.20086023211479187,0.9999879598617554,0.459253191947937,0.19084532558918,0.9999629855155945,0.46433982253074646,0.19111265242099762,0.9999591708183289,0.4688664376735687,0.1912984848022461,0.999960720539093,0.4453577995300293,0.19127193093299866,0.9999646544456482,0.44239938259124756,0.19193774461746216,0.9999591708183289,0.43795716762542725,0.192961648106575,0.9999629855155945,0.47637253999710083,0.19935190677642822,0.9998864531517029,0.4338071942329407,0.2022673338651657,0.9999093413352966,0.46320414543151855,0.21364368498325348,0.999979555606842,0.4444127082824707,0.21391066908836365,0.9999801516532898,0.5124872922897339,0.28689301013946533,0.9997350573539734,0.40184473991394043,0.28477099537849426,0.9998704195022583,0.5150294899940491,0.3767164945602417,0.7397847175598145,0.4107803404331207,0.3769688606262207,0.8638470768928528,0.517895519733429,0.45704352855682373,0.4853328764438629,0.4005364179611206,0.449097603559494,0.681875467300415,0.5192312598228455,0.4774905741214752,0.422870397567749,0.40002813935279846,0.47016847133636475,0.6063897609710693,0.5150101184844971,0.47917407751083374,0.43665894865989685,0.4021938443183899,0.47296983003616333,0.6235076785087585,0.5123478174209595,0.47099101543426514,0.42623370885849,0.4035101532936096,0.46651506423950195,0.6173896193504333,0.4744817018508911,0.4535251259803772,0.9994469881057739,0.4185464680194855,0.4499223828315735,0.9997352361679077,0.45823338627815247,0.5684065222740173,0.896453857421875,0.43123894929885864,0.5647433996200562,0.9652448892593384,0.4113328158855438,0.6744998693466187,0.962431013584137,0.49824604392051697,0.658475399017334,0.9858936667442322,0.39479726552963257,0.6911979913711548,0.8854770064353943,0.5126866698265076,0.6716836094856262,0.9040067791938782,0.43262866139411926,0.711981475353241,0.9566869139671326,0.48346608877182007,0.6975139379501343,0.981145441532135
52,0.4516661465167999,0.20835556089878082,0.9999882578849792,0.45907625555992126,0.19794084131717682,0.9999635219573975,0.4638684093952179,0.1980864405632019,0.9999603033065796,0.4684630036354065,0.19846390187740326,0.9999620914459229,0.4447922110557556,0.19912026822566986,0.9999642968177795,0.44160211086273193,0.199868842959404,0.9999582171440125,0.437721848487854,0.2006797343492508,0.9999616742134094,0.475725382566452,0.2060769647359848,0.999891996383667,0.4335261881351471,0.2101118564605713,0.9999054074287415,0.46278685331344604,0.22163045406341553,0.9999799132347107,0.4438531994819641,0.22187599539756775,0.9999784827232361,0.5134709477424622,0.29414603114128113,0.9997501969337463,0.4018703103065491,0.2927362024784088,0.9998381733894348,0.5156238079071045,0.3812289834022522,0.7590529322624207,0.40983453392982483,0.38248199224472046,0.8471658229827881,0.5190308094024658,0.4634242057800293,0.5119739770889282,0.40188586711883545,0.45220524072647095,0.6553604602813721,0.5200579166412354,0.48392125964164734,0.4478939473628998,0.4001060128211975,0.4734671711921692,0.5818685293197632,0.5164585709571838,0.4851389229297638,0.46127188205718994,0.40331462025642395,0.47624003887176514,0.5986147522926331,0.5134580135345459,0.4768241047859192,0.4497610032558441,0.40499141812324524,0.4696106016635895,0.5933660268783569,0.4765464663505554,0.4616505205631256,0.9994608759880066,0.4180537760257721,0.45699450373649597,0.9997079968452454,0.46044251322746277,0.5775303840637207,0.9045704007148743,0.4118475914001465,0.5640818476676941,0.9674679040908813,0.41441625356674194,0.6768026947975159,0.9654055237770081,0.48547565937042236,0.6543514728546143,0.9856882691383362,0.39834392070770264,0.691909670829773,0.8886009454727173,0.5007727146148682,0.6638230085372925,0.9069668054580688,0.4327530860900879,0.7138017416000366,0.9597535729408264,0.47319212555885315,0.6966783404350281,0.9808831810951233
53,0.4509935975074768,0.20478440821170807,0.999988853931427,0.45827826857566833,0.19474060833454132,0.9999654293060303,0.4636096954345703,0.19491522014141083,0.999962568283081,0.4681724011898041,0.19524985551834106,0.9999645352363586,0.4439784288406372,0.195273295044899,0.9999656677246094,0.44075286388397217,0.1957501322031021,0.9999590516090393,0.4364846646785736,0.19635576009750366,0.9999619722366333,0.47539961338043213,0.2022922933101654,0.9999006390571594,0.43294447660446167,0.20588283240795135,0.9999054670333862,0.4621458649635315,0.2193842977285385,0.9999808669090271,0.44311705231666565,0.21955765783786774,0.9999778866767883,0.5136653184890747,0.28896522521972656,0.9997687339782715,0.40223008394241333,0.28945308923721313,0.999789834022522,0.5163020491600037,0.3764346241950989,0.7799415588378906,0.4095706045627594,0.37861019372940063,0.8204934000968933,0.5197644829750061,0.4580037295818329,0.5483685731887817,0.4029849171638489,0.4485330283641815,0.6223115921020508,0.5206676721572876,0.4807682931423187,0.48449623584747314,0.40151163935661316,0.4701577126979828,0.5519413352012634,0.517362654209137,0.48173871636390686,0.4973653256893158,0.40464258193969727,0.472210556268692,0.5680502653121948,0.5143668055534363,0.47311410307884216,0.4843932092189789,0.40658119320869446,0.4653663635253906,0.5626760125160217,0.47929656505584717,0.45685335993766785,0.9994926452636719,0.42044878005981445,0.4532043933868408,0.9996985793113708,0.4619753658771515,0.5723211765289307,0.9121495485305786,0.40880873799324036,0.5638529658317566,0.9692599177360535,0.4163416624069214,0.6743582487106323,0.9681593179702759,0.4758569002151489,0.6589838862419128,0.9863906502723694,0.4000343680381775,0.6892552971839905,0.8947170972824097,0.4920448660850525,0.6670061349868774,0.9133052229881287,0.4320697486400604,0.7133005857467651,0.9628395438194275,0.46448519825935364,0.7068305611610413,0.9816135168075562
54,0.4523252248764038,0.20451627671718597,0.9999880194664001,0.4595685601234436,0.1939454823732376,0.9999617338180542,0.46469226479530334,0.19455358386039734,0.9999591708183289,0.46920523047447205,0.19495514035224915,0.9999616742134094,0.44463157653808594,0.19336754083633423,0.9999606609344482,0.44119948148727417,0.19387514889240265,0.9999521374702454,0.4369514584541321,0.19476252794265747,0.9999541640281677,0.4757089912891388,0.2009148895740509,0.9999021887779236,0.43281424045562744,0.20545653998851776,0.999886691570282,0.46349939703941345,0.21807123720645905,0.9999797344207764,0.443754106760025,0.21927516162395477,0.9999735951423645,0.5133559107780457,0.28871142864227295,0.9997797012329102,0.4029191732406616,0.2863982617855072,0.9997634291648865,0.5167540907859802,0.37195757031440735,0.797183096408844,0.40839794278144836,0.37513524293899536,0.800235390663147,0.5202479362487793,0.4506904184818268,0.576958954334259,0.40251049399375916,0.4443937838077545,0.6039045453071594,0.5210211277008057,0.47678011655807495,0.5128343105316162,0.40188124775886536,0.4666966199874878,0.5353309512138367,0.5179439783096313,0.4759235382080078,0.5254495143890381,0.40499386191368103,0.4687739610671997,0.5513623952865601,0.5148900151252747,0.46896815299987793,0.512295663356781,0.4067075550556183,0.46094971895217896,0.5470723509788513,0.4803105592727661,0.45204082131385803,0.9994879961013794,0.4224587380886078,0.44874393939971924,0.9996844530105591,0.45757603645324707,0.5689298510551453,0.916469395160675,0.4170399606227875,0.5640445947647095,0.968494713306427,0.41779255867004395,0.668004035949707,0.968658447265625,0.4558544456958771,0.6774738430976868,0.9860590100288391,0.4045977294445038,0.6819369196891785,0.8866963982582092,0.47053807973861694,0.6937540173530579,0.9151225686073303,0.4287559986114502,0.7089067697525024,0.9629338383674622,0.4380169212818146,0.7164866328239441,0.9811638593673706
55,0.45352983474731445,0.18379810452461243,0.9999840259552002,0.4607551693916321,0.17281541228294373,0.9999468922615051,0.4657108187675476,0.1730259507894516,0.9999439716339111,0.47012782096862793,0.17325809597969055,0.9999471306800842,0.44599851965904236,0.1740257441997528,0.9999449253082275,0.442621648311615,0.17513003945350647,0.9999333620071411,0.43834495544433594,0.1763869822025299,0.9999341368675232,0.47623464465141296,0.17972329258918762,0.999882161617279,0.4341270327568054,0.18627206981182098,0.9998308420181274,0.4647118151187897,0.19787470996379852,0.9999741315841675,0.44515058398246765,0.19826433062553406,0.9999650120735168,0.5141510963439941,0.2690258026123047,0.999778151512146,0.40401169657707214,0.269702285528183,0.999731719493866,0.5170315504074097,0.3570200204849243,0.8116526007652283,0.40833956003189087,0.35614123940467834,0.7919163107872009,0.5211747288703918,0.435376912355423,0.6008236408233643,0.40199196338653564,0.4284225106239319,0.5889571905136108,0.521619975566864,0.45820748805999756,0.5342912673950195,0.40056490898132324,0.4508858025074005,0.5200598239898682,0.5180720090866089,0.4591459035873413,0.5476588010787964,0.4052550792694092,0.45158669352531433,0.536488950252533,0.5150665044784546,0.4513089060783386,0.533622145652771,0.40701213479042053,0.4433882534503937,0.5323915481567383,0.48151475191116333,0.4371795952320099,0.9993215203285217,0.42397940158843994,0.4344376027584076,0.9995832443237305,0.4586677849292755,0.5573832392692566,0.9071928858757019,0.4268813133239746,0.557098388671875,0.953201174736023,0.4193388521671295,0.6578247547149658,0.9533185362815857,0.43480855226516724,0.6780515313148499,0.9776197671890259,0.41010794043540955,0.6643763780593872,0.8546730279922485,0.4368824064731598,0.6971828937530518,0.8900693655014038,0.42389264702796936,0.704064667224884,0.9488641619682312,0.42343875765800476,0.715326189994812,0.9720634818077087
56,0.45500534772872925,0.16781483590602875,0.9999769330024719,0.4613666534423828,0.15806099772453308,0.9999240636825562,0.4660685658454895,0.1582515686750412,0.9999201893806458,0.47030508518218994,0.15817254781723022,0.9999253749847412,0.4468708038330078,0.15890644490718842,0.9999222755432129,0.4430569112300873,0.15982435643672943,0.9999050498008728,0.43870824575424194,0.16094829142093658,0.9999052286148071,0.47704362869262695,0.16434110701084137,0.9998518228530884,0.43430498242378235,0.16997505724430084,0.9997347593307495,0.4649762511253357,0.18266037106513977,0.999966025352478,0.4460544288158417,0.18273252248764038,0.9999527335166931,0.5144679546356201,0.2526114583015442,0.9997636675834656,0.40469011664390564,0.25406700372695923,0.9997009038925171,0.5188158750534058,0.3397510349750519,0.8272964358329773,0.4081639051437378,0.3360426127910614,0.7961095571517944,0.525431752204895,0.4170660674571991,0.6314379572868347,0.4003526568412781,0.40936279296875,0.5926966071128845,0.5262632369995117,0.440479576587677,0.5643017888069153,0.3996485471725464,0.4317931830883026,0.5227589011192322,0.5228357315063477,0.44089195132255554,0.5775161385536194,0.4042207598686218,0.4317769706249237,0.540113627910614,0.5197846293449402,0.4310018718242645,0.5631053447723389,0.4063808023929596,0.4239240288734436,0.534765899181366,0.4872228503227234,0.42116835713386536,0.9988996982574463,0.42483994364738464,0.4202912747859955,0.9994558095932007,0.45907163619995117,0.5441100001335144,0.9044889807701111,0.430600106716156,0.5491220951080322,0.9492975473403931,0.4391728341579437,0.6435731053352356,0.927501380443573,0.4310688078403473,0.6791456937789917,0.9697166085243225,0.4348717927932739,0.6537941694259644,0.809296727180481,0.4365473985671997,0.6986187696456909,0.8568532466888428,0.43235069513320923,0.6859053373336792,0.9234673380851746,0.41280755400657654,0.7157868146896362,0.9597536325454712
57,0.45999154448509216,0.15692101418972015,0.9999743700027466,0.46443620324134827,0.14679521322250366,0.9999167323112488,0.46872252225875854,0.14667978882789612,0.9999136924743652,0.47198817133903503,0.14657041430473328,0.9999189376831055,0.451090544462204,0.14785782992839813,0.9999144673347473,0.4465186297893524,0.1491771787405014,0.9998971223831177,0.44160348176956177,0.15066291391849518,0.9998975992202759,0.477164626121521,0.15332430601119995,0.9998459815979004,0.4360407590866089,0.1597689986228943,0.999715268611908,0.4687308967113495,0.17144277691841125,0.9999629855155945,0.45118248462677,0.17199920117855072,0.9999477863311768,0.5172821283340454,0.24152621626853943,0.9997497200965881,0.40678197145462036,0.24425652623176575,0.9996768236160278,0.520664632320404,0.33232828974723816,0.8393877744674683,0.4084170162677765,0.33038610219955444,0.8022259473800659,0.525476336479187,0.41339966654777527,0.6487317085266113,0.4008306860923767,0.4043737053871155,0.5989282727241516,0.5261898040771484,0.43848562240600586,0.579085111618042,0.4000909924507141,0.42711496353149414,0.5271053314208984,0.5225019454956055,0.4389265179634094,0.5923821330070496,0.4046793282032013,0.4270283579826355,0.5449272394180298,0.5196382403373718,0.4284663796424866,0.577481746673584,0.4067150950431824,0.4187191128730774,0.5391685366630554,0.4933996796607971,0.4073387682437897,0.9986963868141174,0.43003326654434204,0.40476194024086,0.9993294477462769,0.471829354763031,0.5313427448272705,0.9099678993225098,0.42934536933898926,0.5327202081680298,0.9501804709434509,0.4611700773239136,0.6390271186828613,0.9297581315040588,0.43558844923973083,0.6669408082962036,0.9695351719856262,0.4578514099121094,0.652280330657959,0.7962953448295593,0.44154128432273865,0.684211790561676,0.8482930064201355,0.45140549540519714,0.6809981465339661,0.925255298614502,0.4253505766391754,0.7086562514305115,0.9589969515800476
58,0.4650280773639679,0.15325213968753815,0.9999751448631287,0.46862781047821045,0.1419866383075714,0.9999186992645264,0.47215932607650757,0.14189840853214264,0.9999167323112488,0.47471800446510315,0.14167572557926178,0.9999216198921204,0.45581769943237305,0.1438503861427307,0.999914824962616,0.45096370577812195,0.14481286704540253,0.99989914894104,0.44621649384498596,0.14589855074882507,0.9998993277549744,0.480143666267395,0.14920076727867126,0.9998535513877869,0.4383791983127594,0.15540742874145508,0.9997240304946899,0.4730890989303589,0.1675547957420349,0.9999647736549377,0.45619845390319824,0.16824734210968018,0.9999492764472961,0.5219430923461914,0.2360982447862625,0.9997698664665222,0.4096115827560425,0.2385384887456894,0.9996833205223083,0.5223296284675598,0.32993945479393005,0.8518202304840088,0.40879788994789124,0.32591482996940613,0.8036383390426636,0.5246282815933228,0.4101334512233734,0.6661936640739441,0.4035460948944092,0.398127019405365,0.6008757948875427,0.5238765478134155,0.43739381432533264,0.5960718989372253,0.40109431743621826,0.42177441716194153,0.5273894667625427,0.5200424194335938,0.43650373816490173,0.6091747283935547,0.40618422627449036,0.42078131437301636,0.5450640916824341,0.5179515480995178,0.4257388114929199,0.5929750800132751,0.4090833365917206,0.4126432538032532,0.5391659736633301,0.4962189495563507,0.40182873606681824,0.99878990650177,0.43375393748283386,0.3986012637615204,0.9993399977684021,0.479536235332489,0.5237650275230408,0.9184461832046509,0.4281695783138275,0.5205996036529541,0.9541006088256836,0.4828355610370636,0.6326088905334473,0.9363759756088257,0.4381580352783203,0.6310164332389832,0.9717329144477844,0.48393136262893677,0.644329845905304,0.800774335861206,0.4476436972618103,0.6419388651847839,0.8547109961509705,0.45929479598999023,0.6769723296165466,0.9319504499435425,0.42680326104164124,0.6756770014762878,0.9620515704154968
59,0.4678376019001007,0.15520267188549042,0.9999752044677734,0.47231853008270264,0.14488404989242554,0.9999191164970398,0.4752499461174011,0.14467717707157135,0.9999179840087891,0.47842589020729065,0.1446426659822464,0.9999229907989502,0.45919308066368103,0.14685718715190887,0.9999139308929443,0.4540485739707947,0.14778007566928864,0.9998992681503296,0.4495368003845215,0.1486244797706604,0.9998995065689087,0.4841691255569458,0.15172232687473297,0.9998562335968018,0.4415469169616699,0.15718303620815277,0.9997296333312988,0.475787490606308,0.16817958652973175,0.999966025352478,0.4590796232223511,0.16974379122257233,0.9999498724937439,0.5245833396911621,0.2361365407705307,0.9997878074645996,0.4132469892501831,0.23882609605789185,0.9996864795684814,0.5229352116584778,0.32682913541793823,0.8619112968444824,0.4089743196964264,0.3233804404735565,0.8067665100097656,0.5238762497901917,0.40800777077674866,0.6739041805267334,0.40784141421318054,0.3933185636997223,0.5977779626846313,0.521571159362793,0.4344508647918701,0.6034102439880371,0.4052560031414032,0.41582027077674866,0.5211856961250305,0.5171512365341187,0.43373095989227295,0.6163680553436279,0.4106701612472534,0.41437089443206787,0.5380602478981018,0.5157345533370972,0.4239010810852051,0.5982776880264282,0.4136436879634857,0.40644505620002747,0.5321067571640015,0.4986239969730377,0.4008099138736725,0.9988926649093628,0.4384100139141083,0.39699748158454895,0.9993590116500854,0.4864136576652527,0.51524418592453,0.926182746887207,0.4284816384315491,0.5105538964271545,0.9573602676391602,0.4858512878417969,0.6185365319252014,0.9422435164451599,0.4460653066635132,0.575360119342804,0.9697887301445007,0.4876643717288971,0.6273906826972961,0.8049482107162476,0.4488533139228821,0.5817052721977234,0.850737988948822,0.4696006774902344,0.6605339050292969,0.9377232789993286,0.4354090690612793,0.6245115399360657,0.9615788459777832
60,0.4725101888179779,0.1567312479019165,0.9999743103981018,0.47644302248954773,0.1467285454273224,0.9999178647994995,0.48007866740226746,0.14677225053310394,0.999916672706604,0.48390358686447144,0.146929532289505,0.9999223947525024,0.4640965461730957,0.1479163020849228,0.9999117255210876,0.45883607864379883,0.14873547852039337,0.9998970031738281,0.4541570842266083,0.14979329705238342,0.9998981356620789,0.4882713258266449,0.15403060615062714,0.9998477101325989,0.446039080619812,0.158413365483284,0.9997353553771973,0.48009493947029114,0.16994830965995789,0.999966025352478,0.46429571509361267,0.17137877643108368,0.9999494552612305,0.5274267196655273,0.23909880220890045,0.9997930526733398,0.4157530963420868,0.2422841340303421,0.9996879696846008,0.5239425301551819,0.32799702882766724,0.8629214763641357,0.4142329692840576,0.32715892791748047,0.8148578405380249,0.5251232981681824,0.4106184244155884,0.6674724817276001,0.4155135154724121,0.3965896964073181,0.5927203893661499,0.5229068398475647,0.43615472316741943,0.5978974103927612,0.4137882590293884,0.4181971549987793,0.5133365988731384,0.5194464325904846,0.43619418144226074,0.6113921403884888,0.4178946614265442,0.4172229468822479,0.5297456979751587,0.5179780721664429,0.42635276913642883,0.5925227999687195,0.42030447721481323,0.4099263846874237,0.5247091054916382,0.5034453868865967,0.40342599153518677,0.9989873766899109,0.44312503933906555,0.3999881446361542,0.999398410320282,0.4924187660217285,0.5112249255180359,0.9312925338745117,0.429662823677063,0.5127934813499451,0.9598538875579834,0.47706139087677,0.5926694869995117,0.944423258304596,0.46883752942085266,0.5406063795089722,0.9499621987342834,0.47285398840904236,0.6027369499206543,0.8058011531829834,0.4743608236312866,0.5408390760421753,0.8162615895271301,0.4771973490715027,0.6331530213356018,0.9387783408164978,0.4682404398918152,0.585193395614624,0.9419350028038025
61,0.4754893481731415,0.15887314081192017,0.9999735951423645,0.47929826378822327,0.14875328540802002,0.9999153017997742,0.48344549536705017,0.14882268011569977,0.9999145269393921,0.4871250092983246,0.14903715252876282,0.9999201893806458,0.46732592582702637,0.14984828233718872,0.9999089241027832,0.4621366858482361,0.15073487162590027,0.9998944401741028,0.45735788345336914,0.15183010697364807,0.9998961687088013,0.49113160371780396,0.15614305436611176,0.9998428821563721,0.4491817355155945,0.16017666459083557,0.9997321367263794,0.4828498363494873,0.17237550020217896,0.9999639391899109,0.4674023985862732,0.17367655038833618,0.999946117401123,0.5295761823654175,0.24051667749881744,0.9997825622558594,0.4183633029460907,0.24392522871494293,0.9996723532676697,0.5254272222518921,0.3283582925796509,0.8631525635719299,0.4186498522758484,0.3294544517993927,0.8223918080329895,0.526742696762085,0.40814968943595886,0.6553571224212646,0.41995498538017273,0.3992330729961395,0.5974448919296265,0.5255382061004639,0.43239372968673706,0.5865761637687683,0.4180757701396942,0.42164403200149536,0.5166749954223633,0.5227537155151367,0.43446868658065796,0.5999939441680908,0.422574520111084,0.4206751883029938,0.5326024889945984,0.5210095047950745,0.4250616431236267,0.581244945526123,0.42506667971611023,0.41302281618118286,0.526370108127594,0.5070009231567383,0.40311190485954285,0.9990582466125488,0.4473576545715332,0.4011358618736267,0.9994128942489624,0.5006017088890076,0.5011821389198303,0.93575119972229,0.43742743134498596,0.5074312686920166,0.9604243040084839,0.47067371010780334,0.580731987953186,0.9469640254974365,0.4854419231414795,0.5726951360702515,0.9485399127006531,0.46420058608055115,0.5904248356819153,0.8135630488395691,0.4929633140563965,0.5783067941665649,0.8148466944694519,0.4732595980167389,0.6225021481513977,0.9412105083465576,0.4839169383049011,0.6201736927032471,0.9389786720275879
62,0.47796952724456787,0.1601385623216629,0.9999747276306152,0.482497900724411,0.1501588225364685,0.9999172687530518,0.48677563667297363,0.15022513270378113,0.9999152421951294,0.49020183086395264,0.150435671210289,0.9999211430549622,0.47012990713119507,0.1512192040681839,0.9999134540557861,0.46484556794166565,0.15210463106632233,0.999899685382843,0.45998460054397583,0.15315629541873932,0.9999025464057922,0.49447691440582275,0.15741929411888123,0.9998417496681213,0.4516862630844116,0.1613595187664032,0.9997507333755493,0.4856197237968445,0.17380844056606293,0.9999637603759766,0.4696892499923706,0.17500194907188416,0.9999485015869141,0.5315068364143372,0.24115672707557678,0.9997437000274658,0.4204081594944,0.24496731162071228,0.9996920824050903,0.526958703994751,0.3253430128097534,0.8447087407112122,0.42042186856269836,0.331270694732666,0.8315319418907166,0.5282466411590576,0.3952450752258301,0.61604905128479,0.4230400025844574,0.401413232088089,0.606359601020813,0.5266802906990051,0.4190919101238251,0.5521432161331177,0.42148321866989136,0.4222656190395355,0.5235217213630676,0.523694634437561,0.4208948016166687,0.5648590922355652,0.4273606538772583,0.4228791892528534,0.5389495491981506,0.5225434899330139,0.41276392340660095,0.5477773547172546,0.42966583371162415,0.41349318623542786,0.5321771502494812,0.512486457824707,0.40604671835899353,0.9990925192832947,0.454268217086792,0.403821736574173,0.9994452595710754,0.5083735585212708,0.508191704750061,0.9391823410987854,0.45326948165893555,0.5148699879646301,0.9621629118919373,0.4532322287559509,0.6001806855201721,0.9505104422569275,0.5081758499145508,0.593575656414032,0.9521865844726562,0.43906885385513306,0.6105111241340637,0.8254194855690002,0.5201643109321594,0.6025227308273315,0.8264966607093811,0.45299431681632996,0.6313810348510742,0.9446566104888916,0.5127075910568237,0.6260944604873657,0.9425973892211914
63,0.48026978969573975,0.16223905980587006,0.9999767541885376,0.48480674624443054,0.15223754942417145,0.9999237060546875,0.4889310598373413,0.15220840275287628,0.999921441078186,0.4922392666339874,0.1522454470396042,0.999926745891571,0.4721226096153259,0.15302535891532898,0.9999207258224487,0.4667232632637024,0.1535806506872177,0.9999082088470459,0.4616416096687317,0.15451228618621826,0.9999111294746399,0.4958791434764862,0.1578540802001953,0.9998526573181152,0.452804833650589,0.1623997688293457,0.9997734427452087,0.4877983629703522,0.17571623623371124,0.9999662637710571,0.47158583998680115,0.1776725798845291,0.9999527931213379,0.5323780179023743,0.24225856363773346,0.9997449517250061,0.42198044061660767,0.24541759490966797,0.9997175335884094,0.5273168087005615,0.3277018070220947,0.8377836346626282,0.4214995503425598,0.3315560221672058,0.8420360684394836,0.5291737914085388,0.39930474758148193,0.5998650789260864,0.42270681262016296,0.41036975383758545,0.632738471031189,0.5274981260299683,0.4205349087715149,0.5387468934059143,0.42228907346725464,0.4325663149356842,0.551567792892456,0.5242119431495667,0.424518883228302,0.5508564114570618,0.4282933473587036,0.4336533844470978,0.5668120384216309,0.5232537984848022,0.41749992966651917,0.5354002714157104,0.43042412400245667,0.4256094694137573,0.5600700974464417,0.51388019323349,0.41158345341682434,0.9991198778152466,0.4586241841316223,0.41179198026657104,0.9994682669639587,0.5016838312149048,0.5315312147140503,0.9391570687294006,0.48510682582855225,0.5358227491378784,0.9602321982383728,0.4456482231616974,0.6531267166137695,0.9535696506500244,0.5273711681365967,0.6401312351226807,0.9551249146461487,0.43190762400627136,0.6662540435791016,0.8301613330841064,0.5395695567131042,0.6576451063156128,0.8363087773323059,0.44578349590301514,0.691093921661377,0.9474667906761169,0.5098681449890137,0.6781779527664185,0.9462592005729675
64,0.4812728464603424,0.16473053395748138,0.9999783635139465,0.4854792654514313,0.15496185421943665,0.9999286532402039,0.489543616771698,0.15502990782260895,0.9999258518218994,0.49262893199920654,0.15508653223514557,0.9999306201934814,0.47341540455818176,0.15559539198875427,0.9999268054962158,0.4680914580821991,0.15612152218818665,0.999915599822998,0.4629221558570862,0.15730232000350952,0.9999186992645264,0.49571460485458374,0.16173797845840454,0.9998566508293152,0.4537181854248047,0.1661563366651535,0.9997943043708801,0.4887703061103821,0.17862947285175323,0.9999685883522034,0.4726394712924957,0.18038323521614075,0.9999568462371826,0.5328775644302368,0.24499134719371796,0.9997386932373047,0.4225999116897583,0.24891526997089386,0.9997434616088867,0.5304062962532043,0.32837167382240295,0.832572877407074,0.4226890206336975,0.3366282880306244,0.8554660677909851,0.5341364741325378,0.4015996754169464,0.5858669877052307,0.42256638407707214,0.41821426153182983,0.6624777317047119,0.5322839617729187,0.425945907831192,0.5237677693367004,0.4234398305416107,0.4387909770011902,0.5836440920829773,0.5293680429458618,0.42890530824661255,0.5355088114738464,0.4290531575679779,0.43904632329940796,0.5982059240341187,0.5287005305290222,0.41972002387046814,0.5219321846961975,0.4311034381389618,0.43154653906822205,0.5912087559700012,0.5163782238960266,0.41323038935661316,0.9991503357887268,0.4604983329772949,0.4147645831108093,0.9994955062866211,0.4937402606010437,0.5381456017494202,0.9409159421920776,0.4958510398864746,0.5378912687301636,0.9541215896606445,0.44623202085494995,0.6722300052642822,0.9561868906021118,0.536851167678833,0.643476128578186,0.9560651183128357,0.4357936978340149,0.6901999711990356,0.8372750282287598,0.5460019707679749,0.6626319885253906,0.8402964472770691,0.4590747058391571,0.7076126933097839,0.949255108833313,0.5160718560218811,0.6866981387138367,0.9481037855148315
65,0.4819399118423462,0.16721802949905396,0.9999797940254211,0.48590150475502014,0.1574288010597229,0.999933123588562,0.49001210927963257,0.1575741320848465,0.9999296069145203,0.4929782748222351,0.15772920846939087,0.9999339580535889,0.47420158982276917,0.1580311506986618,0.9999323487281799,0.46885332465171814,0.15861645340919495,0.9999222755432129,0.46369585394859314,0.15986862778663635,0.9999255537986755,0.4956603944301605,0.16488690674304962,0.999857485294342,0.4542824327945709,0.16907808184623718,0.9998131394386292,0.489396333694458,0.18136630952358246,0.9999707341194153,0.4735150635242462,0.18275442719459534,0.9999605417251587,0.5334485769271851,0.2484942078590393,0.999732255935669,0.42342716455459595,0.2527620792388916,0.9997667074203491,0.5339692234992981,0.33178240060806274,0.8257578611373901,0.4255790710449219,0.34182289242744446,0.8683397769927979,0.5380034446716309,0.4057963192462921,0.5758214592933655,0.42323532700538635,0.4220404326915741,0.6905247569084167,0.5365382432937622,0.42701250314712524,0.5123425126075745,0.42393210530281067,0.44287794828414917,0.6142663359642029,0.5341004133224487,0.42992401123046875,0.5242413878440857,0.4290194511413574,0.44342362880706787,0.6280748248100281,0.5328181982040405,0.4230072498321533,0.5120559334754944,0.4313223958015442,0.4359622597694397,0.6209043860435486,0.5190346837043762,0.4142889976501465,0.9991872310638428,0.46369683742523193,0.41595369577407837,0.9995168447494507,0.49267229437828064,0.5416039228439331,0.9399769902229309,0.49908408522605896,0.5391539931297302,0.9449007511138916,0.4480195641517639,0.6788138747215271,0.9581440687179565,0.5364071130752563,0.6482585072517395,0.95414799451828,0.4359518587589264,0.6956727504730225,0.8427495956420898,0.5439439415931702,0.6660283207893372,0.8367779850959778,0.47263869643211365,0.7107587456703186,0.9504433274269104,0.5151222944259644,0.6909211277961731,0.9472418427467346
66,0.4819524586200714,0.1672247052192688,0.9999810457229614,0.48590028285980225,0.15744270384311676,0.9999372959136963,0.49008843302726746,0.15758368372917175,0.9999332427978516,0.49328911304473877,0.15773048996925354,0.999937117099762,0.47380414605140686,0.15803764760494232,0.9999373555183411,0.46844786405563354,0.15863622725009918,0.9999281764030457,0.4633982479572296,0.15988054871559143,0.9999316334724426,0.49605873227119446,0.1647554636001587,0.9998588562011719,0.4541948139667511,0.1690087467432022,0.9998297691345215,0.48970240354537964,0.18136179447174072,0.999972403049469,0.47353363037109375,0.18277724087238312,0.999963641166687,0.5347297191619873,0.2484794408082962,0.9997285604476929,0.4243971109390259,0.2530529797077179,0.9997866749763489,0.5341482162475586,0.33250460028648376,0.8077974319458008,0.42890840768814087,0.3433079123497009,0.87957364320755,0.537388801574707,0.40806135535240173,0.553975522518158,0.4256424307823181,0.42528069019317627,0.713831901550293,0.5358210206031799,0.42822155356407166,0.49210479855537415,0.4268801808357239,0.44576552510261536,0.638698399066925,0.533822774887085,0.43178579211235046,0.5040937662124634,0.43170446157455444,0.4466307759284973,0.6519816517829895,0.5326513648033142,0.4260132312774658,0.49288296699523926,0.43411004543304443,0.439142644405365,0.6445355415344238,0.5191977024078369,0.41518017649650574,0.999235212802887,0.4657737612724304,0.41627833247184753,0.9995383024215698,0.4947686493396759,0.5411771535873413,0.9391777515411377,0.5018471479415894,0.5384253263473511,0.941011905670166,0.4531075358390808,0.6769598722457886,0.9608463644981384,0.536308228969574,0.6456400752067566,0.9539422392845154,0.44352802634239197,0.6911485195159912,0.8490917682647705,0.5431172847747803,0.663029134273529,0.8355916142463684,0.4761461615562439,0.7165318727493286,0.9530469179153442,0.5211883783340454,0.6865926384925842,0.9482715129852295
67,0.4816237688064575,0.16319088637828827,0.9999822974205017,0.48537567257881165,0.1530473828315735,0.9999415278434753,0.48956963419914246,0.15313556790351868,0.9999374747276306,0.49293264746665955,0.1534239947795868,0.9999409317970276,0.47333627939224243,0.15368513762950897,0.9999417066574097,0.46811187267303467,0.15452821552753448,0.9999333620071411,0.4631541073322296,0.1559477150440216,0.9999367594718933,0.4957936704158783,0.16021007299423218,0.9998657703399658,0.45435401797294617,0.16438885033130646,0.9998436570167542,0.489223450422287,0.17712511122226715,0.999974250793457,0.47337934374809265,0.1780322641134262,0.9999664425849915,0.5350151658058167,0.24402914941310883,0.999744713306427,0.4246549904346466,0.24713516235351562,0.9998039603233337,0.5375834703445435,0.330506294965744,0.81181800365448,0.4301125705242157,0.3358546197414398,0.8881118893623352,0.5392487645149231,0.4084048867225647,0.5690782070159912,0.4263898730278015,0.4184868335723877,0.7343732714653015,0.5374708771705627,0.4305022358894348,0.5057601928710938,0.4267869293689728,0.4404600262641907,0.6617799997329712,0.53425133228302,0.43318337202072144,0.5180811285972595,0.4314742982387543,0.4400978088378906,0.6747019290924072,0.5330907106399536,0.42637908458709717,0.5059265494346619,0.4337330758571625,0.4328307807445526,0.6666199564933777,0.5181794166564941,0.40888452529907227,0.999279260635376,0.46514052152633667,0.41101402044296265,0.9995631575584412,0.4967723488807678,0.5385159254074097,0.9402502775192261,0.5055357217788696,0.5362424850463867,0.9420257806777954,0.45472854375839233,0.6667976379394531,0.963469386100769,0.5391934514045715,0.642372727394104,0.9565367102622986,0.4439746141433716,0.6808120012283325,0.8568312525749207,0.5451239943504333,0.6585677266120911,0.8404843807220459,0.47611886262893677,0.7077677249908447,0.9558736085891724,0.5235006213188171,0.6844106912612915,0.9512539505958557
68,0.4821625053882599,0.15773330628871918,0.9999836683273315,0.4857361614704132,0.14771051704883575,0.9999462366104126,0.4898120164871216,0.1477096825838089,0.9999423623085022,0.4930894076824188,0.14777244627475739,0.9999455213546753,0.4739478528499603,0.14855912327766418,0.9999464750289917,0.4688355624675751,0.14921937882900238,0.9999388456344604,0.46386268734931946,0.15024898946285248,0.9999421238899231,0.495708167552948,0.1537741720676422,0.999875545501709,0.4547794461250305,0.15864410996437073,0.9998575448989868,0.48939162492752075,0.1707582175731659,0.9999762773513794,0.4740922152996063,0.17163172364234924,0.9999693036079407,0.5351395010948181,0.23782704770565033,0.999763011932373,0.4252530336380005,0.24043595790863037,0.9998196363449097,0.5401779413223267,0.32331737875938416,0.8190010786056519,0.42961159348487854,0.3286881744861603,0.8955796957015991,0.5431549549102783,0.4006373882293701,0.5909972190856934,0.42728787660598755,0.4096226096153259,0.7520285844802856,0.5433133244514465,0.42551833391189575,0.5261514782905579,0.42741793394088745,0.43216797709465027,0.6812469363212585,0.5392741560935974,0.42726409435272217,0.5388327836990356,0.4315835237503052,0.43036046624183655,0.6939536929130554,0.5375588536262512,0.41952988505363464,0.5255296230316162,0.43384161591529846,0.4226717948913574,0.6848767399787903,0.5177314877510071,0.40210315585136414,0.9993150234222412,0.4655635952949524,0.4053170084953308,0.9995806217193604,0.49579647183418274,0.5381979942321777,0.9393289685249329,0.49828216433525085,0.533807635307312,0.9425661563873291,0.4547376334667206,0.6627653241157532,0.9650167226791382,0.5431709885597229,0.6417672634124756,0.9584067463874817,0.44405609369277954,0.676780104637146,0.8614004254341125,0.551685631275177,0.6576099991798401,0.843229353427887,0.4781429171562195,0.7031307816505432,0.9575039148330688,0.524465799331665,0.6828246712684631,0.9533666372299194
69,0.48200976848602295,0.15520358085632324,0.9999848008155823,0.4855687916278839,0.14475804567337036,0.9999504089355469,0.4896918535232544,0.14474479854106903,0.9999467730522156,0.49304670095443726,0.14477673172950745,0.9999497532844543,0.4737083315849304,0.14572368562221527,0.9999505877494812,0.4686284363269806,0.146353080868721,0.9999435544013977,0.4636940062046051,0.14745283126831055,0.9999467730522156,0.4957646131515503,0.15091030299663544,0.9998846650123596,0.4548933804035187,0.15581350028514862,0.999869167804718,0.4892188310623169,0.1683870106935501,0.9999778270721436,0.47385960817337036,0.1693878024816513,0.9999712705612183,0.5356508493423462,0.23510956764221191,0.9997783303260803,0.4254510998725891,0.23835904896259308,0.9998272657394409,0.5412408709526062,0.3226129412651062,0.82651287317276,0.4302263557910919,0.32692524790763855,0.9004021883010864,0.5449501872062683,0.4023607075214386,0.6017646193504333,0.427457332611084,0.4060322344303131,0.7618572115898132,0.5445728898048401,0.427545964717865,0.5367648005485535,0.4271203875541687,0.429082989692688,0.691291868686676,0.5403047800064087,0.42918509244918823,0.5492565631866455,0.43150490522384644,0.42720887064933777,0.7039819955825806,0.5388050079345703,0.42105039954185486,0.5351852178573608,0.43389439582824707,0.42002907395362854,0.6939236521720886,0.5183649063110352,0.4022042155265808,0.9993607401847839,0.4657067656517029,0.40464380383491516,0.9995814561843872,0.49534574151039124,0.5358186960220337,0.9410742521286011,0.48805108666419983,0.5320951342582703,0.9438835978507996,0.45440673828125,0.6615807414054871,0.9679190516471863,0.5428304672241211,0.6152902245521545,0.9607974886894226,0.44309669733047485,0.6791889071464539,0.8698327541351318,0.5579648017883301,0.623961865901947,0.8541560769081116,0.47663193941116333,0.7034395933151245,0.9608341455459595,0.5308250188827515,0.6680373549461365,0.9561231136322021
70,0.4816693663597107,0.1554819792509079,0.9999862313270569,0.4853649437427521,0.1451658457517624,0.9999550580978394,0.4896203875541687,0.145160973072052,0.9999517798423767,0.4928004741668701,0.14522448182106018,0.9999545216560364,0.4735337197780609,0.14619141817092896,0.9999551773071289,0.4684714376926422,0.1470068246126175,0.9999487400054932,0.46344465017318726,0.14819765090942383,0.9999517798423767,0.4956349730491638,0.15132972598075867,0.9998953938484192,0.45468562841415405,0.15607403218746185,0.9998816251754761,0.48894742131233215,0.16910041868686676,0.9999798536300659,0.4734874665737152,0.17037084698677063,0.9999737739562988,0.5364660024642944,0.23572535812854767,0.9997962117195129,0.4253881275653839,0.23927444219589233,0.9998340010643005,0.5424358248710632,0.32391104102134705,0.8346513509750366,0.43032005429267883,0.32815787196159363,0.9033688902854919,0.5478894710540771,0.4038063585758209,0.6184599995613098,0.42755356431007385,0.40707239508628845,0.7656925916671753,0.5469856858253479,0.42875924706459045,0.5541808009147644,0.426780104637146,0.4298132061958313,0.6950425505638123,0.5434404015541077,0.43032875657081604,0.5666509866714478,0.43098941445350647,0.4280243217945099,0.7077717781066895,0.5416589379310608,0.4221026599407196,0.5521417260169983,0.43339961767196655,0.4205780327320099,0.6969730257987976,0.517796516418457,0.40345656871795654,0.9994061589241028,0.4645785987377167,0.4053039848804474,0.999582827091217,0.4895756244659424,0.5377374291419983,0.943932056427002,0.46265873312950134,0.5282302498817444,0.9477941393852234,0.45222315192222595,0.6659066677093506,0.9707648158073425,0.54220050573349,0.5817017555236816,0.9627116322517395,0.43843621015548706,0.6869572401046753,0.8797098398208618,0.5603264570236206,0.5832018256187439,0.8635411262512207,0.4750228524208069,0.7070080041885376,0.9641716480255127,0.543122410774231,0.6404138207435608,0.9582080245018005
71,0.48115646839141846,0.15582570433616638,0.9999874830245972,0.4852452278137207,0.14587946236133575,0.9999592304229736,0.48923420906066895,0.14595018327236176,0.9999563097953796,0.49275848269462585,0.14605028927326202,0.9999588131904602,0.472675621509552,0.14689528942108154,0.9999592304229736,0.46744269132614136,0.14773041009902954,0.9999533891677856,0.4626956880092621,0.14900647103786469,0.9999561905860901,0.4955417513847351,0.15232254564762115,0.9999051094055176,0.45449304580688477,0.1567486971616745,0.9998927116394043,0.4889116883277893,0.16987015306949615,0.9999816417694092,0.4723047614097595,0.1714189052581787,0.9999759793281555,0.5370968580245972,0.23588626086711884,0.99981290102005,0.425215482711792,0.24033501744270325,0.9998365640640259,0.5435500144958496,0.3247506618499756,0.8431358933448792,0.4308605492115021,0.32896846532821655,0.9050903916358948,0.5493481755256653,0.40408146381378174,0.6323085427284241,0.4272128641605377,0.40899890661239624,0.7637889385223389,0.5478788018226624,0.42943915724754333,0.568986177444458,0.42664167284965515,0.43100881576538086,0.6923083662986755,0.5443262457847595,0.4310667812824249,0.5813610553741455,0.4305900037288666,0.43083301186561584,0.7050973773002625,0.5429249405860901,0.42283642292022705,0.5665969252586365,0.433271586894989,0.42420992255210876,0.6936777234077454,0.5173391103744507,0.4044943153858185,0.9994521141052246,0.46301692724227905,0.4075494110584259,0.9995878338813782,0.487669974565506,0.5397706627845764,0.9475860595703125,0.44935229420661926,0.5284216403961182,0.9518877267837524,0.45215684175491333,0.6654139161109924,0.9734013080596924,0.5453277230262756,0.5684475898742676,0.9636484980583191,0.4388143718242645,0.6865769624710083,0.8884912729263306,0.563055694103241,0.5670700669288635,0.870384693145752,0.4695649743080139,0.705945611000061,0.9672549962997437,0.5457704067230225,0.620951771736145,0.9591804146766663
72,0.48094943165779114,0.15672895312309265,0.9999885559082031,0.4850280284881592,0.14621150493621826,0.9999629259109497,0.4890785217285156,0.14620471000671387,0.9999603033065796,0.49258142709732056,0.1462544947862625,0.999962568283081,0.4725262224674225,0.14729560911655426,0.9999628067016602,0.46740952134132385,0.14827682077884674,0.9999574422836304,0.46264657378196716,0.14961501955986023,0.9999601244926453,0.49564921855926514,0.15305382013320923,0.9999136328697205,0.45445716381073,0.15831173956394196,0.999902606010437,0.4887283444404602,0.1718880534172058,0.9999832510948181,0.47220882773399353,0.1738254874944687,0.9999780058860779,0.5379475951194763,0.2405572235584259,0.9998266100883484,0.42507994174957275,0.2438124269247055,0.9998419284820557,0.5441154837608337,0.33030593395233154,0.8490126132965088,0.43171802163124084,0.33202430605888367,0.9068267345428467,0.5502508878707886,0.4091290831565857,0.6393280029296875,0.42761945724487305,0.4110918343067169,0.7626926302909851,0.5494469404220581,0.4322218596935272,0.5766067504882812,0.4263412356376648,0.43365851044654846,0.6899920701980591,0.5463539958000183,0.4340522289276123,0.5888367295265198,0.4302842915058136,0.4345419108867645,0.7026198506355286,0.5444405674934387,0.4255943298339844,0.5742058753967285,0.4329468607902527,0.4273424446582794,0.6912583112716675,0.5177095532417297,0.40621256828308105,0.9994931221008301,0.4622361958026886,0.40906432271003723,0.9996024370193481,0.48881348967552185,0.5427905321121216,0.9507829546928406,0.45009303092956543,0.528572678565979,0.9555612802505493,0.4538349509239197,0.665147602558136,0.9757077693939209,0.5411044359207153,0.5702901482582092,0.9644866585731506,0.44147437810897827,0.685179591178894,0.8954604864120483,0.5576887726783752,0.570162832736969,0.8749057650566101,0.46793097257614136,0.705877959728241,0.9699006676673889,0.5418853759765625,0.6270466446876526,0.9602130055427551
73,0.48066216707229614,0.16186697781085968,0.9999894499778748,0.48499608039855957,0.15094363689422607,0.9999659061431885,0.4885936677455902,0.15090696513652802,0.9999635219573975,0.4920165240764618,0.15103067457675934,0.9999656677246094,0.4721836447715759,0.15269885957241058,0.9999657869338989,0.4668467342853546,0.15404897928237915,0.9999608397483826,0.462161123752594,0.15538643300533295,0.9999634027481079,0.4956345856189728,0.1581585705280304,0.9999206066131592,0.45435163378715515,0.1636548787355423,0.9999106526374817,0.4886424243450165,0.17707349359989166,0.9999845027923584,0.4717246890068054,0.17875394225120544,0.999979555606842,0.537782609462738,0.2446911484003067,0.9998374581336975,0.4250392019748688,0.24908347427845,0.9998485445976257,0.5435095429420471,0.3340265452861786,0.8549790382385254,0.4313681721687317,0.3391250669956207,0.9100605845451355,0.5509149432182312,0.413303405046463,0.6488110423088074,0.4273742139339447,0.41723769903182983,0.7699910402297974,0.5511741042137146,0.4365999102592468,0.5869987607002258,0.42616912722587585,0.4425640106201172,0.6967616677284241,0.5480640530586243,0.4377425014972687,0.5989513397216797,0.43006986379623413,0.444069504737854,0.7092105746269226,0.5454704761505127,0.42840197682380676,0.5837206840515137,0.4327092468738556,0.43540120124816895,0.6976768970489502,0.5188645124435425,0.41113510727882385,0.9995310306549072,0.4619271159172058,0.4123733639717102,0.9996224045753479,0.5014180541038513,0.542125940322876,0.9539312720298767,0.4582712948322296,0.5353415012359619,0.9583808183670044,0.45625779032707214,0.6635552048683167,0.9775904417037964,0.5388255715370178,0.59634929895401,0.966321587562561,0.4460456371307373,0.6770337820053101,0.8994592428207397,0.5541073679924011,0.5868386626243591,0.880621612071991,0.46632876992225647,0.7061367630958557,0.972076952457428,0.5363661050796509,0.6589463353157043,0.9621216058731079
74,0.4801066815853119,0.17901615798473358,0.9999898076057434,0.4837654232978821,0.16768582165241241,0.9999669194221497,0.4874356985092163,0.1677614450454712,0.9999640583992004,0.4900403618812561,0.16768579185009003,0.9999660849571228,0.4709889590740204,0.1690843552350998,0.9999676942825317,0.4659278392791748,0.1698404848575592,0.9999628663063049,0.46131274104118347,0.17081215977668762,0.9999654293060303,0.49366095662117004,0.17563305795192719,0.9999220371246338,0.45337969064712524,0.18026629090309143,0.9999164938926697,0.48833224177360535,0.19227029383182526,0.9999842643737793,0.4712580740451813,0.19372788071632385,0.9999804496765137,0.5338687300682068,0.25842976570129395,0.999799370765686,0.4239966571331024,0.2641443610191345,0.9998552799224854,0.5368905663490295,0.3473054766654968,0.8259641528129578,0.43105727434158325,0.35675185918807983,0.916383683681488,0.5466659665107727,0.4225485026836395,0.6239904761314392,0.427550733089447,0.434479296207428,0.7826730608940125,0.5505960583686829,0.444741427898407,0.5660874843597412,0.42641037702560425,0.45770421624183655,0.7099760174751282,0.547315239906311,0.44638192653656006,0.5777546763420105,0.43138977885246277,0.45831480622291565,0.7216452360153198,0.5449694991111755,0.43811604380607605,0.5631247162818909,0.4343712627887726,0.4511409401893616,0.7091232538223267,0.5197744369506836,0.42961210012435913,0.9995626211166382,0.4637288451194763,0.4327143430709839,0.9996499419212341,0.5322818160057068,0.5402615666389465,0.9579316973686218,0.4833499491214752,0.5541291832923889,0.96085125207901,0.46767669916152954,0.6237471103668213,0.9786413311958313,0.5375263690948486,0.6383084654808044,0.9684028625488281,0.44931572675704956,0.6337342858314514,0.9058370590209961,0.5533282160758972,0.6487369537353516,0.8839451670646667,0.4786296486854553,0.6775308847427368,0.9734705686569214,0.5317979454994202,0.6791909337043762,0.964000403881073
75,0.47835859656333923,0.18352292478084564,0.9999881386756897,0.4814857542514801,0.17290949821472168,0.9999604225158691,0.4850924611091614,0.1728525012731552,0.9999554753303528,0.48726585507392883,0.17285290360450745,0.9999576807022095,0.4690197706222534,0.17407676577568054,0.999965488910675,0.4640660285949707,0.17486770451068878,0.99996018409729,0.4595085084438324,0.1758011430501938,0.9999634623527527,0.4896162748336792,0.17984047532081604,0.9999037981033325,0.4517021179199219,0.18446514010429382,0.9999145269393921,0.4866248369216919,0.19687525928020477,0.9999796748161316,0.46990522742271423,0.19827601313591003,0.9999790787696838,0.5288217663764954,0.2621414065361023,0.9997201561927795,0.4216419756412506,0.2709222733974457,0.9998610615730286,0.5264706611633301,0.3487616777420044,0.7887282371520996,0.42846259474754333,0.36131519079208374,0.9226840734481812,0.5385169982910156,0.4215110242366791,0.5855851769447327,0.42507532238960266,0.4399184286594391,0.7954286932945251,0.5458039045333862,0.44369128346443176,0.5332778692245483,0.4229004383087158,0.46205779910087585,0.723230242729187,0.5436707139015198,0.44524672627449036,0.544732391834259,0.4281436800956726,0.46279728412628174,0.7341721057891846,0.5398798584938049,0.43730050325393677,0.5317158699035645,0.4317089915275574,0.45571818947792053,0.7204523682594299,0.5195063948631287,0.4320922791957855,0.9995871186256409,0.4636223316192627,0.4355718791484833,0.9996727705001831,0.5461821556091309,0.53403240442276,0.9616473913192749,0.48735079169273376,0.5572038292884827,0.9627268314361572,0.47176140546798706,0.6123312711715698,0.9795057773590088,0.5355057716369629,0.6474276781082153,0.9701589345932007,0.45244619250297546,0.6236828565597534,0.9116544723510742,0.5480509400367737,0.6585227251052856,0.8851916193962097,0.48346927762031555,0.6615934371948242,0.9746683239936829,0.5261748433113098,0.681942880153656,0.9655377268791199
76,0.4755895733833313,0.18090498447418213,0.9999853372573853,0.4783250093460083,0.17116060853004456,0.9999504685401917,0.4819478392601013,0.1711302548646927,0.9999421238899231,0.4840296506881714,0.17110663652420044,0.999946117401123,0.46596837043762207,0.1719699501991272,0.9999604225158691,0.461020290851593,0.1727186143398285,0.9999536275863647,0.45620447397232056,0.17357054352760315,0.999958336353302,0.4855661690235138,0.17732129991054535,0.9998729825019836,0.4482397735118866,0.1814480721950531,0.9999050498008728,0.48351702094078064,0.19467344880104065,0.9999751448631287,0.46712028980255127,0.19621075689792633,0.9999772310256958,0.522517740726471,0.2595163583755493,0.9996849298477173,0.4172161817550659,0.2677414119243622,0.9998648166656494,0.5222444534301758,0.3463805615901947,0.7613357901573181,0.4242846965789795,0.35816526412963867,0.9275504350662231,0.5351240634918213,0.4193767011165619,0.5577651262283325,0.4225093126296997,0.4375392496585846,0.804780125617981,0.5430217385292053,0.4406542181968689,0.5101430416107178,0.4211379289627075,0.4592655301094055,0.7327319979667664,0.5420491695404053,0.441025972366333,0.521596372127533,0.4264502227306366,0.4603115916252136,0.7430514097213745,0.5378423929214478,0.43488821387290955,0.509200930595398,0.42981359362602234,0.45296671986579895,0.7276553511619568,0.5184174180030823,0.4284798204898834,0.9996162056922913,0.46330440044403076,0.4326927661895752,0.9996941089630127,0.5520331263542175,0.529033899307251,0.9649020433425903,0.4878058135509491,0.5557711124420166,0.96415776014328,0.48099198937416077,0.6192197799682617,0.9802268743515015,0.5288934111595154,0.6416817307472229,0.9709621071815491,0.4601583182811737,0.632171630859375,0.916370153427124,0.540320873260498,0.6544532179832458,0.8825187087059021,0.4966728687286377,0.6671661138534546,0.9756321907043457,0.5259923934936523,0.6786317229270935,0.9662335515022278
77,0.4723401665687561,0.17356258630752563,0.9999834299087524,0.47475504875183105,0.1624150276184082,0.999943733215332,0.4777906537055969,0.1623276323080063,0.9999330639839172,0.48015645146369934,0.16242733597755432,0.9999372363090515,0.46238386631011963,0.16380681097507477,0.9999564290046692,0.4575534462928772,0.16469937562942505,0.9999485015869141,0.4528936743736267,0.16601620614528656,0.9999547600746155,0.4827696979045868,0.16933567821979523,0.9998543858528137,0.4445347785949707,0.17416636645793915,0.9999026656150818,0.47998619079589844,0.18615572154521942,0.9999721646308899,0.46372443437576294,0.18785712122917175,0.9999759793281555,0.5198778510093689,0.25301283597946167,0.9996611475944519,0.41427984833717346,0.2606104612350464,0.9998693466186523,0.5190860033035278,0.34146276116371155,0.724339485168457,0.4184594452381134,0.3512990176677704,0.9309365153312683,0.5293091535568237,0.41265758872032166,0.5172592401504517,0.417249470949173,0.43622782826423645,0.807795524597168,0.5339821577072144,0.4341951608657837,0.47580835223197937,0.4176795184612274,0.4583166837692261,0.7336323261260986,0.5336732268333435,0.43396446108818054,0.4865548610687256,0.42362502217292786,0.459403395652771,0.7437902688980103,0.5299597382545471,0.42739519476890564,0.47547659277915955,0.4260634183883667,0.4517405927181244,0.728111743927002,0.5172424912452698,0.42131561040878296,0.9996441006660461,0.46198269724845886,0.4295908212661743,0.9997126460075378,0.54032963514328,0.5286132097244263,0.9676663875579834,0.48686671257019043,0.5527499318122864,0.9654632210731506,0.4993235170841217,0.6201431155204773,0.9811844229698181,0.5263605713844299,0.6382154822349548,0.9708653688430786,0.4860716462135315,0.6412003040313721,0.916689932346344,0.5390120148658752,0.6494669318199158,0.8774884343147278,0.5093520283699036,0.6722827553749084,0.9767269492149353,0.5218765139579773,0.6798061728477478,0.9662224054336548
78,0.4690360128879547,0.156433567404747,0.999971866607666,0.47191306948661804,0.14556287229061127,0.999918520450592,0.4746702015399933,0.1455644965171814,0.9999005794525146,0.4777228534221649,0.1456417739391327,0.9999028444290161,0.4594849944114685,0.14667224884033203,0.9999381899833679,0.45434361696243286,0.14755432307720184,0.9999278783798218,0.44964462518692017,0.14861345291137695,0.999936044216156,0.48082855343818665,0.15205435454845428,0.9997554421424866,0.4412294924259186,0.15672758221626282,0.9998847842216492,0.4765486419200897,0.17042489349842072,0.9999574422836304,0.45994508266448975,0.1715063601732254,0.99996417760849,0.5194036364555359,0.23713092505931854,0.9995347261428833,0.41216206550598145,0.24249893426895142,0.9998651742935181,0.5165358185768127,0.3250332772731781,0.69888836145401,0.41550779342651367,0.33599022030830383,0.9328099489212036,0.5258716344833374,0.4021088480949402,0.4811420738697052,0.413982093334198,0.4160681366920471,0.804887056350708,0.5270788073539734,0.42365553975105286,0.44206786155700684,0.41518434882164,0.4397081136703491,0.7265509366989136,0.5263708829879761,0.42467349767684937,0.4526873230934143,0.4207271635532379,0.43978115916252136,0.7370896339416504,0.5237683057785034,0.41774818301200867,0.4432597756385803,0.42241308093070984,0.4317764341831207,0.7221442461013794,0.5111920833587646,0.4047195315361023,0.9995932579040527,0.45566681027412415,0.4088481366634369,0.9996423125267029,0.5252500772476196,0.5247468948364258,0.9576765298843384,0.48506486415863037,0.5278428196907043,0.9490579962730408,0.5183064937591553,0.6546090245246887,0.9742546677589417,0.5211060643196106,0.6353564262390137,0.9490590691566467,0.5102212429046631,0.6772124171257019,0.9005996584892273,0.5273184776306152,0.6526922583580017,0.8407052159309387,0.5403401851654053,0.6863539218902588,0.9680243730545044,0.5175740718841553,0.677336573600769,0.9475383162498474
79,0.4659492075443268,0.1440618336200714,0.9999682903289795,0.469645619392395,0.1329113245010376,0.9999081492424011,0.4724131226539612,0.1331552118062973,0.999889612197876,0.4754966199398041,0.1334431767463684,0.9998900294303894,0.4568095803260803,0.13379256427288055,0.9999282360076904,0.4517655372619629,0.13469789922237396,0.9999182224273682,0.4472171366214752,0.13592851161956787,0.9999257326126099,0.47944822907447815,0.13998664915561676,0.9997052550315857,0.43896183371543884,0.1441909223794937,0.9998772740364075,0.47397178411483765,0.15809138119220734,0.9999532103538513,0.4571020007133484,0.15901923179626465,0.9999606609344482,0.5185553431510925,0.22373616695404053,0.999542236328125,0.41122135519981384,0.2271120250225067,0.9998722672462463,0.5157697200775146,0.3054506480693817,0.6814601421356201,0.41243836283683777,0.3205792307853699,0.9372168183326721,0.521438717842102,0.37908363342285156,0.46326756477355957,0.4088987112045288,0.40005409717559814,0.8124445080757141,0.5202109217643738,0.40126410126686096,0.4246886968612671,0.4097993075847626,0.42532455921173096,0.7344708442687988,0.5194400548934937,0.4024522602558136,0.43591147661209106,0.4154747426509857,0.4252045452594757,0.744638979434967,0.5176107883453369,0.39482617378234863,0.4269954264163971,0.4168629050254822,0.4157922565937042,0.7296541333198547,0.5067488551139832,0.38897818326950073,0.9996031522750854,0.4515468180179596,0.39138439297676086,0.999642550945282,0.5218472480773926,0.5195242762565613,0.958508312702179,0.482477068901062,0.512177050113678,0.95162433385849,0.5221289396286011,0.6537691950798035,0.9750127196311951,0.4983714520931244,0.6155682802200317,0.9465773105621338,0.5145905613899231,0.6745728254318237,0.9013160467147827,0.5004627704620361,0.6318619251251221,0.8207221627235413,0.5543229579925537,0.6867124438285828,0.9689103364944458,0.5103336572647095,0.6625975370407104,0.9451894760131836
80,0.46301180124282837,0.13579975068569183,0.9999628067016602,0.4671543538570404,0.12453897297382355,0.9998921155929565,0.4706101417541504,0.12480688095092773,0.9998734593391418,0.4733969271183014,0.12492358684539795,0.9998711347579956,0.45381292700767517,0.1260896921157837,0.9999077320098877,0.4489648938179016,0.12703685462474823,0.9999004006385803,0.4443831145763397,0.12799803912639618,0.999908447265625,0.478344589471817,0.13241063058376312,0.9996575117111206,0.43686679005622864,0.1376173496246338,0.9998493194580078,0.4718565344810486,0.14907895028591156,0.9999474883079529,0.4545479118824005,0.15102247893810272,0.9999556541442871,0.516532301902771,0.21758577227592468,0.9995574355125427,0.4069697856903076,0.22081351280212402,0.9998718500137329,0.5148906111717224,0.2990480065345764,0.674755334854126,0.4089598059654236,0.31341108679771423,0.9386420249938965,0.5183568596839905,0.37314435839653015,0.44772404432296753,0.40711596608161926,0.39065873622894287,0.807660698890686,0.5178524851799011,0.3947288990020752,0.4079767167568207,0.4080650210380554,0.41607412695884705,0.7273903489112854,0.5170901417732239,0.39465469121932983,0.41951894760131836,0.41343003511428833,0.41548067331314087,0.7379366159439087,0.5147550106048584,0.38600051403045654,0.4112975597381592,0.4148509204387665,0.4070787727832794,0.7230486273765564,0.5026256442070007,0.383003830909729,0.9996020197868347,0.44656410813331604,0.38598594069480896,0.9996235966682434,0.5215892195701599,0.5062286257743835,0.9603040218353271,0.47547462582588196,0.5077455043792725,0.9540696740150452,0.517098069190979,0.6233056783676147,0.9756402969360352,0.480867475271225,0.6160441040992737,0.948777973651886,0.509221613407135,0.6336205005645752,0.8948149681091309,0.4794889986515045,0.6289145350456238,0.8043792247772217,0.5337249040603638,0.6794524788856506,0.9695385098457336,0.500237762928009,0.663950502872467,0.9471608996391296
81,0.4622281789779663,0.13250397145748138,0.9999563097953796,0.46643173694610596,0.12245552986860275,0.9998719692230225,0.46989601850509644,0.12256200611591339,0.9998512864112854,0.47253650426864624,0.12269870936870575,0.9998458027839661,0.4533296227455139,0.12400566041469574,0.9998859167098999,0.448386549949646,0.12510305643081665,0.9998809099197388,0.44376853108406067,0.12618128955364227,0.9998899698257446,0.47697028517723083,0.12966576218605042,0.999580442905426,0.4357461631298065,0.1337583214044571,0.999817430973053,0.4705829322338104,0.14515948295593262,0.9999380111694336,0.45364031195640564,0.14663062989711761,0.9999487400054932,0.5134388208389282,0.21458278596401215,0.99955153465271,0.4055822491645813,0.2165808081626892,0.9998692274093628,0.5129960775375366,0.2987937331199646,0.6598376035690308,0.40733304619789124,0.31062114238739014,0.9400222301483154,0.5164135694503784,0.37281936407089233,0.43046385049819946,0.405620276927948,0.38926607370376587,0.803681492805481,0.5172730088233948,0.39486441016197205,0.3907671570777893,0.40612584352493286,0.4144401252269745,0.7208398580551147,0.5167825222015381,0.39593979716300964,0.4026191830635071,0.4113715589046478,0.41381365060806274,0.7316761016845703,0.5140169262886047,0.3868692219257355,0.3955793082714081,0.4131203889846802,0.40635401010513306,0.7170738577842712,0.5003888607025146,0.3823690712451935,0.9996040463447571,0.4440940320491791,0.3828860819339752,0.9996181130409241,0.5212320685386658,0.5005338191986084,0.961896538734436,0.4723035991191864,0.5036970973014832,0.9565442800521851,0.5082331895828247,0.6040760278701782,0.9755080938339233,0.4681553244590759,0.6109235286712646,0.9505337476730347,0.4982141852378845,0.6115360260009766,0.8890266418457031,0.463811457157135,0.6199487447738647,0.7883437871932983,0.5251323580741882,0.66032475233078,0.9694849848747253,0.48595190048217773,0.6638402938842773,0.9486216306686401
82,0.458665132522583,0.13573181629180908,0.999947190284729,0.4637210965156555,0.1253739446401596,0.9998416304588318,0.46799883246421814,0.12533587217330933,0.9998148083686829,0.4708445966243744,0.12562547624111176,0.9998041987419128,0.4505072236061096,0.1269448697566986,0.9998615980148315,0.4457133114337921,0.12806181609630585,0.9998565912246704,0.44088637828826904,0.12924717366695404,0.9998698830604553,0.47545742988586426,0.13234999775886536,0.9994859099388123,0.4344741702079773,0.1366107165813446,0.9997634887695312,0.46809691190719604,0.14954614639282227,0.9999219179153442,0.451131135225296,0.15133680403232574,0.9999402761459351,0.5116419196128845,0.21537166833877563,0.9994922280311584,0.40407273173332214,0.2200710028409958,0.9998683929443359,0.5112258195877075,0.2974526584148407,0.6497770547866821,0.4040370583534241,0.31159496307373047,0.9419580698013306,0.5129612684249878,0.3704933524131775,0.4167807996273041,0.4032140374183655,0.3916597068309784,0.8060914278030396,0.5135995745658875,0.391952782869339,0.3774398863315582,0.40296483039855957,0.4171147346496582,0.7229839563369751,0.51328045129776,0.3923368752002716,0.38894766569137573,0.4084272086620331,0.416372686624527,0.733626663684845,0.5105005502700806,0.38406702876091003,0.3827953636646271,0.41056129336357117,0.4088026285171509,0.7186322808265686,0.49791017174720764,0.38396602869033813,0.9995580911636353,0.44258320331573486,0.38550615310668945,0.9996059536933899,0.5196830034255981,0.49604877829551697,0.9618549346923828,0.4693119525909424,0.5013822913169861,0.9586508274078369,0.4958023130893707,0.5669373273849487,0.9688142538070679,0.46855705976486206,0.6045017838478088,0.9530510902404785,0.4828692674636841,0.5733216404914856,0.8767541646957397,0.46654871106147766,0.6119310259819031,0.7864490747451782,0.5124133825302124,0.6145526170730591,0.9644862413406372,0.4753270149230957,0.6536448001861572,0.9502614140510559
83,0.456015020608902,0.13919146358966827,0.9999141693115234,0.4617684781551361,0.1288975477218628,0.9997340440750122,0.46647754311561584,0.12886951863765717,0.9996926784515381,0.4696536958217621,0.1290205866098404,0.999677300453186,0.44800376892089844,0.130365252494812,0.9997854828834534,0.44334378838539124,0.13134615123271942,0.999775767326355,0.4384686350822449,0.13248030841350555,0.99980229139328,0.47413745522499084,0.13542243838310242,0.9992708563804626,0.4331883192062378,0.14002713561058044,0.9995391368865967,0.46620991826057434,0.15316598117351532,0.999871015548706,0.4486687183380127,0.15496477484703064,0.9999095797538757,0.5112965703010559,0.21817924082279205,0.9992836713790894,0.4025152921676636,0.22398366034030914,0.9998432397842407,0.5097155570983887,0.30096641182899475,0.6453081965446472,0.40117335319519043,0.31429368257522583,0.9415151476860046,0.5090810060501099,0.37611114978790283,0.39992329478263855,0.4010377526283264,0.39494532346725464,0.7966527342796326,0.5084637999534607,0.3970371186733246,0.36172762513160706,0.40114474296569824,0.4197739064693451,0.7117244005203247,0.5082898736000061,0.39761754870414734,0.37273257970809937,0.40612301230430603,0.4192802309989929,0.7228513956069946,0.5061282515525818,0.3901597261428833,0.3671211302280426,0.4080882966518402,0.4118976891040802,0.7080289125442505,0.49528029561042786,0.3871668875217438,0.9994909763336182,0.4401037395000458,0.38888078927993774,0.999585747718811,0.5194100141525269,0.49840423464775085,0.9611955881118774,0.4696839153766632,0.5041175484657288,0.9580467343330383,0.4719330668449402,0.5240678787231445,0.9425376057624817,0.4692456126213074,0.6020640730857849,0.9506380558013916,0.4619200527667999,0.5319100022315979,0.8458394408226013,0.469913512468338,0.6112575531005859,0.7774450778961182,0.4743727445602417,0.5839059352874756,0.9421714544296265,0.4655705392360687,0.6376926898956299,0.9450724720954895
84,0.4543735980987549,0.14076849818229675,0.9999211430549622,0.4605426490306854,0.1307227462530136,0.9997552037239075,0.46544528007507324,0.1307222545146942,0.9997169375419617,0.46883654594421387,0.13081017136573792,0.9997032880783081,0.44595277309417725,0.132170170545578,0.9998024106025696,0.44107183814048767,0.13317599892616272,0.9997932314872742,0.43655407428741455,0.13429100811481476,0.9998181462287903,0.47337329387664795,0.1369161754846573,0.9993292689323425,0.4317200481891632,0.14183801412582397,0.9995758533477783,0.46475812792778015,0.153478741645813,0.9998813271522522,0.4457164704799652,0.15518929064273834,0.9999166131019592,0.511836051940918,0.22009910643100739,0.9993128180503845,0.40030860900878906,0.22439344227313995,0.9998511075973511,0.5095272064208984,0.3064313530921936,0.6582967638969421,0.39885371923446655,0.31633520126342773,0.9427155256271362,0.5102940201759338,0.3834775686264038,0.40310388803482056,0.39790838956832886,0.39686423540115356,0.800410807132721,0.5106167197227478,0.4063061475753784,0.3640705347061157,0.3967198133468628,0.4214549958705902,0.7150803804397583,0.5086241960525513,0.40776515007019043,0.3748100996017456,0.40314754843711853,0.4208698272705078,0.7263005971908569,0.5057412385940552,0.39752671122550964,0.3687620162963867,0.40539440512657166,0.4133337736129761,0.7123765349388123,0.491876482963562,0.3880348205566406,0.9995123744010925,0.43662935495376587,0.3899267017841339,0.9996125102043152,0.5106503963470459,0.5020901560783386,0.9639156460762024,0.4677591919898987,0.5075742602348328,0.9608369469642639,0.4379845857620239,0.5676104426383972,0.9465802907943726,0.4713529050350189,0.5926869511604309,0.9536148905754089,0.42369067668914795,0.5731551051139832,0.8527238965034485,0.4825938642024994,0.6018206477165222,0.7882587909698486,0.4449399411678314,0.6208724975585938,0.9453208446502686,0.4758059084415436,0.6366164088249207,0.9478444457054138
85,0.45235031843185425,0.1445871740579605,0.9999288320541382,0.4589376151561737,0.13361206650733948,0.9997788667678833,0.4640148878097534,0.13360267877578735,0.9997443556785583,0.46798262000083923,0.13373388350009918,0.9997320771217346,0.4440998435020447,0.13533519208431244,0.9998214244842529,0.43879562616348267,0.13646113872528076,0.9998130798339844,0.43502694368362427,0.1373436003923416,0.999835729598999,0.4723767638206482,0.14047816395759583,0.9993935823440552,0.4306464195251465,0.1446835994720459,0.9996168613433838,0.4631853699684143,0.15833549201488495,0.9998926520347595,0.44356468319892883,0.15999744832515717,0.9999245405197144,0.5115509629249573,0.2244969755411148,0.9993610382080078,0.39915186166763306,0.22918567061424255,0.9998618364334106,0.5067287683486938,0.31585201621055603,0.6721687912940979,0.3982224464416504,0.3210119605064392,0.9449900984764099,0.5060698986053467,0.3989650309085846,0.4171684682369232,0.3954523205757141,0.39943361282348633,0.8108469843864441,0.506632924079895,0.4259481728076935,0.3747144937515259,0.39300262928009033,0.42517393827438354,0.7276126146316528,0.5035187005996704,0.4288008511066437,0.38506922125816345,0.39872533082962036,0.4262368083000183,0.7387359142303467,0.5000826716423035,0.41719940304756165,0.3790641725063324,0.4015154242515564,0.41795942187309265,0.7253327369689941,0.48637881875038147,0.3926609754562378,0.999535083770752,0.4332883059978485,0.39158037304878235,0.9996383786201477,0.48007872700691223,0.5156124830245972,0.9622049331665039,0.46593526005744934,0.5129344463348389,0.9619567394256592,0.42000797390937805,0.6176149845123291,0.9507585763931274,0.5075323581695557,0.6075387597084045,0.9571887254714966,0.40278705954551697,0.6336180567741394,0.860451340675354,0.5188195109367371,0.6173803806304932,0.8021759390830994,0.4257033169269562,0.6678308844566345,0.9491298794746399,0.5204959511756897,0.6612463593482971,0.9517688155174255
86,0.45304450392723083,0.15292556583881378,0.9999356269836426,0.4587523639202118,0.1417439728975296,0.9997997283935547,0.46357205510139465,0.14163656532764435,0.9997685551643372,0.4675397574901581,0.14163711667060852,0.9997574687004089,0.44490301609039307,0.14318926632404327,0.9998382329940796,0.4399496614933014,0.14439657330513,0.9998307228088379,0.43573811650276184,0.14549218118190765,0.9998512864112854,0.47166746854782104,0.1483849436044693,0.9994482398033142,0.4311262369155884,0.15297921001911163,0.9996534585952759,0.46337398886680603,0.16607466340065002,0.9999028444290161,0.4447856843471527,0.16754363477230072,0.9999317526817322,0.5120166540145874,0.23280756175518036,0.9994113445281982,0.39842864871025085,0.23796454071998596,0.9998750686645508,0.5064973831176758,0.3266477882862091,0.6802183389663696,0.39693722128868103,0.32876113057136536,0.948760449886322,0.505071759223938,0.41127094626426697,0.43321362137794495,0.39130645990371704,0.4068582355976105,0.8231460452079773,0.5048936009407043,0.43380847573280334,0.3900870978832245,0.38898134231567383,0.4318583905696869,0.743393063545227,0.5028097629547119,0.43672096729278564,0.4012662172317505,0.3953312337398529,0.43343251943588257,0.7539238333702087,0.4999536871910095,0.4279341697692871,0.39251142740249634,0.3976428508758545,0.424541175365448,0.7403556108474731,0.48199424147605896,0.4053516387939453,0.9995325207710266,0.4289582669734955,0.4011986553668976,0.9996699690818787,0.4564056098461151,0.5324692726135254,0.9402757287025452,0.4662434160709381,0.5293543338775635,0.963047981262207,0.3956812024116516,0.6426754593849182,0.9510600566864014,0.5224706530570984,0.6557050347328186,0.9605056643486023,0.3796585500240326,0.6606186628341675,0.8645200133323669,0.5267251133918762,0.6705837845802307,0.8142693042755127,0.4298842251300812,0.6846460700035095,0.9493775367736816,0.5502551794052124,0.7078098058700562,0.9551140666007996
87,0.45285654067993164,0.16499538719654083,0.9999418258666992,0.458199679851532,0.15366071462631226,0.9998189210891724,0.46290257573127747,0.153444305062294,0.9997907280921936,0.46705377101898193,0.15338513255119324,0.9997806549072266,0.44489577412605286,0.15484865009784698,0.9998537302017212,0.4400370717048645,0.1556423008441925,0.9998469948768616,0.43565046787261963,0.15662065148353577,0.9998655915260315,0.4714793860912323,0.15988917648792267,0.9994986057281494,0.43098071217536926,0.1646554172039032,0.9996872544288635,0.4630884826183319,0.1768237203359604,0.9999122023582458,0.44493916630744934,0.17846037447452545,0.9999383687973022,0.5118811130523682,0.24413777887821198,0.9994581341743469,0.398518443107605,0.24615949392318726,0.999887228012085,0.5050793290138245,0.3383949398994446,0.680509090423584,0.3950267434120178,0.33719688653945923,0.9528106451034546,0.5027263760566711,0.4178730845451355,0.44224485754966736,0.3883092701435089,0.41714414954185486,0.8363239169120789,0.5009885430335999,0.43975210189819336,0.39898502826690674,0.3865489065647125,0.4412071108818054,0.7606905698776245,0.4983331859111786,0.44251784682273865,0.41094622015953064,0.394203782081604,0.44225311279296875,0.770408570766449,0.49601632356643677,0.4341760277748108,0.39991530776023865,0.39634644985198975,0.43331193923950195,0.7569963335990906,0.4802526831626892,0.41214996576309204,0.9995337724685669,0.4272475838661194,0.40712565183639526,0.9996991157531738,0.4431900978088379,0.5419636368751526,0.9146237373352051,0.46760737895965576,0.5334634780883789,0.9639416337013245,0.38582921028137207,0.6537377834320068,0.9507202506065369,0.5222738981246948,0.6613782048225403,0.9634215831756592,0.37092065811157227,0.6721090078353882,0.8681159615516663,0.5264154076576233,0.6788581609725952,0.8257788419723511,0.4289343059062958,0.6880404353141785,0.9488011002540588,0.5379242897033691,0.7051767706871033,0.9580302834510803
88,0.4518992006778717,0.17113642394542694,0.9999473094940186,0.457292377948761,0.15967492759227753,0.9998358488082886,0.46196576952934265,0.15942993760108948,0.9998103380203247,0.4663845896720886,0.15929991006851196,0.9998011589050293,0.44402945041656494,0.16105571389198303,0.9998674392700195,0.4391452372074127,0.16203433275222778,0.9998614192008972,0.4349921643733978,0.1631280928850174,0.9998782873153687,0.47114402055740356,0.16603191196918488,0.9995431303977966,0.43050578236579895,0.17149710655212402,0.9997172355651855,0.46248477697372437,0.1831085979938507,0.9999204277992249,0.4439578652381897,0.18473704159259796,0.9999442100524902,0.5119835138320923,0.24995090067386627,0.9994935393333435,0.39869770407676697,0.2539539635181427,0.999897837638855,0.5028715133666992,0.3432581126689911,0.6814181804656982,0.3946990966796875,0.34716224670410156,0.9556451439857483,0.4971698224544525,0.4218263328075409,0.441556841135025,0.3864133954048157,0.4265349507331848,0.8442860245704651,0.4941020607948303,0.4426884949207306,0.39895984530448914,0.3857339322566986,0.4504116177558899,0.7704178094863892,0.49248597025871277,0.4448269009590149,0.4114862382411957,0.3926432430744171,0.4517460763454437,0.7797207832336426,0.4897773861885071,0.43738263845443726,0.3990790843963623,0.3945271074771881,0.44350627064704895,0.7664644718170166,0.48066598176956177,0.41800400614738464,0.9995229840278625,0.42732733488082886,0.4129508137702942,0.999723494052887,0.45369312167167664,0.5431545972824097,0.8953276872634888,0.46788617968559265,0.5376990437507629,0.9636304974555969,0.3908821642398834,0.6521473526954651,0.9503093361854553,0.5205078125,0.6653190851211548,0.9656153321266174,0.37178662419319153,0.6725625395774841,0.8703778982162476,0.5234377384185791,0.6858057379722595,0.8316572904586792,0.4316607713699341,0.6893216371536255,0.9479793906211853,0.5386616587638855,0.7121505737304688,0.9598816633224487
89,0.45165544748306274,0.1733253002166748,0.9999521970748901,0.45697274804115295,0.16211383044719696,0.9998508095741272,0.46158677339553833,0.16181430220603943,0.9998276233673096,0.4659729301929474,0.16186366975307465,0.9998191595077515,0.4438807964324951,0.1636575609445572,0.9998796582221985,0.4391537010669708,0.16443756222724915,0.9998743534088135,0.4348606467247009,0.16562893986701965,0.9998896718025208,0.47102367877960205,0.1685744673013687,0.9995797872543335,0.4304262697696686,0.17440764605998993,0.9997441172599792,0.4624057710170746,0.18562953174114227,0.9999276399612427,0.4439007639884949,0.18758583068847656,0.9999494552612305,0.5121533870697021,0.25197634100914,0.9995185732841492,0.3990471661090851,0.25660160183906555,0.9999074935913086,0.5014308094978333,0.3446339964866638,0.6733642220497131,0.395905464887619,0.35142403841018677,0.9588713049888611,0.49577122926712036,0.42405542731285095,0.4344688355922699,0.3886380195617676,0.4299660623073578,0.8544028997421265,0.4929806590080261,0.4443061053752899,0.3929966986179352,0.38810259103775024,0.4531169831752777,0.7832301259040833,0.4917111396789551,0.4466068148612976,0.40598881244659424,0.394764244556427,0.45452579855918884,0.791901707649231,0.4893791079521179,0.4394476115703583,0.39287957549095154,0.39673301577568054,0.4464614987373352,0.7785987854003906,0.4808947741985321,0.41966545581817627,0.9995221495628357,0.4290740191936493,0.4154737591743469,0.9997467994689941,0.45966601371765137,0.5435278415679932,0.8821458220481873,0.46971580386161804,0.5378642082214355,0.9646039009094238,0.3948614299297333,0.6502578854560852,0.9509508013725281,0.5175614953041077,0.6606109142303467,0.9680880904197693,0.37494516372680664,0.6700628995895386,0.874508798122406,0.5208491683006287,0.6792571544647217,0.8397302031517029,0.4327273368835449,0.6901969313621521,0.9484828114509583,0.5438855886459351,0.7082735896110535,0.9624001979827881
90,0.4516596496105194,0.1725669950246811,0.9999561309814453,0.4570263624191284,0.1617526262998581,0.9998626112937927,0.46166038513183594,0.16158157587051392,0.9998412728309631,0.4659614861011505,0.161644846200943,0.9998335242271423,0.443816214799881,0.16307340562343597,0.9998893141746521,0.43910595774650574,0.16411471366882324,0.9998846054077148,0.4347483813762665,0.1652790755033493,0.9998988509178162,0.4708908200263977,0.16859611868858337,0.9996066689491272,0.43045786023139954,0.1737433522939682,0.99976646900177,0.4623182415962219,0.18560902774333954,0.9999333620071411,0.4438702166080475,0.1868550032377243,0.9999537467956543,0.5122678279876709,0.2520841360092163,0.9995285868644714,0.39939188957214355,0.25742021203041077,0.9999152421951294,0.49922534823417664,0.3438582420349121,0.668415904045105,0.3966037631034851,0.3507620096206665,0.9606403708457947,0.49233514070510864,0.4254809617996216,0.4219611883163452,0.38947373628616333,0.4290812611579895,0.856748640537262,0.4882013201713562,0.4449942409992218,0.38133326172828674,0.3889527916908264,0.45267197489738464,0.7847148776054382,0.48704129457473755,0.4474770426750183,0.394342303276062,0.39568185806274414,0.4544365406036377,0.7934350371360779,0.484210342168808,0.4406643807888031,0.38157880306243896,0.39762967824935913,0.44651883840560913,0.7801523208618164,0.48177570104599,0.4191567003726959,0.9995211958885193,0.43013113737106323,0.4157089591026306,0.9997655749320984,0.4626883268356323,0.5444342494010925,0.8723843693733215,0.4718931317329407,0.5362292528152466,0.9644673466682434,0.39701399207115173,0.6483922600746155,0.9515978097915649,0.5164854526519775,0.6549143195152283,0.9696086645126343,0.3782053589820862,0.6661682724952698,0.8768322467803955,0.5202653408050537,0.6737632155418396,0.8426124453544617,0.4339050352573395,0.6900938749313354,0.9485491514205933,0.5262724161148071,0.7023455500602722,0.9637996554374695
91,0.4519634544849396,0.17158260941505432,0.9999592304229736,0.4572690725326538,0.16125096380710602,0.9998721480369568,0.46193090081214905,0.16117976605892181,0.9998515248298645,0.4660479724407196,0.161108136177063,0.9998449087142944,0.44395437836647034,0.1626502424478531,0.9998970627784729,0.43932396173477173,0.16352222859859467,0.9998926520347595,0.43486833572387695,0.16455556452274323,0.9999064207077026,0.4708963632583618,0.1677815318107605,0.9996246099472046,0.43057501316070557,0.17251743376255035,0.9997844696044922,0.4625222384929657,0.18507423996925354,0.9999379515647888,0.4441828429698944,0.18635664880275726,0.9999572038650513,0.511883020401001,0.2504364252090454,0.9995371103286743,0.39950329065322876,0.2559104263782501,0.9999201893806458,0.5002018213272095,0.3412971794605255,0.6642359495162964,0.3970726728439331,0.34811094403266907,0.9625227451324463,0.4950357675552368,0.42308226227760315,0.42303919792175293,0.3899461030960083,0.4270097613334656,0.8629778027534485,0.4921639859676361,0.44314032793045044,0.3802928924560547,0.39028307795524597,0.45072513818740845,0.7915708422660828,0.4908665120601654,0.44497159123420715,0.3933940827846527,0.3969000577926636,0.45213085412979126,0.8001961708068848,0.4880472719669342,0.4378286898136139,0.3811638355255127,0.39915764331817627,0.44422784447669983,0.7868106961250305,0.482705295085907,0.41826003789901733,0.9995166659355164,0.43217235803604126,0.41594699025154114,0.999774158000946,0.46738603711128235,0.5447038412094116,0.8679280877113342,0.4756157398223877,0.5379560589790344,0.9628650546073914,0.4028113782405853,0.6444333791732788,0.9505429267883301,0.5160673260688782,0.6550084948539734,0.9704204797744751,0.38301268219947815,0.6609496474266052,0.8765174746513367,0.5201152563095093,0.6718019843101501,0.8444521427154541,0.4334367513656616,0.6884535551071167,0.9468761682510376,0.512660801410675,0.6999375820159912,0.9646285176277161
92,0.4521966278553009,0.1709289252758026,0.9999618530273438,0.45747846364974976,0.16035646200180054,0.9998804330825806,0.46205681562423706,0.16030539572238922,0.9998602867126465,0.4662184715270996,0.1603158712387085,0.9998549222946167,0.4441925585269928,0.16199778020381927,0.9999040961265564,0.4395407736301422,0.16300144791603088,0.9998997449874878,0.4350808560848236,0.16403412818908691,0.9999132752418518,0.4710386097431183,0.16731621325016022,0.9996442794799805,0.43067750334739685,0.17211858928203583,0.9998003244400024,0.4627068042755127,0.18482540547847748,0.9999417662620544,0.44439423084259033,0.18629655241966248,0.9999602437019348,0.5117141604423523,0.24968849122524261,0.9995262026786804,0.3995749056339264,0.25580835342407227,0.9999223947525024,0.5002328157424927,0.339825302362442,0.6503108739852905,0.39703798294067383,0.34703686833381653,0.9636161923408508,0.49681100249290466,0.42097991704940796,0.40948113799095154,0.3929499685764313,0.4266350269317627,0.8631545305252075,0.49433547258377075,0.4415276050567627,0.36791160702705383,0.3938286602497101,0.4499049782752991,0.7897705435752869,0.4929088056087494,0.44326815009117126,0.3803940415382385,0.4008658826351166,0.45106396079063416,0.798447847366333,0.49019181728363037,0.4359110891819,0.36949342489242554,0.40349939465522766,0.44321930408477783,0.7849850058555603,0.483355849981308,0.4192415773868561,0.9995071887969971,0.43361571431159973,0.4175271689891815,0.9997811317443848,0.48389363288879395,0.5433556437492371,0.8750848770141602,0.47809678316116333,0.5417808294296265,0.9639154076576233,0.4076298177242279,0.6349934339523315,0.9518861770629883,0.5167734622955322,0.66108238697052,0.972393810749054,0.38807788491249084,0.6425781846046448,0.8769851326942444,0.5222204327583313,0.6766462326049805,0.8509163856506348,0.42833763360977173,0.6866242289543152,0.9473247528076172,0.5152063369750977,0.7066817879676819,0.9666885733604431
93,0.4527280628681183,0.1729372888803482,0.9999644160270691,0.45831891894340515,0.16264750063419342,0.9998887181282043,0.46263524889945984,0.16252785921096802,0.9998695850372314,0.46639493107795715,0.16258056461811066,0.9998648762702942,0.4445509612560272,0.16404344141483307,0.9999113082885742,0.43983346223831177,0.16488485038280487,0.9999071359634399,0.43526560068130493,0.16591013967990875,0.9999200701713562,0.4716927707195282,0.16950854659080505,0.9996660947799683,0.4307398498058319,0.17385241389274597,0.9998162388801575,0.46290990710258484,0.18692205846309662,0.9999455809593201,0.4445234537124634,0.18805710971355438,0.9999633431434631,0.5117201209068298,0.2506865859031677,0.9995124340057373,0.39972880482673645,0.2565310001373291,0.9999260306358337,0.5004006028175354,0.33917880058288574,0.6436664462089539,0.3968615233898163,0.347243070602417,0.9646040201187134,0.4971390962600708,0.4198625683784485,0.39799779653549194,0.39445990324020386,0.4276924133300781,0.8648985028266907,0.495849609375,0.4410208463668823,0.35895469784736633,0.3956509530544281,0.45032432675361633,0.7912453413009644,0.4936583936214447,0.44288647174835205,0.3711577355861664,0.4023944139480591,0.45160573720932007,0.7999059557914734,0.4911860227584839,0.43546977639198303,0.3600533604621887,0.40505486726760864,0.4440258741378784,0.7862006425857544,0.4844200015068054,0.421528160572052,0.9994935393333435,0.4345581531524658,0.4196280241012573,0.9997928738594055,0.5006498098373413,0.5433571338653564,0.8829674124717712,0.48185762763023376,0.5441169142723083,0.9656810760498047,0.4086483120918274,0.6051034927368164,0.9521701335906982,0.5224588513374329,0.6669002175331116,0.9745457172393799,0.3867480754852295,0.6038886308670044,0.8787335753440857,0.5284037590026855,0.6833887100219727,0.8577979803085327,0.42000389099121094,0.6663148999214172,0.9471268653869629,0.5244349241256714,0.7102580666542053,0.9688754081726074
94,0.4538407623767853,0.17414985597133636,0.9999668002128601,0.4598256051540375,0.16357508301734924,0.9998962879180908,0.46360254287719727,0.16340970993041992,0.9998785257339478,0.467184841632843,0.16345736384391785,0.9998742938041687,0.4456327259540558,0.16494162380695343,0.9999179840087891,0.4407188296318054,0.16581794619560242,0.9999140501022339,0.4362557828426361,0.16666942834854126,0.9999262094497681,0.47283661365509033,0.1702486276626587,0.9996894001960754,0.4309613108634949,0.1743912696838379,0.9998307228088379,0.46348389983177185,0.18831020593643188,0.9999493360519409,0.4451976716518402,0.18931594491004944,0.9999662637710571,0.5118069052696228,0.25333669781684875,0.9995110630989075,0.3999486565589905,0.25648367404937744,0.9999303221702576,0.5041665434837341,0.3396366238594055,0.6482041478157043,0.397025465965271,0.346550315618515,0.9649997353553772,0.5035143494606018,0.4191906750202179,0.3948937952518463,0.3957858085632324,0.42681553959846497,0.8651853203773499,0.5036324262619019,0.4402697682380676,0.35795673727989197,0.39689919352531433,0.4496382474899292,0.7915341854095459,0.5001939535140991,0.44212740659713745,0.37008824944496155,0.4030218720436096,0.4508611559867859,0.8000922203063965,0.49828681349754333,0.43468719720840454,0.3575863540172577,0.405595600605011,0.4432578980922699,0.7860616445541382,0.4847871661186218,0.42180392146110535,0.9994888305664062,0.43431198596954346,0.4201347827911377,0.9998070597648621,0.5139221549034119,0.5432659387588501,0.891480028629303,0.48105934262275696,0.5428531169891357,0.9682672023773193,0.4097122251987457,0.5893415808677673,0.9521076083183289,0.5229364037513733,0.6675096750259399,0.9767934679985046,0.3875684142112732,0.5848210453987122,0.8816887140274048,0.5293456315994263,0.6826037168502808,0.8673609495162964,0.41910284757614136,0.6499709486961365,0.9469163417816162,0.5264609456062317,0.7108360528945923,0.9713442921638489
95,0.45471400022506714,0.1735864281654358,0.9999693036079407,0.461317777633667,0.16286700963974,0.9999040961265564,0.4646294116973877,0.1628044694662094,0.9998878836631775,0.46840548515319824,0.16291789710521698,0.9998841285705566,0.44651031494140625,0.1642993539571762,0.9999244213104248,0.44132381677627563,0.16532056033611298,0.9999207854270935,0.4369126558303833,0.16630996763706207,0.999932050704956,0.47502073645591736,0.17010776698589325,0.9997129440307617,0.43137529492378235,0.17422227561473846,0.9998445510864258,0.4642663300037384,0.1882202923297882,0.9999533295631409,0.44559356570243835,0.1893458068370819,0.9999691247940063,0.5129193663597107,0.2550663352012634,0.9995218515396118,0.39998316764831543,0.25642892718315125,0.9999344944953918,0.5076215863227844,0.3435078263282776,0.6567481756210327,0.3983754515647888,0.34731534123420715,0.965019166469574,0.5077176690101624,0.42191827297210693,0.392587810754776,0.3969506025314331,0.42882630228996277,0.8628148436546326,0.5088803768157959,0.4443850517272949,0.3571039140224457,0.3978847563266754,0.4506347179412842,0.7885894775390625,0.5056626796722412,0.44661593437194824,0.3694969117641449,0.40381190180778503,0.45205768942832947,0.7972406148910522,0.5028097629547119,0.4378284513950348,0.35588374733924866,0.4063508212566376,0.44475141167640686,0.782936155796051,0.48492181301116943,0.42400211095809937,0.9995021820068359,0.4337059557437897,0.42120492458343506,0.9998218417167664,0.5093167424201965,0.5442266464233398,0.8983919024467468,0.48043349385261536,0.545760452747345,0.9706563949584961,0.41005241870880127,0.5942910313606262,0.9520108699798584,0.5227745771408081,0.6670595407485962,0.9788178205490112,0.38810548186302185,0.5902949571609497,0.8846104145050049,0.5286352634429932,0.680181086063385,0.8756507635116577,0.41835376620292664,0.6515418291091919,0.9465870261192322,0.5302550792694092,0.7130233645439148,0.9735748767852783
96,0.45619338750839233,0.17318932712078094,0.9999719858169556,0.4627132713794708,0.1623520702123642,0.9999125599861145,0.46598953008651733,0.16224071383476257,0.9998977780342102,0.47002893686294556,0.16237901151180267,0.9998945593833923,0.44769665598869324,0.16388817131519318,0.9999310374259949,0.44232961535453796,0.16490131616592407,0.9999275803565979,0.43797093629837036,0.16581127047538757,0.9999380111694336,0.4767935574054718,0.16942253708839417,0.9997384548187256,0.43221089243888855,0.1736830323934555,0.9998582601547241,0.46572956442832947,0.18755115568637848,0.9999575614929199,0.44672733545303345,0.18861348927021027,0.999971866607666,0.5156183838844299,0.2541426420211792,0.9995541572570801,0.40089836716651917,0.2560541033744812,0.9999377131462097,0.5126315355300903,0.34512871503829956,0.6787768006324768,0.3984445333480835,0.3471972644329071,0.9662848711013794,0.5100530982017517,0.42531755566596985,0.4194135367870331,0.39723509550094604,0.4304508566856384,0.8632240295410156,0.5106335878372192,0.44868960976600647,0.3778586983680725,0.39860838651657104,0.45279061794281006,0.7875363230705261,0.5062851309776306,0.44989755749702454,0.39019709825515747,0.4050634503364563,0.45328766107559204,0.7962356209754944,0.5038089156150818,0.441181480884552,0.3762873709201813,0.40750154852867126,0.4459550976753235,0.7817425727844238,0.48477989435195923,0.4238184988498688,0.9995312094688416,0.4320911467075348,0.4206242859363556,0.9998342394828796,0.49527010321617126,0.5451279282569885,0.9039655923843384,0.4716629981994629,0.54794842004776,0.97267085313797,0.41286858916282654,0.6224283576011658,0.9536830186843872,0.5194306373596191,0.666145384311676,0.9805013537406921,0.39037925004959106,0.6255588531494141,0.8890009522438049,0.5225982069969177,0.6782354712486267,0.8827601671218872,0.4236023426055908,0.6736772060394287,0.9478586316108704,0.5311999320983887,0.7159048914909363,0.9754307270050049
97,0.45673027634620667,0.17271746695041656,0.9999739527702332,0.4634157419204712,0.1618814468383789,0.9999191164970398,0.466897577047348,0.16181235015392303,0.9999054670333862,0.47083282470703125,0.16192196309566498,0.9999029040336609,0.4482399523258209,0.16338732838630676,0.9999358057975769,0.4430185854434967,0.1644262969493866,0.9999322891235352,0.43865466117858887,0.16544872522354126,0.9999420642852783,0.4780789613723755,0.16917528212070465,0.9997593760490417,0.43320825695991516,0.17376580834388733,0.999868631362915,0.46661022305488586,0.18716667592525482,0.9999607801437378,0.4473162889480591,0.18848378956317902,0.999973714351654,0.5178321003913879,0.25406143069267273,0.9995832443237305,0.40238139033317566,0.25586119294166565,0.9999372363090515,0.5171772241592407,0.34597453474998474,0.7015044689178467,0.3986300230026245,0.3469015061855316,0.9652642011642456,0.5147466063499451,0.42633727192878723,0.454305499792099,0.39721566438674927,0.4298954904079437,0.8586088418960571,0.5144874453544617,0.44983500242233276,0.4075503647327423,0.39858484268188477,0.4528864920139313,0.7805328965187073,0.5089700222015381,0.4510698914527893,0.41977739334106445,0.4053795635700226,0.45316174626350403,0.7892066836357117,0.5068716406822205,0.44258618354797363,0.4057672321796417,0.40757542848587036,0.44558990001678467,0.7751728296279907,0.48425838351249695,0.42465323209762573,0.9995241165161133,0.43028509616851807,0.42021989822387695,0.9998199939727783,0.47517335414886475,0.5489315390586853,0.9014419913291931,0.4624148905277252,0.5514054298400879,0.9721974730491638,0.4241067171096802,0.657219648361206,0.9535197019577026,0.49932563304901123,0.6667985916137695,0.9803066849708557,0.40228092670440674,0.6756206750869751,0.8880804181098938,0.5052284598350525,0.6792408227920532,0.8810914754867554,0.4495367705821991,0.692299485206604,0.9471790194511414,0.5066543817520142,0.7128874063491821,0.9747312068939209
98,0.4585559070110321,0.17250482738018036,0.999973475933075,0.4652401804924011,0.1616586148738861,0.9999185800552368,0.4686848819255829,0.16164587438106537,0.9999058842658997,0.47263163328170776,0.1617414355278015,0.9999042749404907,0.45014381408691406,0.16312222182750702,0.9999335408210754,0.44485992193222046,0.164195716381073,0.9999290108680725,0.4405524432659149,0.16532272100448608,0.999938428401947,0.479680597782135,0.16930069029331207,0.999767005443573,0.4349723756313324,0.17400352656841278,0.9998627305030823,0.46824565529823303,0.18712833523750305,0.9999601244926453,0.448999285697937,0.18853537738323212,0.9999704360961914,0.519219696521759,0.25481823086738586,0.9995977878570557,0.40354016423225403,0.25562793016433716,0.9999168515205383,0.5206623673439026,0.34598544239997864,0.7243216037750244,0.39870011806488037,0.34690120816230774,0.959364116191864,0.5192750692367554,0.42566612362861633,0.489021897315979,0.3950554430484772,0.4296834170818329,0.8412665724754333,0.5198610424995422,0.44848212599754333,0.4389854371547699,0.3956313729286194,0.4527572691440582,0.760819673538208,0.5147911310195923,0.44973453879356384,0.45100337266921997,0.40204918384552,0.45301464200019836,0.7696614265441895,0.5125117301940918,0.4414415955543518,0.4371214807033539,0.4039587378501892,0.44552090764045715,0.7571052312850952,0.48408013582229614,0.4271788001060486,0.999489426612854,0.42798566818237305,0.4211801290512085,0.9997744560241699,0.4705197513103485,0.5486720204353333,0.9014459848403931,0.4404280483722687,0.5498968958854675,0.9687021970748901,0.4255884885787964,0.6531858444213867,0.9519144892692566,0.4551810026168823,0.6583185195922852,0.9770795702934265,0.4095379412174225,0.668120801448822,0.8828421831130981,0.46030062437057495,0.6740041375160217,0.8701255917549133,0.44666045904159546,0.6884844303131104,0.9444090723991394,0.45093387365341187,0.6953373551368713,0.9701656103134155
99,0.4599325358867645,0.173090398311615,0.9999690055847168,0.46694815158843994,0.16233240067958832,0.9999092221260071,0.47040265798568726,0.16245484352111816,0.999896228313446,0.47415441274642944,0.16259382665157318,0.9998952150344849,0.45190781354904175,0.16368237137794495,0.9999233484268188,0.44664713740348816,0.16482269763946533,0.9999161958694458,0.4422987997531891,0.16603238880634308,0.9999256730079651,0.48142123222351074,0.17052513360977173,0.9997550249099731,0.43670356273651123,0.1748027503490448,0.9998418092727661,0.4695889353752136,0.18797583878040314,0.999957263469696,0.4502679705619812,0.18922001123428345,0.9999662041664124,0.5201014876365662,0.25746017694473267,0.9995819330215454,0.40498700737953186,0.25544247031211853,0.9999075531959534,0.5208877325057983,0.34964799880981445,0.7431306838989258,0.3990553021430969,0.345756858587265,0.9581874012947083,0.5201231837272644,0.42989712953567505,0.5201906561851501,0.39341387152671814,0.42506080865859985,0.8386676907539368,0.5212079286575317,0.4521399140357971,0.4673672020435333,0.3911304175853729,0.44828635454177856,0.7578609585762024,0.5162481665611267,0.4526318907737732,0.4793400764465332,0.39623531699180603,0.44788840413093567,0.7669106125831604,0.5138005018234253,0.4441946744918823,0.4655180871486664,0.39897263050079346,0.44096696376800537,0.7538948059082031,0.4841797649860382,0.42928504943847656,0.9993122816085815,0.4249592125415802,0.42242127656936646,0.9997050762176514,0.46937131881713867,0.5555203557014465,0.9013180732727051,0.42408832907676697,0.5556137561798096,0.9691120982170105,0.4265589118003845,0.6616058945655823,0.9409031271934509,0.41591697931289673,0.6813026070594788,0.9750419855117798,0.41505956649780273,0.6790663599967957,0.865702211856842,0.4136163890361786,0.698116660118103,0.8521418571472168,0.45488619804382324,0.6954310536384583,0.9332007169723511,0.4193027913570404,0.7324681878089905,0.9655950665473938
100,0.4612925946712494,0.17410646378993988,0.9999696016311646,0.46863484382629395,0.16324655711650848,0.9999110698699951,0.472243070602417,0.16338329017162323,0.9998985528945923,0.4758172333240509,0.1635131984949112,0.9998974204063416,0.45337948203086853,0.16464264690876007,0.9999242424964905,0.44811689853668213,0.16584543883800507,0.9999170303344727,0.4435794949531555,0.1670146882534027,0.9999256134033203,0.48294538259506226,0.17158690094947815,0.9997596740722656,0.4381835460662842,0.1754913330078125,0.9998430013656616,0.47093409299850464,0.18940143287181854,0.9999573826789856,0.4512600004673004,0.19048430025577545,0.9999650716781616,0.5211250185966492,0.2587836980819702,0.9995867013931274,0.40572214126586914,0.25611525774002075,0.9999009370803833,0.5221670269966125,0.351815402507782,0.7622695565223694,0.3992941677570343,0.3463374376296997,0.9567785859107971,0.5225108861923218,0.4302724599838257,0.5557172894477844,0.39030516147613525,0.4248596727848053,0.8360447883605957,0.5250968933105469,0.45167210698127747,0.5015678405761719,0.3861826956272125,0.44813719391822815,0.7551379799842834,0.5205819010734558,0.4518376290798187,0.5132660865783691,0.39094555377960205,0.44776734709739685,0.764244794845581,0.5174873471260071,0.44393160939216614,0.4989309310913086,0.39400243759155273,0.4407590627670288,0.7502790689468384,0.4855823814868927,0.4322108328342438,0.9992988705635071,0.4241909086704254,0.42496156692504883,0.9996978640556335,0.46990835666656494,0.5627879500389099,0.9094681739807129,0.39869406819343567,0.5595281720161438,0.9717434644699097,0.4256885051727295,0.6672183275222778,0.9454658627510071,0.3804844617843628,0.6828615665435791,0.9770082831382751,0.41417866945266724,0.6832078099250793,0.87396240234375,0.38446977734565735,0.6984094977378845,0.8561381697654724,0.46119627356529236,0.7020412683486938,0.9379910826683044,0.35706186294555664,0.7279669642448425,0.9678482413291931
101,0.4635043740272522,0.17399460077285767,0.9999710917472839,0.47036924958229065,0.1631941944360733,0.9999156594276428,0.47386306524276733,0.16336357593536377,0.9999039769172668,0.4773896038532257,0.1634698063135147,0.9999026656150818,0.45554614067077637,0.16447663307189941,0.9999277591705322,0.45029157400131226,0.16563479602336884,0.9999212026596069,0.4458252787590027,0.16682493686676025,0.9999288320541382,0.48434126377105713,0.17152194678783417,0.9997695684432983,0.43983131647109985,0.17547199130058289,0.9998513460159302,0.4727417528629303,0.18921364843845367,0.9999586343765259,0.45363232493400574,0.19035303592681885,0.9999656081199646,0.5223439335823059,0.25843456387519836,0.9996059536933899,0.40717706084251404,0.2562446892261505,0.9999038577079773,0.5237006545066833,0.35159122943878174,0.7784278988838196,0.3994026482105255,0.34710976481437683,0.9575020670890808,0.5236179232597351,0.43042606115341187,0.5869956612586975,0.3870660662651062,0.4249282479286194,0.8389593958854675,0.5266103148460388,0.4512949585914612,0.5319322943687439,0.3820101320743561,0.44816938042640686,0.7590948343276978,0.5221336483955383,0.45135772228240967,0.5435147285461426,0.38705605268478394,0.4480148255825043,0.7680262327194214,0.5189875960350037,0.4440494179725647,0.5285545587539673,0.3904004693031311,0.44088214635849,0.7528774738311768,0.4866887331008911,0.4337751567363739,0.9993314743041992,0.42416831851005554,0.4245113432407379,0.9997125267982483,0.47155481576919556,0.5650572776794434,0.9169988632202148,0.38750749826431274,0.5570394992828369,0.9743144512176514,0.4252189099788666,0.6695194840431213,0.9499533176422119,0.34932947158813477,0.6782519221305847,0.9789607524871826,0.41225019097328186,0.6867705583572388,0.882591962814331,0.35582664608955383,0.6940083503723145,0.8614235520362854,0.46562764048576355,0.7044289708137512,0.942741870880127,0.32522228360176086,0.7232739925384521,0.9702168703079224
102,0.4660640358924866,0.17389629781246185,0.9999728798866272,0.4724264442920685,0.1632079929113388,0.9999212622642517,0.47573259472846985,0.16338416934013367,0.9999102354049683,0.4795711934566498,0.16349728405475616,0.9999090433120728,0.4580009877681732,0.1643364429473877,0.9999324083328247,0.4525759816169739,0.1654769480228424,0.9999263286590576,0.44819915294647217,0.16667136549949646,0.9999333024024963,0.4863439202308655,0.17146997153759003,0.9997832179069519,0.441631942987442,0.17553408443927765,0.9998611211776733,0.4747357666492462,0.18904344737529755,0.9999606013298035,0.4562464952468872,0.19027964770793915,0.9999669194221497,0.5243143439292908,0.2583248019218445,0.9996207356452942,0.409518301486969,0.2563953101634979,0.9999056458473206,0.5255330204963684,0.35270893573760986,0.7944461703300476,0.4003097414970398,0.34702780842781067,0.9568628668785095,0.5237827897071838,0.43300989270210266,0.6153496503829956,0.3868955075740814,0.42491835355758667,0.8368702530860901,0.5256402492523193,0.4548339545726776,0.5588275790214539,0.3807949125766754,0.44820672273635864,0.7564667463302612,0.5207459926605225,0.4549204111099243,0.5701104998588562,0.3856216371059418,0.4481768012046814,0.7653278708457947,0.5178995132446289,0.44726452231407166,0.5544810891151428,0.38953742384910583,0.44092831015586853,0.749560534954071,0.4877711534500122,0.4337626099586487,0.9993627071380615,0.42400994896888733,0.42431390285491943,0.9997238516807556,0.47217920422554016,0.5638324022293091,0.9241810441017151,0.3789955675601959,0.5557881593704224,0.9766656160354614,0.42479386925697327,0.6699132919311523,0.9541772603988647,0.33549582958221436,0.6774411797523499,0.9807983636856079,0.41118302941322327,0.689294695854187,0.8906317949295044,0.34145042300224304,0.6914727091789246,0.867882490158081,0.4662081301212311,0.705595076084137,0.9471225142478943,0.29687151312828064,0.7206858396530151,0.9724839329719543
103,0.4685252010822296,0.17379719018936157,0.9999739527702332,0.4746460020542145,0.16327576339244843,0.9999248385429382,0.4778711199760437,0.1634605973958969,0.9999140501022339,0.4819135069847107,0.16360457241535187,0.9999130964279175,0.4607362151145935,0.16425640881061554,0.9999352097511292,0.4554152190685272,0.16535459458827972,0.9999294281005859,0.4510478973388672,0.16655513644218445,0.9999359846115112,0.4882493317127228,0.1713394671678543,0.9997914433479309,0.4441055357456207,0.17545050382614136,0.9998673796653748,0.4766823351383209,0.18890215456485748,0.9999615550041199,0.45875412225723267,0.19016887247562408,0.9999670386314392,0.5264359712600708,0.2580733299255371,0.9996322393417358,0.41249367594718933,0.25633400678634644,0.9999063014984131,0.5269458889961243,0.3527578115463257,0.8077569007873535,0.4025784730911255,0.3469707667827606,0.9554921388626099,0.5254797339439392,0.4327143430709839,0.6398013234138489,0.3872837424278259,0.423624724149704,0.8379992842674255,0.5266138911247253,0.45474934577941895,0.5822163224220276,0.38102009892463684,0.4467759430408478,0.7585998177528381,0.5220867395401001,0.4551052153110504,0.5934644937515259,0.38531696796417236,0.44694769382476807,0.7675373554229736,0.5193002223968506,0.4475450813770294,0.5772068500518799,0.3892554044723511,0.4399687349796295,0.7512768507003784,0.4893246591091156,0.43355560302734375,0.9993928670883179,0.424335777759552,0.4242548942565918,0.999731719493866,0.4728947877883911,0.5626546740531921,0.9307829737663269,0.3778602182865143,0.5556669235229492,0.9787537455558777,0.42484691739082336,0.6706075668334961,0.9580115675926208,0.33186620473861694,0.6697624921798706,0.9824609756469727,0.4113256633281708,0.6901512145996094,0.897659420967102,0.33769428730010986,0.6855549812316895,0.8743096590042114,0.4675625264644623,0.7067545056343079,0.9511458873748779,0.2939029037952423,0.7066255807876587,0.9745969176292419
104,0.4704127013683319,0.1737223118543625,0.9999736547470093,0.4763612151145935,0.16336826980113983,0.9999240040779114,0.4796372354030609,0.16354095935821533,0.9999127388000488,0.48380109667778015,0.16374275088310242,0.9999119639396667,0.46253135800361633,0.16421808302402496,0.9999337792396545,0.4572522044181824,0.16526353359222412,0.99992835521698,0.4529264569282532,0.166478231549263,0.9999345541000366,0.49004748463630676,0.17125971615314484,0.9997855424880981,0.4458160102367401,0.17537587881088257,0.999865710735321,0.47836652398109436,0.18880049884319305,0.9999609589576721,0.46076419949531555,0.19010497629642487,0.999965250492096,0.5281440019607544,0.2580112814903259,0.9996485114097595,0.41434308886528015,0.2562733590602875,0.9999061822891235,0.5280596017837524,0.3525125980377197,0.8195215463638306,0.4047064483165741,0.3469237983226776,0.9532782435417175,0.5270673632621765,0.4326270520687103,0.6603981256484985,0.38791877031326294,0.4234463572502136,0.8352451324462891,0.5280724167823792,0.45427072048187256,0.6015257239341736,0.381814181804657,0.44660666584968567,0.7565273642539978,0.5235270857810974,0.45478418469429016,0.6128062009811401,0.3867292106151581,0.4468194842338562,0.7656013369560242,0.5205790400505066,0.44704484939575195,0.596038818359375,0.39040103554725647,0.4397848844528198,0.7496019601821899,0.4924716055393219,0.4330071806907654,0.9994299411773682,0.4265489876270294,0.4240695834159851,0.9997392296791077,0.4732070863246918,0.5613718032836914,0.936694324016571,0.3828839063644409,0.5491638779640198,0.9804802536964417,0.4257085919380188,0.66966712474823,0.9614720344543457,0.33962908387184143,0.6506813168525696,0.9837675094604492,0.4128563702106476,0.6887136101722717,0.9036564826965332,0.3452390134334564,0.6644597053527832,0.878149151802063,0.4673424959182739,0.7064054012298584,0.9547461867332458,0.30695998668670654,0.6889750361442566,0.9762192368507385
105,0.4721699655056,0.17344386875629425,0.9999729990959167,0.4780518114566803,0.16335423290729523,0.9999226331710815,0.4812285900115967,0.16352175176143646,0.9999111890792847,0.4855300188064575,0.16368693113327026,0.999910295009613,0.4643004834651947,0.16418465971946716,0.9999314546585083,0.459094375371933,0.16517892479896545,0.9999263286590576,0.4548988342285156,0.1661931425333023,0.9999319314956665,0.4916321337223053,0.17097638547420502,0.9997737407684326,0.4480171501636505,0.17473839223384857,0.9998630881309509,0.48008087277412415,0.18817459046840668,0.9999604821205139,0.4627580940723419,0.18981149792671204,0.999963641166687,0.5300500392913818,0.25788745284080505,0.9996667504310608,0.41650980710983276,0.2562440037727356,0.999904453754425,0.5285072326660156,0.3520330786705017,0.8286975026130676,0.40699926018714905,0.34725117683410645,0.952479362487793,0.5271849036216736,0.4322682321071625,0.675737202167511,0.3920592963695526,0.42392784357070923,0.8325577974319458,0.5274397134780884,0.4548640251159668,0.6148340106010437,0.3865656554698944,0.4478433430194855,0.7531675100326538,0.5228598117828369,0.4556456208229065,0.6265304684638977,0.39125773310661316,0.4480767846107483,0.762286901473999,0.520156741142273,0.44750404357910156,0.6094397306442261,0.39483022689819336,0.4402086138725281,0.7462610602378845,0.49475717544555664,0.43272578716278076,0.9994733333587646,0.4293802082538605,0.4231589734554291,0.9997486472129822,0.4737187325954437,0.5606322884559631,0.9414748549461365,0.39218682050704956,0.5393112301826477,0.9815272688865662,0.428069144487381,0.6693578362464905,0.9642241597175598,0.358745276927948,0.6391904354095459,0.9836089611053467,0.41489237546920776,0.6872196793556213,0.9081579446792603,0.3649923503398895,0.6523895263671875,0.8699577450752258,0.46703386306762695,0.707037627696991,0.9575732350349426,0.3308429718017578,0.6749458909034729,0.9760103225708008
106,0.4746342897415161,0.1732751429080963,0.9999725818634033,0.48037901520729065,0.16330231726169586,0.9999208450317383,0.48382213711738586,0.1634644716978073,0.9999086260795593,0.4885173439979553,0.16364207863807678,0.9999081492424011,0.46690723299980164,0.16416245698928833,0.9999297261238098,0.46176767349243164,0.16511577367782593,0.9999237060546875,0.457413911819458,0.16599628329277039,0.9999288320541382,0.4940694272518158,0.1708243042230606,0.9997600317001343,0.4509361982345581,0.17419125139713287,0.9998582005500793,0.4824742078781128,0.18779271841049194,0.9999594688415527,0.4653800129890442,0.18947790563106537,0.9999615550041199,0.5321630835533142,0.257284551858902,0.9996814727783203,0.41897308826446533,0.25610989332199097,0.9999009370803833,0.5297277569770813,0.3514172434806824,0.836704671382904,0.4111039340496063,0.34662243723869324,0.9500781893730164,0.5280090570449829,0.42916932702064514,0.6893614530563354,0.4005805552005768,0.4215167164802551,0.8284556269645691,0.5278803706169128,0.45350998640060425,0.627013087272644,0.39517131447792053,0.4449203908443451,0.7482296228408813,0.5238332152366638,0.4532424211502075,0.6388561129570007,0.4004390239715576,0.444033145904541,0.7570692300796509,0.5212928652763367,0.4452187120914459,0.6208537220954895,0.404141366481781,0.4367642402648926,0.7403104901313782,0.49689382314682007,0.43240776658058167,0.9995111227035522,0.4337277412414551,0.4227500855922699,0.9997559189796448,0.47632530331611633,0.5565260648727417,0.9452863335609436,0.4011976420879364,0.538341760635376,0.9819217324256897,0.43106499314308167,0.6681906580924988,0.9661145210266113,0.3733411431312561,0.6378098130226135,0.9826163649559021,0.4183077812194824,0.6864862442016602,0.9115051627159119,0.3802277445793152,0.6522660851478577,0.8628026247024536,0.46967950463294983,0.7065367102622986,0.959610641002655,0.34565335512161255,0.6697534322738647,0.9752909541130066
107,0.4787343442440033,0.17320264875888824,0.9999716281890869,0.48373475670814514,0.16326682269573212,0.9999173879623413,0.4878154397010803,0.16343599557876587,0.9999046921730042,0.49232444167137146,0.16361601650714874,0.9999046921730042,0.47107717394828796,0.16411198675632477,0.9999260306358337,0.46624502539634705,0.1650765985250473,0.9999185800552368,0.4613676369190216,0.1659606248140335,0.9999224543571472,0.49722784757614136,0.17069263756275177,0.9997422695159912,0.4546709656715393,0.1740632951259613,0.9998452663421631,0.4862748086452484,0.18735425174236298,0.9999579787254333,0.4698408246040344,0.18904313445091248,0.9999575018882751,0.5350194573402405,0.25628146529197693,0.9996984004974365,0.42166998982429504,0.2560817301273346,0.9998892545700073,0.5325251817703247,0.3476927876472473,0.8454045653343201,0.41669023036956787,0.3466077148914337,0.9477729201316833,0.5316317081451416,0.4218796193599701,0.7033939361572266,0.40803927183151245,0.41900715231895447,0.8218157291412354,0.5307890176773071,0.4476494789123535,0.6398891806602478,0.4042205512523651,0.44304513931274414,0.7399142980575562,0.5275124311447144,0.44713082909584045,0.6518257260322571,0.4089744985103607,0.4420081377029419,0.748730480670929,0.5248985290527344,0.4395816922187805,0.6336187720298767,0.41257479786872864,0.43420812487602234,0.7322671413421631,0.5024499893188477,0.4298814535140991,0.9995465874671936,0.44061478972435,0.42154595255851746,0.9997559785842896,0.4793826937675476,0.5506860017776489,0.9487111568450928,0.42623868584632874,0.5382415056228638,0.9810804128646851,0.43619367480278015,0.6668123602867126,0.96724933385849,0.41710540652275085,0.6329191327095032,0.9774717688560486,0.4226885437965393,0.6852760910987854,0.9120469093322754,0.41734778881073,0.6412699222564697,0.8471897840499878,0.4686499238014221,0.7053689956665039,0.9605699181556702,0.38816970586776733,0.6649510860443115,0.9710063934326172
108,0.4826171100139618,0.1726195514202118,0.9999688267707825,0.4877825975418091,0.1630420982837677,0.9999105930328369,0.49250462651252747,0.1631743609905243,0.9998976588249207,0.4962811768054962,0.16337251663208008,0.9998986721038818,0.4750915467739105,0.16396453976631165,0.9999191761016846,0.47026240825653076,0.16493912041187286,0.9999104738235474,0.4653547406196594,0.16581052541732788,0.9999131560325623,0.5015653967857361,0.17028819024562836,0.9997096657752991,0.45854055881500244,0.17389047145843506,0.9998316764831543,0.49035346508026123,0.18629875779151917,0.99995356798172,0.47405555844306946,0.18784116208553314,0.999950110912323,0.5385603904724121,0.25547507405281067,0.9996919631958008,0.4252629578113556,0.2562287747859955,0.9998581409454346,0.5373111367225647,0.34434932470321655,0.8497723340988159,0.4220038950443268,0.3466184437274933,0.9479392766952515,0.5360568761825562,0.41811901330947876,0.7046130895614624,0.41729462146759033,0.41944193840026855,0.8051613569259644,0.5343053936958313,0.44417068362236023,0.6360716223716736,0.4156254231929779,0.4432631731033325,0.7170060873031616,0.5315666794776917,0.4445139169692993,0.649268627166748,0.42167922854423523,0.442383348941803,0.7261696457862854,0.5291517972946167,0.4370132088661194,0.6316342949867249,0.4243381917476654,0.4344744086265564,0.7110976576805115,0.5079710483551025,0.4245244264602661,0.9995644688606262,0.4482671916484833,0.41936302185058594,0.9997351169586182,0.4817913770675659,0.5459893345832825,0.9465036392211914,0.4451223909854889,0.5357692837715149,0.9748356938362122,0.43712225556373596,0.6648167371749878,0.9639889001846313,0.44536688923835754,0.6188908219337463,0.9517490267753601,0.42330992221832275,0.6845750212669373,0.9047803282737732,0.44542863965034485,0.6243840456008911,0.8031113743782043,0.467525452375412,0.7035579085350037,0.9566286206245422,0.4245528280735016,0.6550333499908447,0.9476073980331421
109,0.4867054522037506,0.1726464331150055,0.9999666810035706,0.4924030601978302,0.1631474792957306,0.9999070167541504,0.49685829877853394,0.16326123476028442,0.9998951554298401,0.5008365511894226,0.16348806023597717,0.9998968243598938,0.47916892170906067,0.1640171855688095,0.9999140501022339,0.47417059540748596,0.16493552923202515,0.9999048709869385,0.46939852833747864,0.16577400267124176,0.9999056458473206,0.5065674185752869,0.17024162411689758,0.9996958374977112,0.46246418356895447,0.17398037016391754,0.9998269081115723,0.4947437644004822,0.18634262681007385,0.999953031539917,0.47820329666137695,0.18784794211387634,0.9999476075172424,0.5426243543624878,0.25530141592025757,0.9996988773345947,0.4295922517776489,0.2563273310661316,0.9998326897621155,0.5429244637489319,0.3439640700817108,0.8596130609512329,0.4288649559020996,0.34673553705215454,0.9473846554756165,0.5394793152809143,0.41909515857696533,0.7185028195381165,0.42807143926620483,0.4196217954158783,0.782046914100647,0.5374844670295715,0.4445625841617584,0.6502096652984619,0.42806124687194824,0.44322001934051514,0.6881780624389648,0.5345725417137146,0.4449029564857483,0.663543164730072,0.43497616052627563,0.44257816672325134,0.6994855403900146,0.5321054458618164,0.43739572167396545,0.6453648209571838,0.4364188611507416,0.434823215007782,0.6890653371810913,0.5114420652389526,0.42332980036735535,0.9995829463005066,0.4545125663280487,0.4184363782405853,0.999693751335144,0.48310670256614685,0.5459291934967041,0.9464333653450012,0.46233710646629333,0.5360342264175415,0.9622077941894531,0.43925607204437256,0.6661437153816223,0.9619913101196289,0.46555426716804504,0.5807406306266785,0.8918251395225525,0.4250534176826477,0.6875576376914978,0.9054521918296814,0.46730202436447144,0.5860262513160706,0.7543402910232544,0.46934598684310913,0.7033143639564514,0.9546818137168884,0.4576781392097473,0.6200796961784363,0.8984982371330261
110,0.4915187954902649,0.17291082441806793,0.9999691843986511,0.49769771099090576,0.16344919800758362,0.9999138712882996,0.5018817782402039,0.1636292040348053,0.9999027848243713,0.5064526200294495,0.16391810774803162,0.9999045133590698,0.48413538932800293,0.16415518522262573,0.9999200701713562,0.47885972261428833,0.16500118374824524,0.9999113082885742,0.4741004407405853,0.16579976677894592,0.9999119639396667,0.5119844079017639,0.17038355767726898,0.9997145533561707,0.46704405546188354,0.17418983578681946,0.9998378753662109,0.4992695748806,0.186746284365654,0.9999564290046692,0.4828624725341797,0.18798281252384186,0.9999509453773499,0.5478910803794861,0.2553243935108185,0.9997187256813049,0.435128390789032,0.2564460337162018,0.9998346567153931,0.5492873191833496,0.3429422676563263,0.8673075437545776,0.4363058805465698,0.34744828939437866,0.94951331615448,0.5464024543762207,0.41855552792549133,0.735289990901947,0.43535977602005005,0.42437511682510376,0.7900441288948059,0.5423527359962463,0.4437844455242157,0.6660780906677246,0.43508511781692505,0.44742220640182495,0.6970016956329346,0.539674699306488,0.44435563683509827,0.6793317794799805,0.44130223989486694,0.4473804533481598,0.7079020142555237,0.5381342768669128,0.43684810400009155,0.6613198518753052,0.44246751070022583,0.44011104106903076,0.6971033215522766,0.5182067155838013,0.42232441902160645,0.9996087551116943,0.4621696174144745,0.4184856116771698,0.9996885061264038,0.4856054484844208,0.5454597473144531,0.9446709156036377,0.4708370268344879,0.5369048714637756,0.9554534554481506,0.4433991312980652,0.6668502688407898,0.9626481533050537,0.49451687932014465,0.5997916460037231,0.8849127292633057,0.42772144079208374,0.687858521938324,0.9065468907356262,0.5022264122962952,0.60896235704422,0.7427485585212708,0.47187262773513794,0.7012366056442261,0.9548926949501038,0.4983583688735962,0.643635094165802,0.8928506970405579
111,0.49518927931785583,0.17413786053657532,0.9999717473983765,0.5016657710075378,0.16436567902565002,0.9999212026596069,0.505721390247345,0.16454796493053436,0.9999110698699951,0.5104667544364929,0.16483668982982635,0.9999127984046936,0.4884340465068817,0.16498994827270508,0.9999266266822815,0.4832831621170044,0.1657554805278778,0.9999184608459473,0.4786074757575989,0.16662034392356873,0.9999191164970398,0.5163419246673584,0.17190909385681152,0.9997376203536987,0.4719183146953583,0.17577244341373444,0.9998502731323242,0.5030260682106018,0.18824201822280884,0.9999600052833557,0.4867008626461029,0.18905942142009735,0.9999545812606812,0.5520890951156616,0.2556324303150177,0.9997385740280151,0.44071096181869507,0.2575511634349823,0.9998356103897095,0.5549782514572144,0.3430973291397095,0.8753100037574768,0.4427880644798279,0.34755608439445496,0.9507612586021423,0.55301833152771,0.41886278986930847,0.7510537505149841,0.4423350393772125,0.42442700266838074,0.7965246438980103,0.5521075129508972,0.44403576850891113,0.6820367574691772,0.4411514699459076,0.44751888513565063,0.7053402662277222,0.5498180389404297,0.44458600878715515,0.6948211193084717,0.4473409354686737,0.4474099576473236,0.7158847451210022,0.5472019910812378,0.4370303750038147,0.6775218844413757,0.448914498090744,0.4402238726615906,0.7045721411705017,0.5227228999137878,0.4214203655719757,0.9996213912963867,0.4675396680831909,0.41850191354751587,0.9996423721313477,0.48691466450691223,0.5436319708824158,0.9431385397911072,0.4729280173778534,0.5370146632194519,0.9495635628700256,0.44556787610054016,0.6671428680419922,0.9641997814178467,0.5163999199867249,0.5954166650772095,0.881540834903717,0.43233758211135864,0.6877703070640564,0.9088244438171387,0.525863766670227,0.6019960045814514,0.7405440211296082,0.47503089904785156,0.7006195783615112,0.9561021327972412,0.5200346112251282,0.6475661993026733,0.8893863558769226
112,0.5000815987586975,0.17789439857006073,0.9999733567237854,0.5059385299682617,0.1680459827184677,0.9999263882637024,0.5098676681518555,0.16797921061515808,0.9999171495437622,0.5145565867424011,0.16819120943546295,0.9999191761016846,0.4928993582725525,0.16919830441474915,0.9999305605888367,0.48814383149147034,0.16993798315525055,0.9999224543571472,0.4832221567630768,0.170785591006279,0.9999232292175293,0.5203835368156433,0.17563967406749725,0.9997541904449463,0.4767211377620697,0.1793987900018692,0.9998550415039062,0.5077940225601196,0.19225884974002838,0.999962329864502,0.49192550778388977,0.19276122748851776,0.9999558329582214,0.556714653968811,0.25619885325431824,0.9997535943984985,0.4457012116909027,0.26074618101119995,0.9997982382774353,0.5608589053153992,0.3431625962257385,0.8815343976020813,0.45091184973716736,0.3477063775062561,0.9442963600158691,0.5602494478225708,0.4187344014644623,0.7601853609085083,0.45360425114631653,0.4240204691886902,0.7776135206222534,0.5594465732574463,0.44232818484306335,0.6898097395896912,0.456577330827713,0.44608068466186523,0.6870421171188354,0.5572002530097961,0.44306305050849915,0.7024954557418823,0.45995259284973145,0.4452226758003235,0.6979846358299255,0.5546503067016602,0.4362073540687561,0.68560391664505,0.46198922395706177,0.43945321440696716,0.6867169141769409,0.5271840691566467,0.42144984006881714,0.9996111989021301,0.4717743396759033,0.4189148247241974,0.9995048642158508,0.49247604608535767,0.5440276265144348,0.9393220543861389,0.4817812740802765,0.5377095341682434,0.9398916363716125,0.44818976521492004,0.6688174605369568,0.9656856060028076,0.5381843447685242,0.5980918407440186,0.8790635466575623,0.43537431955337524,0.6891359686851501,0.9093232154846191,0.5480884909629822,0.6025243997573853,0.7404353618621826,0.4750208258628845,0.7009586691856384,0.9570009112358093,0.5455820560455322,0.650088369846344,0.8865296840667725
113,0.5047680735588074,0.18090836703777313,0.9999751448631287,0.5097787380218506,0.17175491154193878,0.9999316334724426,0.5136141777038574,0.17174285650253296,0.9999232888221741,0.5181702971458435,0.17175047099590302,0.9999255537986755,0.4970221519470215,0.17282617092132568,0.999934732913971,0.49228689074516296,0.17345698177814484,0.9999268651008606,0.4874568581581116,0.17427022755146027,0.9999278783798218,0.523793637752533,0.17900802195072174,0.9997738599777222,0.4808090925216675,0.18285530805587769,0.999861478805542,0.5125691890716553,0.19533470273017883,0.9999648928642273,0.4969036877155304,0.19570882618427277,0.9999578595161438,0.5612138509750366,0.26061245799064636,0.9997678995132446,0.4504733085632324,0.26682180166244507,0.9997561573982239,0.564374566078186,0.34645599126815796,0.8866692781448364,0.4581226706504822,0.353579044342041,0.9249923229217529,0.56397545337677,0.42401933670043945,0.763650119304657,0.4598509967327118,0.427998811006546,0.7456660270690918,0.5649840235710144,0.44650739431381226,0.6917387843132019,0.46153607964515686,0.448413223028183,0.6586122512817383,0.5624139308929443,0.44823095202445984,0.7041013240814209,0.4646011292934418,0.4490809440612793,0.6700531840324402,0.5593901872634888,0.4409739077091217,0.6878793239593506,0.465870201587677,0.44412514567375183,0.6601570844650269,0.5308744311332703,0.4251825511455536,0.9995956420898438,0.47573569416999817,0.42496299743652344,0.9994227886199951,0.5031629204750061,0.5464186668395996,0.938728928565979,0.49398013949394226,0.5448305606842041,0.9387766122817993,0.4553687274456024,0.6686512231826782,0.9678464531898499,0.5552610754966736,0.6045916080474854,0.8877509236335754,0.4415929913520813,0.6879047155380249,0.9108946323394775,0.5679007172584534,0.6093930006027222,0.7555735111236572,0.4747031033039093,0.7026157975196838,0.9591227173805237,0.5548263788223267,0.6551507711410522,0.8937317728996277
114,0.5099511742591858,0.1884520798921585,0.999977171421051,0.5142118334770203,0.17858344316482544,0.9999370574951172,0.5174132585525513,0.17861491441726685,0.9999294281005859,0.5211820006370544,0.17863669991493225,0.9999316930770874,0.5021539330482483,0.18007123470306396,0.9999398589134216,0.49708518385887146,0.18119461834430695,0.999932587146759,0.49222320318222046,0.18236631155014038,0.999933660030365,0.5267089605331421,0.18731684982776642,0.9997930526733398,0.48510101437568665,0.19164563715457916,0.9998722076416016,0.5178487300872803,0.20163466036319733,0.9999673962593079,0.502877950668335,0.20208588242530823,0.9999608397483826,0.5651484727859497,0.2700411081314087,0.9997734427452087,0.45413270592689514,0.27755963802337646,0.9997590184211731,0.5675157904624939,0.35382193326950073,0.8872868418693542,0.46076080203056335,0.3633316457271576,0.9213438034057617,0.5695355534553528,0.4324912130832672,0.7584050297737122,0.4632573425769806,0.43656137585639954,0.7333071827888489,0.5688568949699402,0.4544946849346161,0.683756411075592,0.4636983275413513,0.4576551616191864,0.6459816694259644,0.5670329332351685,0.4563951790332794,0.6960705518722534,0.46825817227363586,0.4585542380809784,0.6578224897384644,0.5642833709716797,0.4476815462112427,0.6802772283554077,0.46970275044441223,0.4520638883113861,0.6493253111839294,0.5377489924430847,0.4327513873577118,0.999568521976471,0.48296216130256653,0.43342357873916626,0.9994421601295471,0.5253531336784363,0.5459221601486206,0.9384936690330505,0.5044069886207581,0.5470289587974548,0.9423803091049194,0.4661732614040375,0.6538168787956238,0.9686795473098755,0.5571316480636597,0.6273791790008545,0.8971458673477173,0.452236145734787,0.6665902733802795,0.9095267653465271,0.5686013698577881,0.6366299390792847,0.7694909572601318,0.47516241669654846,0.7001881003379822,0.9597129225730896,0.5554598569869995,0.6719551086425781,0.9014765024185181
115,0.5126506090164185,0.19924528896808624,0.9999789595603943,0.5171870589256287,0.18959718942642212,0.999941349029541,0.5204805731773376,0.18972375988960266,0.9999343752861023,0.5240028500556946,0.1900491863489151,0.9999365210533142,0.505140483379364,0.1906638741493225,0.999944269657135,0.50005704164505,0.1915179193019867,0.9999375939369202,0.4954191744327545,0.1922365427017212,0.9999387860298157,0.5295644402503967,0.1986340433359146,0.9998090267181396,0.48820874094963074,0.20122335851192474,0.9998817443847656,0.5209453701972961,0.21247994899749756,0.9999693632125854,0.5054642558097839,0.21286553144454956,0.999963641166687,0.5681337714195251,0.2808167040348053,0.9997597336769104,0.4566684365272522,0.28609272837638855,0.9997763633728027,0.5696285963058472,0.3623480796813965,0.8777418732643127,0.461225301027298,0.3669726848602295,0.9175388216972351,0.5735862255096436,0.43544068932533264,0.7215698957443237,0.4615241289138794,0.4374179542064667,0.7283555269241333,0.5815789103507996,0.4591241180896759,0.6497064232826233,0.46112310886383057,0.45794594287872314,0.6412833333015442,0.5783407688140869,0.46173569560050964,0.6615049242973328,0.46579480171203613,0.45812809467315674,0.6538601517677307,0.567846417427063,0.45068591833114624,0.6461206078529358,0.4681926667690277,0.4517626166343689,0.646910548210144,0.5462079644203186,0.4366070330142975,0.9995454549789429,0.4912267029285431,0.4363754987716675,0.9994879961013794,0.5489932298660278,0.5415188074111938,0.9412844777107239,0.5052909851074219,0.5445589423179626,0.9466594457626343,0.4759160280227661,0.6319900155067444,0.9692345261573792,0.5614878535270691,0.6348760724067688,0.9066106081008911,0.4611876308917999,0.6363880038261414,0.9053550362586975,0.5738782286643982,0.6444480419158936,0.78459233045578,0.4749160408973694,0.6844333410263062,0.9599546790122986,0.560469925403595,0.6780270934104919,0.9099559783935547
116,0.5155852437019348,0.20225389301776886,0.9999805688858032,0.519764244556427,0.19263547658920288,0.9999452233314514,0.5230210423469543,0.19285203516483307,0.9999386668205261,0.5261902809143066,0.19307491183280945,0.999940812587738,0.5079926252365112,0.19319945573806763,0.9999483823776245,0.5029349327087402,0.1937958002090454,0.9999421238899231,0.4981246888637543,0.19469723105430603,0.9999434351921082,0.5309514999389648,0.20168419182300568,0.9998244047164917,0.49021005630493164,0.20364220440387726,0.9998902082443237,0.5235815644264221,0.21549420058727264,0.9999712705612183,0.5084036588668823,0.21556727588176727,0.9999662637710571,0.5687181949615479,0.2829021215438843,0.999751627445221,0.4589015245437622,0.28776443004608154,0.9997908473014832,0.5735375285148621,0.3636053800582886,0.8743840456008911,0.45989978313446045,0.36880743503570557,0.9215413928031921,0.5793329477310181,0.43526339530944824,0.7074920535087585,0.4608500897884369,0.4404703378677368,0.7419557571411133,0.582129180431366,0.457873672246933,0.6364214420318604,0.46040084958076477,0.46031081676483154,0.6564420461654663,0.5786318182945251,0.45973971486091614,0.6477788090705872,0.4658755958080292,0.4611682891845703,0.6688559055328369,0.5744959712028503,0.4500502645969391,0.6335272192955017,0.46836745738983154,0.4548233449459076,0.6616415977478027,0.5516079664230347,0.4385982155799866,0.9995512962341309,0.496227890253067,0.4394204318523407,0.9995211362838745,0.5681473612785339,0.5311698317527771,0.9463104009628296,0.5113694071769714,0.5462003350257874,0.9507960677146912,0.4845462441444397,0.6101701855659485,0.9709861278533936,0.566216230392456,0.6418377161026001,0.9150802493095398,0.4717448651790619,0.6082907915115356,0.9091203212738037,0.5780365467071533,0.6489760279655457,0.8000405430793762,0.4748128354549408,0.6606677770614624,0.9620882868766785,0.5629372000694275,0.6834222078323364,0.9173897504806519
117,0.514885425567627,0.1989138126373291,0.9999818205833435,0.5200742483139038,0.1896655261516571,0.9999483227729797,0.523986279964447,0.1897532343864441,0.9999420642852783,0.5277197360992432,0.18985538184642792,0.999944269657135,0.5074913501739502,0.19034576416015625,0.9999515414237976,0.502600908279419,0.19095319509506226,0.9999452829360962,0.4978349506855011,0.1918075829744339,0.999946653842926,0.533159077167511,0.19744926691055298,0.9998383522033691,0.4907273054122925,0.20089687407016754,0.9998928904533386,0.5228708982467651,0.21229764819145203,0.9999726414680481,0.5067160129547119,0.21304179728031158,0.9999682307243347,0.5698498487472534,0.2788267135620117,0.9997323155403137,0.46166589856147766,0.2829888164997101,0.9997965693473816,0.5744726657867432,0.3618186414241791,0.8735045790672302,0.4620407223701477,0.36667534708976746,0.923319935798645,0.5820360779762268,0.4315505027770996,0.6996904611587524,0.4606292247772217,0.42632994055747986,0.7491523623466492,0.5857860445976257,0.45126834511756897,0.628574788570404,0.46098440885543823,0.444710373878479,0.6645360589027405,0.5826594829559326,0.4519231617450714,0.6396890878677368,0.4636835753917694,0.44350674748420715,0.6771834492683411,0.5788828730583191,0.44593095779418945,0.625109851360321,0.4659775495529175,0.43774285912513733,0.6694588661193848,0.5528362393379211,0.437947154045105,0.9995635151863098,0.49858343601226807,0.4370766878128052,0.9995531439781189,0.582310676574707,0.5222282409667969,0.95040363073349,0.5190361142158508,0.5459564328193665,0.9539628624916077,0.5012360215187073,0.5718987584114075,0.9682308435440063,0.5674411654472351,0.6435943245887756,0.9222633242607117,0.48631951212882996,0.5701888799667358,0.9089143872261047,0.5767561793327332,0.6528282761573792,0.8138150572776794,0.48540788888931274,0.6158996820449829,0.9600117802619934,0.5654503107070923,0.6854072213172913,0.9230121970176697
118,0.5171046853065491,0.19166302680969238,0.9999829530715942,0.5215089321136475,0.18206501007080078,0.9999513626098633,0.5252528786659241,0.18227864801883698,0.9999454617500305,0.5290236473083496,0.18246571719646454,0.999947726726532,0.5091789364814758,0.18274760246276855,0.9999544024467468,0.5045992732048035,0.18354079127311707,0.9999480247497559,0.49951934814453125,0.18443775177001953,0.9999493360519409,0.5337828397750854,0.1883077621459961,0.999852180480957,0.49171340465545654,0.19234372675418854,0.9998952150344849,0.5243675112724304,0.2034318894147873,0.9999743700027466,0.5091825723648071,0.20384889841079712,0.9999703168869019,0.5690416097640991,0.2681404948234558,0.999741792678833,0.46405139565467834,0.27114617824554443,0.9998047351837158,0.5742756128311157,0.3481312096118927,0.8761328458786011,0.46754026412963867,0.3498353660106659,0.9235029220581055,0.5819351673126221,0.41679465770721436,0.7022167444229126,0.46487846970558167,0.41766083240509033,0.7559201717376709,0.5859736204147339,0.43674471974372864,0.6315987706184387,0.46515777707099915,0.4369141161441803,0.6735309958457947,0.5832356214523315,0.4366855323314667,0.6423659324645996,0.466796875,0.43635907769203186,0.68645179271698,0.5794346928596497,0.4304439425468445,0.6270290017127991,0.46906599402427673,0.43068626523017883,0.6778773069381714,0.5514630675315857,0.42312148213386536,0.9995920658111572,0.4965336322784424,0.42616331577301025,0.9995861649513245,0.5894880890846252,0.514264702796936,0.9545807242393494,0.5264711976051331,0.5416343212127686,0.9568020701408386,0.50656658411026,0.5587102770805359,0.9673880338668823,0.5697126984596252,0.6427416205406189,0.9289293885231018,0.49247831106185913,0.5576450228691101,0.9095696210861206,0.5764316320419312,0.6525718569755554,0.8264734745025635,0.48585939407348633,0.6040903925895691,0.9594518542289734,0.567861795425415,0.6855868101119995,0.9284965395927429
119,0.5198666453361511,0.16835325956344604,0.999981164932251,0.5235945582389832,0.15912654995918274,0.999946117401123,0.5271280407905579,0.15919041633605957,0.9999393224716187,0.5310260057449341,0.15928901731967926,0.9999431371688843,0.5113389492034912,0.1600079983472824,0.9999493360519409,0.5064548254013062,0.16067755222320557,0.9999399781227112,0.5012507438659668,0.1616121530532837,0.9999415874481201,0.5349592566490173,0.16710378229618073,0.9998534917831421,0.49262160062789917,0.17040954530239105,0.9998729228973389,0.5278344750404358,0.1829129159450531,0.9999724626541138,0.5124077796936035,0.1828274428844452,0.999968945980072,0.5687529444694519,0.2501216530799866,0.9997072815895081,0.4646419584751129,0.2514573931694031,0.9997732043266296,0.5720275044441223,0.3297432065010071,0.8561318516731262,0.4734587073326111,0.33448803424835205,0.8998392224311829,0.5786278247833252,0.4018729031085968,0.664458692073822,0.4739547669887543,0.4102003276348114,0.7114570736885071,0.581798255443573,0.42294666171073914,0.5987743735313416,0.4756729006767273,0.42975282669067383,0.6344531774520874,0.5803076028823853,0.4245056211948395,0.6093664169311523,0.4783692955970764,0.4298151135444641,0.6477762460708618,0.5765653252601624,0.41656622290611267,0.5955998301506042,0.48150601983070374,0.42453858256340027,0.6406041979789734,0.5527291297912598,0.4116845428943634,0.9995920658111572,0.4970540702342987,0.41621842980384827,0.9996058344841003,0.5918094515800476,0.5145434141159058,0.9581689834594727,0.53347247838974,0.5394014716148376,0.9588560461997986,0.5108303427696228,0.560748279094696,0.9657659530639648,0.5713641047477722,0.6414501667022705,0.9347904920578003,0.49491387605667114,0.5594452619552612,0.904656708240509,0.5763676166534424,0.6503299474716187,0.8352199792861938,0.4934128224849701,0.6068689823150635,0.9564691185951233,0.5727109909057617,0.6839402318000793,0.933307409286499
120,0.5211259722709656,0.15348927676677704,0.9999800324440002,0.5252929925918579,0.14501342177391052,0.9999423623085022,0.5287524461746216,0.14527270197868347,0.9999352097511292,0.5327180624008179,0.14539247751235962,0.9999406933784485,0.5128283500671387,0.1453787386417389,0.999944269657135,0.507832407951355,0.1457875370979309,0.9999316334724426,0.5023963451385498,0.14639507234096527,0.9999336004257202,0.5359745025634766,0.15357477962970734,0.9998540878295898,0.4932768940925598,0.15483947098255157,0.9998539090156555,0.528444766998291,0.16841867566108704,0.9999707937240601,0.5129852890968323,0.16827398538589478,0.9999661445617676,0.5679238438606262,0.23400047421455383,0.9997050762176514,0.4646274447441101,0.231110617518425,0.9997342824935913,0.5710365772247314,0.3156605362892151,0.8200637102127075,0.47410091757774353,0.3105182945728302,0.8800395727157593,0.5761466026306152,0.3853176534175873,0.6194632649421692,0.4784502387046814,0.39203721284866333,0.6704369187355042,0.5790403485298157,0.40714457631111145,0.5611093640327454,0.4785776436328888,0.4126359224319458,0.5979389548301697,0.5771346688270569,0.40907856822013855,0.570899248123169,0.4787542223930359,0.41698554158210754,0.6108738780021667,0.5734757781028748,0.40070685744285583,0.558566689491272,0.48578983545303345,0.40660667419433594,0.6039837002754211,0.5535090565681458,0.395598828792572,0.9996259808540344,0.497102826833725,0.40172141790390015,0.999630331993103,0.5851289629936218,0.5059830546379089,0.9617178440093994,0.5201507210731506,0.5097339749336243,0.96012943983078,0.5131332278251648,0.5842911005020142,0.9681623578071594,0.5738025307655334,0.6130311489105225,0.9398053884506226,0.495942085981369,0.5878623127937317,0.9076576828956604,0.582895040512085,0.6196038126945496,0.8398386836051941,0.5044427514076233,0.6300837397575378,0.9593643546104431,0.5860442519187927,0.6563195586204529,0.9378029704093933
121,0.5213903784751892,0.14435754716396332,0.9999803900718689,0.5256417393684387,0.13506697118282318,0.999943733215332,0.5290272831916809,0.13530205190181732,0.9999367594718933,0.5328215956687927,0.13554078340530396,0.9999421834945679,0.5131679773330688,0.13556571304798126,0.9999446868896484,0.5080260634422302,0.1361566185951233,0.9999318718910217,0.5027307271957397,0.13701261579990387,0.9999340772628784,0.5368191003799438,0.14393819868564606,0.9998574256896973,0.49374231696128845,0.14583002030849457,0.9998592138290405,0.5292515158653259,0.15909090638160706,0.9999717473983765,0.5136449933052063,0.15895786881446838,0.9999668598175049,0.5690988898277283,0.22523216903209686,0.9997145533561707,0.46544569730758667,0.22667723894119263,0.9997372031211853,0.5712584257125854,0.30874550342559814,0.7980111837387085,0.4708128571510315,0.30950838327407837,0.8807811141014099,0.5750884413719177,0.38255995512008667,0.587184488773346,0.47442176938056946,0.38712382316589355,0.6601582765579224,0.5774703025817871,0.4064575731754303,0.5339175462722778,0.4741411805152893,0.40912938117980957,0.5862828493118286,0.5753748416900635,0.40682631731033325,0.5434147119522095,0.47777751088142395,0.40933337807655334,0.5992634892463684,0.5718428492546082,0.39798131585121155,0.5328962802886963,0.4814409911632538,0.40111735463142395,0.5939434170722961,0.5533792972564697,0.3903070092201233,0.9996545314788818,0.4967990815639496,0.39390823245048523,0.9996480345726013,0.5744978189468384,0.5087552666664124,0.9639580249786377,0.5197409987449646,0.5092169046401978,0.9617452025413513,0.5203918218612671,0.6076705455780029,0.9699543714523315,0.570131242275238,0.5617644190788269,0.9369898438453674,0.5072938203811646,0.6182481050491333,0.9083119630813599,0.580111563205719,0.5622234344482422,0.8269839286804199,0.5233287811279297,0.6569690108299255,0.9612863063812256,0.5686315894126892,0.6158271431922913,0.9351671934127808
122,0.5208883881568909,0.1419578194618225,0.9999808669090271,0.5244587063789368,0.13190847635269165,0.9999469518661499,0.5282106399536133,0.13199125230312347,0.9999405741691589,0.5317627191543579,0.13196991384029388,0.9999457001686096,0.5123240351676941,0.13311214745044708,0.9999464750289917,0.5072670578956604,0.1339561641216278,0.999933660030365,0.5022724866867065,0.1350429654121399,0.9999366402626038,0.5363224744796753,0.14039090275764465,0.9998660087585449,0.4938717782497406,0.14446648955345154,0.9998670816421509,0.5294110774993896,0.15544608235359192,0.9999736547470093,0.513737678527832,0.15616418421268463,0.9999685287475586,0.5710633397102356,0.22046570479869843,0.9997379183769226,0.46630868315696716,0.22468583285808563,0.9997434616088867,0.5734482407569885,0.30728334188461304,0.7959486842155457,0.4705583453178406,0.31172508001327515,0.8749544024467468,0.5758315920829773,0.38254931569099426,0.5670767426490784,0.4741404354572296,0.38894280791282654,0.6357582211494446,0.5776521563529968,0.40769878029823303,0.5177415609359741,0.4739683270454407,0.4111520051956177,0.565126359462738,0.5760482549667358,0.40812966227531433,0.5268328189849854,0.4782666862010956,0.4107033908367157,0.5784795880317688,0.5728610157966614,0.3994176685810089,0.5175983905792236,0.48112156987190247,0.40294456481933594,0.5748351812362671,0.5543214678764343,0.38698941469192505,0.9996684193611145,0.4960636496543884,0.38983917236328125,0.9995774626731873,0.5687984228134155,0.5127092003822327,0.9649589657783508,0.5191197991371155,0.5105504393577576,0.9617874026298523,0.5305923223495483,0.6425470113754272,0.9721951484680176,0.5765635967254639,0.5051690340042114,0.9137260317802429,0.5210871696472168,0.6577742099761963,0.9088422656059265,0.5889497995376587,0.49536654353141785,0.8097197413444519,0.532654881477356,0.6783753037452698,0.9636128544807434,0.6062798500061035,0.5443361401557922,0.917837917804718
123,0.5205878615379333,0.14248472452163696,0.9999735951423645,0.5241544842720032,0.13263694941997528,0.9999427795410156,0.5282295942306519,0.13273677229881287,0.9999368190765381,0.5318505764007568,0.13294868171215057,0.9999427795410156,0.512116014957428,0.13373522460460663,0.9999323487281799,0.5072230100631714,0.13464690744876862,0.999914288520813,0.5022162795066833,0.13612407445907593,0.9999220371246338,0.5362294316291809,0.1406683772802353,0.9998567700386047,0.4940161406993866,0.14528799057006836,0.9998365044593811,0.5288012027740479,0.1556028574705124,0.9999730587005615,0.5130778551101685,0.15686804056167603,0.9999640583992004,0.5713217258453369,0.21929433941841125,0.9997591376304626,0.4675225019454956,0.22624681890010834,0.9997172355651855,0.5739222764968872,0.3060411214828491,0.7938746213912964,0.4736345410346985,0.31199929118156433,0.8598303198814392,0.5762797594070435,0.38547635078430176,0.5513409972190857,0.4747171998023987,0.38846227526664734,0.598649799823761,0.5791382193565369,0.4093272387981415,0.5048989653587341,0.47464391589164734,0.40742355585098267,0.5335409641265869,0.5782188177108765,0.4102996289730072,0.5138494968414307,0.4782751798629761,0.40717363357543945,0.5469862818717957,0.5743866562843323,0.40214651823043823,0.5050473213195801,0.4804149568080902,0.40082311630249023,0.5449985861778259,0.5532969832420349,0.3862735629081726,0.9996840357780457,0.4952327311038971,0.38905784487724304,0.9993892908096313,0.5618904829025269,0.5146904587745667,0.9640085101127625,0.5146109461784363,0.5143460035324097,0.9545553922653198,0.5351074934005737,0.650934636592865,0.9734681248664856,0.5586439967155457,0.45038554072380066,0.8406492471694946,0.5274555683135986,0.6664790511131287,0.9012578129768372,0.5839440822601318,0.42584460973739624,0.7516191601753235,0.5364108681678772,0.6852389574050903,0.964449405670166,0.5856607556343079,0.4751873314380646,0.8568592071533203
124,0.521379828453064,0.1472843587398529,0.9999707937240601,0.524894118309021,0.13700219988822937,0.9999383687973022,0.5291990041732788,0.13691496849060059,0.9999338388442993,0.5327758193016052,0.13697108626365662,0.9999394416809082,0.5128318667411804,0.1382935792207718,0.999923050403595,0.5076085925102234,0.13931138813495636,0.9999026656150818,0.5026373267173767,0.14066419005393982,0.9999069571495056,0.5365708470344543,0.1440112143754959,0.9998490810394287,0.4943326413631439,0.14968059957027435,0.9998301267623901,0.5294369459152222,0.1610078662633896,0.9999728798866272,0.5136619806289673,0.16255317628383636,0.9999624490737915,0.5727121829986572,0.22366522252559662,0.9997789859771729,0.4675593376159668,0.22923819720745087,0.9997201561927795,0.5749388933181763,0.31105294823646545,0.801455020904541,0.4757678508758545,0.3170645534992218,0.8553865551948547,0.5802587866783142,0.3901064097881317,0.5646708607673645,0.47488996386528015,0.3931874632835388,0.5718551278114319,0.5839335322380066,0.4131976366043091,0.5195814371109009,0.4739784300327301,0.41247135400772095,0.5088034272193909,0.582662045955658,0.41419440507888794,0.5286951661109924,0.47801297903060913,0.41230982542037964,0.5229462385177612,0.5786981582641602,0.40652504563331604,0.5163816213607788,0.4819176495075226,0.40601006150245667,0.5252912044525146,0.5559646487236023,0.39238134026527405,0.9997053146362305,0.4968075752258301,0.3932616412639618,0.9993458986282349,0.5555924773216248,0.5201157927513123,0.9640460014343262,0.511804461479187,0.5161666870117188,0.9513610601425171,0.5298635959625244,0.6556305885314941,0.9747496247291565,0.5061888694763184,0.43747010827064514,0.7669528126716614,0.5188713669776917,0.6711543798446655,0.9057797789573669,0.5135356187820435,0.41567131876945496,0.6901088356971741,0.5391096472740173,0.6946496963500977,0.9660699367523193,0.4979568123817444,0.45362189412117004,0.7901065945625305
125,0.5221558213233948,0.1502266824245453,0.9999701976776123,0.52534419298172,0.14011278748512268,0.9999381303787231,0.5297241806983948,0.1399671733379364,0.9999343156814575,0.5333139896392822,0.13984858989715576,0.9999393224716187,0.5136991739273071,0.14145293831825256,0.9999208450317383,0.5083353519439697,0.14242635667324066,0.9999001026153564,0.5033583045005798,0.14356082677841187,0.99990314245224,0.5366106033325195,0.1464436799287796,0.9998494386672974,0.4946991503238678,0.15213942527770996,0.9998346567153931,0.5297256708145142,0.1640876680612564,0.9999738931655884,0.5142329335212708,0.16556884348392487,0.9999629855155945,0.5734620690345764,0.2257617712020874,0.9997973442077637,0.4672640860080719,0.23161683976650238,0.9997348189353943,0.5773305892944336,0.3128759264945984,0.8039352893829346,0.47405099868774414,0.31863081455230713,0.8595531582832336,0.5824108719825745,0.39225316047668457,0.5732583999633789,0.47343170642852783,0.3955990672111511,0.5655815601348877,0.5851398706436157,0.4146685302257538,0.5269040465354919,0.4726465344429016,0.4152865409851074,0.5028639435768127,0.583639919757843,0.4157056212425232,0.5366135239601135,0.47668275237083435,0.41511261463165283,0.516749918460846,0.580254316329956,0.40843743085861206,0.5230348706245422,0.48036444187164307,0.40878206491470337,0.5208820104598999,0.5565671920776367,0.3951590359210968,0.999725341796875,0.49778303503990173,0.39507272839546204,0.9993417859077454,0.5514205694198608,0.5257864594459534,0.9637066125869751,0.5085721611976624,0.5179646611213684,0.9510068297386169,0.5280806422233582,0.6594876050949097,0.9753636717796326,0.5026015043258667,0.44452595710754395,0.7032086253166199,0.5167033076286316,0.675053596496582,0.9065936803817749,0.5024026036262512,0.4259610176086426,0.6348817348480225,0.5396113991737366,0.6975940465927124,0.9664106965065002,0.4888969361782074,0.46410930156707764,0.7306175827980042
126,0.5227384567260742,0.1521267294883728,0.999969482421875,0.5257663130760193,0.14210142195224762,0.9999379515647888,0.5300605893135071,0.14200088381767273,0.9999346137046814,0.5337182879447937,0.1419038623571396,0.99993896484375,0.5141594409942627,0.1433284729719162,0.9999191761016846,0.5087761282920837,0.14422576129436493,0.999898374080658,0.5037629008293152,0.14524295926094055,0.9999008774757385,0.5366274118423462,0.14832378923892975,0.9998491406440735,0.4949560761451721,0.1535707712173462,0.9998397827148438,0.5299381017684937,0.1659916788339615,0.9999746680259705,0.514590322971344,0.16731880605220795,0.9999634027481079,0.5734601616859436,0.22725018858909607,0.9998138546943665,0.467080682516098,0.2333848476409912,0.9997515678405762,0.5764802694320679,0.3138904869556427,0.8026255965232849,0.4714667797088623,0.32003870606422424,0.8658654689788818,0.5818088054656982,0.3935341238975525,0.5745455026626587,0.47179320454597473,0.3970271944999695,0.5678765773773193,0.583884596824646,0.4158509075641632,0.5270074605941772,0.4709259867668152,0.41672083735466003,0.504854679107666,0.5824174880981445,0.416934072971344,0.5374349355697632,0.4765024483203888,0.4167197644710541,0.518500566482544,0.5794085264205933,0.4096737802028656,0.5232864022254944,0.48024460673332214,0.4102175831794739,0.5232962965965271,0.5566936135292053,0.3963645100593567,0.9997443556785583,0.497928649187088,0.3954383432865143,0.9993485808372498,0.5502535700798035,0.5277968049049377,0.9631783366203308,0.5062284469604492,0.5190267562866211,0.9511120319366455,0.5282906293869019,0.6604359149932861,0.9758024215698242,0.4954551160335541,0.4460890591144562,0.6478506922721863,0.5160813927650452,0.6762787103652954,0.9061611294746399,0.49963539838790894,0.42413628101348877,0.5871612429618835,0.5423771142959595,0.6975664496421814,0.9666571617126465,0.4870273470878601,0.4644105136394501,0.6790009140968323
127,0.5228278040885925,0.15320371091365814,0.9999675154685974,0.5256608128547668,0.14324340224266052,0.9999339580535889,0.5297590494155884,0.14316637814044952,0.9999310970306396,0.5335331559181213,0.14308731257915497,0.9999345541000366,0.5139815211296082,0.14442336559295654,0.9999135732650757,0.508630096912384,0.14529301226139069,0.9998927712440491,0.5036746859550476,0.1462867259979248,0.9998950362205505,0.536369264125824,0.14955733716487885,0.9998388290405273,0.49479374289512634,0.15457478165626526,0.9998424053192139,0.5298055410385132,0.1670801341533661,0.9999744296073914,0.5144249796867371,0.1683344691991806,0.9999628067016602,0.573245108127594,0.22808483242988586,0.9998268485069275,0.4669257402420044,0.23435422778129578,0.9997690320014954,0.5762914419174194,0.3142451345920563,0.7908879518508911,0.4698221981525421,0.3209512233734131,0.8736746311187744,0.5808203220367432,0.39341291785240173,0.5616419911384583,0.4715289771556854,0.3974670469760895,0.5749162435531616,0.5815858840942383,0.4155028462409973,0.5145680904388428,0.4699292480945587,0.41777902841567993,0.5106099843978882,0.5816987752914429,0.4167202115058899,0.5255501866340637,0.47625741362571716,0.4177629351615906,0.5236104130744934,0.579134464263916,0.40952950716018677,0.5115734338760376,0.4797235131263733,0.41125568747520447,0.5285523533821106,0.5561679005622864,0.3973229229450226,0.9997608661651611,0.49825751781463623,0.39622628688812256,0.9993662238121033,0.550291895866394,0.5283978581428528,0.9634504318237305,0.5053292512893677,0.5201815366744995,0.9530153274536133,0.53081876039505,0.6601658463478088,0.976575493812561,0.4963768422603607,0.44407713413238525,0.6063306927680969,0.5181834101676941,0.6754382848739624,0.9067184925079346,0.4956010580062866,0.4255342185497284,0.5480760335922241,0.5434682965278625,0.6984456181526184,0.9674946665763855,0.4831983745098114,0.4687800407409668,0.6425492167472839
128,0.5229887366294861,0.15391628444194794,0.9999656677246094,0.5255874395370483,0.14394986629486084,0.9999303221702576,0.5295084118843079,0.14388860762119293,0.9999275803565979,0.5333166718482971,0.14381593465805054,0.9999293684959412,0.5139446258544922,0.14508947730064392,0.999909520149231,0.5085863471031189,0.14592412114143372,0.9998893737792969,0.5036577582359314,0.1468859612941742,0.9998908638954163,0.5361695885658264,0.15032553672790527,0.9998236298561096,0.4945945739746094,0.15509408712387085,0.9998481273651123,0.5297735929489136,0.16778206825256348,0.9999730587005615,0.514541506767273,0.16899164021015167,0.9999617338180542,0.5723949074745178,0.22889557480812073,0.9998331665992737,0.46703851222991943,0.23470380902290344,0.9997848868370056,0.569606363773346,0.3151600658893585,0.7653939127922058,0.46956199407577515,0.3212679922580719,0.8817073702812195,0.575788676738739,0.39392542839050293,0.53827303647995,0.4676383137702942,0.39800962805747986,0.5853196382522583,0.5760477185249329,0.41609856486320496,0.49444708228111267,0.46575087308883667,0.4183864891529083,0.518190324306488,0.5779140591621399,0.4172085225582123,0.5056521892547607,0.4720432758331299,0.4184093475341797,0.5307700634002686,0.5755438804626465,0.41004207730293274,0.492208331823349,0.47566065192222595,0.41185978055000305,0.5363171100616455,0.5557585954666138,0.39786770939826965,0.9997713565826416,0.497866153717041,0.39697107672691345,0.9993636608123779,0.5508951544761658,0.5291232466697693,0.9631268382072449,0.5048663020133972,0.5210318565368652,0.9547094702720642,0.5329922437667847,0.6617159247398376,0.9773580431938171,0.492478609085083,0.4461098611354828,0.5701256394386292,0.5193517208099365,0.6767359972000122,0.9096753001213074,0.4928829073905945,0.4234803020954132,0.5132903456687927,0.5480079650878906,0.7012240290641785,0.968552827835083,0.47525814175605774,0.46629154682159424,0.6108959317207336
129,0.5228521823883057,0.1543612778186798,0.9999656081199646,0.5254085063934326,0.14441128075122833,0.9999298453330994,0.5293002724647522,0.144361212849617,0.9999273419380188,0.5330994725227356,0.14429326355457306,0.9999281764030457,0.5137091875076294,0.14552552998065948,0.9999092221260071,0.5083646178245544,0.14634205400943756,0.9998898506164551,0.5034249424934387,0.14729541540145874,0.9998908638954163,0.5361120104789734,0.1508035659790039,0.9998200535774231,0.49444779753685,0.1554897129535675,0.9998546242713928,0.5295811295509338,0.16820891201496124,0.9999730587005615,0.514380156993866,0.1694084107875824,0.9999620318412781,0.5712186694145203,0.22952678799629211,0.9998409748077393,0.4668126106262207,0.23508194088935852,0.999799370765686,0.5669337511062622,0.3156748116016388,0.7492144703865051,0.46628960967063904,0.3213496208190918,0.88949054479599,0.5726897120475769,0.3943900763988495,0.5243183970451355,0.46225255727767944,0.39837950468063354,0.5990174412727356,0.573147714138031,0.41624340415000916,0.48174822330474854,0.45911428332328796,0.41862067580223083,0.5301631689071655,0.574974000453949,0.4174668490886688,0.49320119619369507,0.4653553366661072,0.4188038408756256,0.5420013070106506,0.5724862217903137,0.41034024953842163,0.4801723062992096,0.4690053164958954,0.41220927238464355,0.5476198792457581,0.5538038015365601,0.39828869700431824,0.9997807145118713,0.49735039472579956,0.39726731181144714,0.9993661046028137,0.5509952306747437,0.5292461514472961,0.9635623097419739,0.5046566724777222,0.5220784544944763,0.9566237926483154,0.5346651077270508,0.6621221899986267,0.9781568646430969,0.4905979037284851,0.45479610562324524,0.5416806936264038,0.5223998427391052,0.6770459413528442,0.9108859896659851,0.49300798773765564,0.43338385224342346,0.4839145839214325,0.5492703914642334,0.701556921005249,0.9692407846450806,0.4765026867389679,0.47598958015441895,0.5838330388069153
130,0.5226808190345764,0.15467554330825806,0.9999657869338989,0.5252622365951538,0.14470693469047546,0.9999268651008606,0.5292375683784485,0.14465194940567017,0.9999250173568726,0.533069908618927,0.14456860721111298,0.9999237656593323,0.5135411024093628,0.14582020044326782,0.9999083280563354,0.5082135200500488,0.1466289609670639,0.9998907446861267,0.5032591819763184,0.14757561683654785,0.9998910427093506,0.5356800556182861,0.15112105011940002,0.9998096227645874,0.49434900283813477,0.1557704359292984,0.9998606443405151,0.5294212698936462,0.16848261654376984,0.9999719858169556,0.5142119526863098,0.16970273852348328,0.9999622702598572,0.5692048668861389,0.22995813190937042,0.9998351335525513,0.4666600525379181,0.23541873693466187,0.9998126029968262,0.5640153288841248,0.3161066174507141,0.7392534613609314,0.4655245840549469,0.3215416967868805,0.8979707360267639,0.5653578639030457,0.3930642306804657,0.5104609131813049,0.45908093452453613,0.3984704315662384,0.6207692623138428,0.5626583099365234,0.41209179162979126,0.4725685119628906,0.45461833477020264,0.42031461000442505,0.5493450164794922,0.5644734501838684,0.413710355758667,0.4833572804927826,0.45941492915153503,0.4206945300102234,0.5620164275169373,0.5634937286376953,0.40705955028533936,0.4690266251564026,0.4638649821281433,0.413735955953598,0.5698939561843872,0.551616907119751,0.3979993164539337,0.9997766613960266,0.4972226023674011,0.39722269773483276,0.999360203742981,0.5510954856872559,0.5291505455970764,0.9657631516456604,0.5074005126953125,0.5207298994064331,0.9590977430343628,0.5365517735481262,0.6633001565933228,0.9796045422554016,0.49508437514305115,0.45937609672546387,0.5283128619194031,0.526089072227478,0.6774235963821411,0.916680097579956,0.4988500773906708,0.44135716557502747,0.47216394543647766,0.5509668588638306,0.700560450553894,0.9711664915084839,0.47822973132133484,0.48384854197502136,0.5734580159187317
131,0.5223101377487183,0.15475937724113464,0.9999588131904602,0.5248852372169495,0.14481326937675476,0.9999082684516907,0.5283306837081909,0.14477813243865967,0.9999075531959534,0.5317526459693909,0.1446642428636551,0.9999052882194519,0.5128205418586731,0.1459117978811264,0.9998887181282043,0.5074094533920288,0.14667879045009613,0.9998676180839539,0.5025041699409485,0.14761263132095337,0.9998681545257568,0.5344171524047852,0.15125316381454468,0.9997639060020447,0.49362003803253174,0.15582051873207092,0.9998428821563721,0.5289653539657593,0.16856040060520172,0.9999665021896362,0.5134431719779968,0.16985033452510834,0.9999567866325378,0.5673052668571472,0.23024936020374298,0.9998301267623901,0.46571600437164307,0.23553702235221863,0.9998199939727783,0.5593973398208618,0.31511756777763367,0.7227809429168701,0.4630175828933716,0.3198493421077728,0.9028448462486267,0.5596324801445007,0.39106571674346924,0.4848438799381256,0.45462745428085327,0.3985039293766022,0.6255069971084595,0.5551510453224182,0.4098803699016571,0.4514945447444916,0.4510844349861145,0.42048391699790955,0.5523639917373657,0.5559606552124023,0.4109557271003723,0.4617813229560852,0.45427948236465454,0.4207775890827179,0.5659736394882202,0.5558205246925354,0.4040357768535614,0.44714176654815674,0.4586085379123688,0.4137718975543976,0.5758837461471558,0.54991215467453,0.39822766184806824,0.9997785091400146,0.4967277944087982,0.3974282443523407,0.9993306994438171,0.5511198043823242,0.5293171405792236,0.967339277267456,0.5099670886993408,0.5234173536300659,0.9594427347183228,0.5392739176750183,0.6631491780281067,0.9806810021400452,0.49526917934417725,0.46194154024124146,0.5011137127876282,0.529421865940094,0.6771958470344543,0.9196616411209106,0.49744361639022827,0.44368183612823486,0.44897380471229553,0.5536857843399048,0.7007733583450317,0.9725197553634644,0.4863830506801605,0.47322747111320496,0.5501971244812012
132,0.5204295516014099,0.15495017170906067,0.9999589920043945,0.523033618927002,0.14494448900222778,0.999906599521637,0.526404082775116,0.14488452672958374,0.9999068379402161,0.5289970636367798,0.14478987455368042,0.9999030828475952,0.5108132362365723,0.1459992229938507,0.9998883605003357,0.5054464340209961,0.14679701626300812,0.9998688101768494,0.5007619857788086,0.14776387810707092,0.9998681545257568,0.5313724875450134,0.1513102799654007,0.9997621178627014,0.4923160672187805,0.1558113843202591,0.9998494386672974,0.5275782942771912,0.16882938146591187,0.9999659657478333,0.5117412805557251,0.17006516456604004,0.9999574422836304,0.564250111579895,0.2301410436630249,0.9998334646224976,0.4632372260093689,0.23548740148544312,0.9998321533203125,0.559053361415863,0.3128625154495239,0.7201464176177979,0.4570043683052063,0.3196929693222046,0.9090911746025085,0.5600811243057251,0.38844382762908936,0.4773467779159546,0.4497859477996826,0.3986392617225647,0.6388059854507446,0.5567961931228638,0.4083884358406067,0.4478142261505127,0.4493083655834198,0.42062097787857056,0.5625994205474854,0.5569948554039001,0.4095778167247772,0.4574708640575409,0.45381635427474976,0.4208906292915344,0.5771111249923706,0.5557973384857178,0.4026535153388977,0.4405774772167206,0.4567197561264038,0.4139402508735657,0.5893664956092834,0.5476499199867249,0.3983544707298279,0.999778151512146,0.49453985691070557,0.3976069986820221,0.999341607093811,0.5511372089385986,0.5301046371459961,0.969486653804779,0.5100495219230652,0.5206472873687744,0.9621871113777161,0.5409204363822937,0.6629235744476318,0.9820612668991089,0.49123141169548035,0.4542199373245239,0.4961571991443634,0.5309994220733643,0.6767136454582214,0.9250475168228149,0.48871490359306335,0.4339906573295593,0.44349148869514465,0.5572704076766968,0.7017198204994202,0.9742830991744995,0.4820181429386139,0.4576266407966614,0.5478441715240479
133,0.5165435075759888,0.15313971042633057,0.9999593496322632,0.5198854804039001,0.14292415976524353,0.9999023675918579,0.5238774418830872,0.14299747347831726,0.99990314245224,0.5263198614120483,0.14316245913505554,0.9998989701271057,0.5069403052330017,0.14422667026519775,0.999887228012085,0.5020456314086914,0.14510191977024078,0.9998683929443359,0.4969440996646881,0.14620250463485718,0.9998674988746643,0.5287796258926392,0.15013328194618225,0.9997485280036926,0.4900180399417877,0.15422621369361877,0.9998530149459839,0.5249528884887695,0.16792184114456177,0.9999650120735168,0.5080585479736328,0.16948500275611877,0.9999578595161438,0.5615123510360718,0.22983229160308838,0.9998313188552856,0.45862090587615967,0.23453091084957123,0.9998406171798706,0.5581660270690918,0.31236279010772705,0.7226525545120239,0.45087742805480957,0.31902748346328735,0.9150952100753784,0.5600076913833618,0.3864844739437103,0.4744008779525757,0.44684311747550964,0.3971559703350067,0.6518251895904541,0.5578120946884155,0.4073208272457123,0.4466521739959717,0.448427677154541,0.42055097222328186,0.5721511840820312,0.5581504702568054,0.4088055491447449,0.45622897148132324,0.4530124366283417,0.42059507966041565,0.5878655314445496,0.5564725399017334,0.401652455329895,0.43762314319610596,0.45496267080307007,0.4135904908180237,0.6024122834205627,0.5443697571754456,0.3974810242652893,0.9997814297676086,0.49060577154159546,0.39628371596336365,0.9993808269500732,0.5501072406768799,0.5261306166648865,0.9718592166900635,0.5094408988952637,0.4749484062194824,0.9647740721702576,0.542910099029541,0.6615375280380249,0.9833811521530151,0.4945833384990692,0.4838891625404358,0.5134885311126709,0.5335359573364258,0.675216794013977,0.9295567274093628,0.49442559480667114,0.47962486743927,0.4574846923351288,0.5575121641159058,0.7005130648612976,0.9760500192642212,0.4961574673652649,0.53022700548172,0.5662915706634521
134,0.5115892291069031,0.15223880112171173,0.9999537467956543,0.5159223079681396,0.14189362525939941,0.9998745322227478,0.5202991962432861,0.14193281531333923,0.9998770356178284,0.5233797430992126,0.1423252671957016,0.999872088432312,0.5024073123931885,0.14309091866016388,0.999863862991333,0.4976518452167511,0.14387893676757812,0.9998465180397034,0.4925084710121155,0.14498671889305115,0.9998438954353333,0.526210606098175,0.14967907965183258,0.9996542930603027,0.4870021939277649,0.15311625599861145,0.999818742275238,0.5205246210098267,0.16720792651176453,0.999955415725708,0.5027812719345093,0.16879749298095703,0.9999495148658752,0.5590410232543945,0.22970660030841827,0.9998282790184021,0.45260506868362427,0.23467469215393066,0.9998413920402527,0.5578725934028625,0.3125627338886261,0.7310317158699036,0.44769400358200073,0.3195386528968811,0.9204182028770447,0.5600106716156006,0.3898109793663025,0.48271241784095764,0.4427470862865448,0.4008605182170868,0.6643063426017761,0.5587198138237,0.41067928075790405,0.4543500542640686,0.44550326466560364,0.425151526927948,0.5819261074066162,0.5593386888504028,0.41314417123794556,0.46432656049728394,0.4510759115219116,0.42575502395629883,0.5990422964096069,0.5570899844169617,0.4058038592338562,0.44478273391723633,0.4525059461593628,0.41840308904647827,0.6149357557296753,0.5423790812492371,0.39744114875793457,0.9997891783714294,0.4882666766643524,0.3961571156978607,0.9994089007377625,0.5501915216445923,0.5249929428100586,0.9737440943717957,0.5174503922462463,0.4921680986881256,0.966312825679779,0.5417279005050659,0.660699188709259,0.9843931794166565,0.49647459387779236,0.5200299620628357,0.5390691161155701,0.5320048928260803,0.6746329665184021,0.9316129088401794,0.4952542185783386,0.5183441638946533,0.4634002447128296,0.559329092502594,0.7014754414558411,0.9775480628013611,0.4953029155731201,0.5796660780906677,0.5914633870124817
135,0.5077980756759644,0.1525166779756546,0.9999355673789978,0.5126119256019592,0.14215628802776337,0.99981290102005,0.5170385837554932,0.14211253821849823,0.9998179078102112,0.5206909775733948,0.14248310029506683,0.9998183846473694,0.49879929423332214,0.1433493047952652,0.9998030066490173,0.49388474225997925,0.1441093385219574,0.99978107213974,0.48909300565719604,0.1452341228723526,0.9997751116752625,0.5235544443130493,0.14972366392612457,0.9994704127311707,0.483655720949173,0.15336529910564423,0.9996951818466187,0.5166671872138977,0.16738422214984894,0.9999309778213501,0.4985288381576538,0.16893546283245087,0.9999233484268188,0.5567711591720581,0.23048125207424164,0.9998147487640381,0.448608934879303,0.23537752032279968,0.9998174905776978,0.5569857954978943,0.3151150643825531,0.7390075922012329,0.4457787275314331,0.3197552561759949,0.9220860600471497,0.5593206882476807,0.39444229006767273,0.483503133058548,0.43961015343666077,0.40217018127441406,0.6548420190811157,0.5591274499893188,0.41525110602378845,0.45460283756256104,0.44247469305992126,0.42587122321128845,0.5692749619483948,0.5595622658729553,0.4185424745082855,0.4650532603263855,0.44760656356811523,0.4264529347419739,0.5883743166923523,0.5567426085472107,0.41094058752059937,0.4445478320121765,0.44930559396743774,0.4192180931568146,0.6069276928901672,0.5390170812606812,0.3988020122051239,0.9997939467430115,0.4832574725151062,0.39624887704849243,0.999423086643219,0.5499073266983032,0.5239418745040894,0.9750161170959473,0.5239041447639465,0.4989200234413147,0.9663864970207214,0.5409733057022095,0.6546734571456909,0.9850899577140808,0.4969724416732788,0.5386604070663452,0.5649439096450806,0.5302346348762512,0.6672979593276978,0.9327279925346375,0.48961275815963745,0.5399855971336365,0.46852806210517883,0.5567712783813477,0.7007910013198853,0.978671133518219,0.4940343201160431,0.5967594385147095,0.6164801120758057
136,0.5064398050308228,0.1557643711566925,0.9999290108680725,0.5104501247406006,0.14551091194152832,0.9997944831848145,0.5145136713981628,0.14558666944503784,0.999801516532898,0.5183591246604919,0.1459449827671051,0.9998013377189636,0.4973873198032379,0.14645490050315857,0.9997804164886475,0.4925617575645447,0.14732806384563446,0.9997646808624268,0.48764365911483765,0.14859317243099213,0.9997543096542358,0.5209372043609619,0.15373601019382477,0.9994113445281982,0.4815368354320526,0.15767449140548706,0.9996673464775085,0.5149359703063965,0.16979101300239563,0.9999223947525024,0.4978195130825043,0.17099401354789734,0.9999133944511414,0.5544304847717285,0.23571141064167023,0.9998148083686829,0.44574224948883057,0.24236257374286652,0.9998093247413635,0.5560733675956726,0.32536473870277405,0.7384864687919617,0.4437456727027893,0.3302001953125,0.9254787564277649,0.557377278804779,0.4047761559486389,0.4856225252151489,0.439582496881485,0.4122031331062317,0.6562076210975647,0.5581453442573547,0.42521044611930847,0.45116400718688965,0.4408116638660431,0.4362150728702545,0.5698286890983582,0.5565347671508789,0.42770111560821533,0.4625624716281891,0.4466167986392975,0.43642374873161316,0.5884352922439575,0.5536823868751526,0.42056143283843994,0.4442775547504425,0.4484901428222656,0.42851224541664124,0.6065111756324768,0.5352104306221008,0.4027003049850464,0.9997972846031189,0.48093798756599426,0.3994300961494446,0.9994396567344666,0.5475727319717407,0.5232499241828918,0.9711390733718872,0.5322844386100769,0.5024075508117676,0.968055009841919,0.5327868461608887,0.6471078991889954,0.9842299222946167,0.4922693371772766,0.5697610378265381,0.6019337177276611,0.5225892663002014,0.658636212348938,0.9284561276435852,0.47590526938438416,0.5695695281028748,0.4883860945701599,0.5466884970664978,0.6953899264335632,0.9779555201530457,0.4985313415527344,0.6312893033027649,0.6485969424247742
137,0.5037737488746643,0.1672048717737198,0.9999349117279053,0.5077515840530396,0.15624985098838806,0.9998103976249695,0.5117143988609314,0.1560346782207489,0.9998171329498291,0.5159741640090942,0.1561824232339859,0.9998158812522888,0.49501773715019226,0.15723030269145966,0.9997983574867249,0.49006903171539307,0.15783677995204926,0.9997851848602295,0.48552149534225464,0.15880028903484344,0.9997752904891968,0.5192632675170898,0.1639956682920456,0.9994550943374634,0.478647917509079,0.16783973574638367,0.9996970891952515,0.5127631425857544,0.17958509922027588,0.9999277591705322,0.4957285523414612,0.1812065690755844,0.9999203085899353,0.5526947379112244,0.24333882331848145,0.9998253583908081,0.44303178787231445,0.25266650319099426,0.9998255968093872,0.5548322200775146,0.3355843126773834,0.7444490790367126,0.4430029094219208,0.34652507305145264,0.9321603178977966,0.5573464035987854,0.4172400236129761,0.5020655989646912,0.43836164474487305,0.42543327808380127,0.6817436218261719,0.5581983923912048,0.43842750787734985,0.460130900144577,0.4388270378112793,0.4483810365200043,0.597260057926178,0.5560590624809265,0.44148123264312744,0.47231563925743103,0.4463901221752167,0.4479966163635254,0.6146235466003418,0.5530507564544678,0.43352416157722473,0.4555037021636963,0.4484376609325409,0.43999046087265015,0.6313872337341309,0.5339325070381165,0.4096545875072479,0.9998024106025696,0.4811509847640991,0.4079382121562958,0.9994804263114929,0.5407643914222717,0.523387610912323,0.9615887403488159,0.5448164343833923,0.511092483997345,0.9704075455665588,0.5225682258605957,0.644637405872345,0.9826435446739197,0.49588149785995483,0.600590169429779,0.638389527797699,0.5174492597579956,0.6581413149833679,0.9243477582931519,0.48142504692077637,0.5993102788925171,0.5209276080131531,0.5397225022315979,0.692607045173645,0.97620689868927,0.5120254158973694,0.6496018171310425,0.6797952055931091
138,0.501640260219574,0.18202129006385803,0.9999406337738037,0.5062894225120544,0.17192131280899048,0.9998263716697693,0.5103257298469543,0.17169950902462006,0.9998323321342468,0.5146040916442871,0.17169879376888275,0.999830424785614,0.49305593967437744,0.1728811413049698,0.9998161196708679,0.4880838096141815,0.17341294884681702,0.9998046159744263,0.4835686981678009,0.17411059141159058,0.9997954964637756,0.5178242921829224,0.17722876369953156,0.9994982481002808,0.4769812226295471,0.18082131445407867,0.9997248649597168,0.5106553435325623,0.19352221488952637,0.9999332427978516,0.49307936429977417,0.19509738683700562,0.9999271631240845,0.5513988733291626,0.25469255447387695,0.9998348951339722,0.4411396086215973,0.2636604905128479,0.9998415112495422,0.552436113357544,0.34662163257598877,0.7489286065101624,0.44244253635406494,0.3596055209636688,0.9376420974731445,0.5542836785316467,0.429140567779541,0.5086191296577454,0.4386325776576996,0.4385567009449005,0.7014712691307068,0.5552915334701538,0.4504682719707489,0.46025148034095764,0.43902841210365295,0.46084263920783997,0.6175378561019897,0.55293208360672,0.4538307189941406,0.4730047583580017,0.4469577670097351,0.4609189033508301,0.634294867515564,0.5501106381416321,0.4459821879863739,0.45755407214164734,0.44870516657829285,0.45368778705596924,0.6498008966445923,0.5306909084320068,0.4211052358150482,0.9998026490211487,0.47883373498916626,0.42085644602775574,0.9995221495628357,0.5374177098274231,0.5322354435920715,0.9514614939689636,0.546429455280304,0.5277157425880432,0.9722163677215576,0.5093240141868591,0.645184338092804,0.9810471534729004,0.5087844133377075,0.631118655204773,0.6723296642303467,0.4949165880680084,0.6584693193435669,0.922053873538971,0.49351128935813904,0.6371594071388245,0.5542565584182739,0.5357671976089478,0.6928126215934753,0.9744382500648499,0.5386933088302612,0.6820070743560791,0.70930415391922
139,0.49995672702789307,0.1948627233505249,0.9999457001686096,0.5049097537994385,0.18426413834095,0.9998405575752258,0.5091975927352905,0.18412066996097565,0.9998457431793213,0.5133180618286133,0.1840893030166626,0.9998429417610168,0.49120011925697327,0.18506376445293427,0.999832034111023,0.4859926998615265,0.18551646173000336,0.9998220801353455,0.48162972927093506,0.18610593676567078,0.9998135566711426,0.5164607167243958,0.18882615864276886,0.999535322189331,0.4753941297531128,0.1929781436920166,0.9997498989105225,0.5086822509765625,0.20692670345306396,0.9999376535415649,0.4911019504070282,0.20832256972789764,0.9999331831932068,0.5498562455177307,0.26710155606269836,0.9998384118080139,0.44148361682891846,0.2753845155239105,0.9998559951782227,0.5486176013946533,0.35659462213516235,0.746313750743866,0.44320762157440186,0.3693828582763672,0.942379891872406,0.547763466835022,0.43735918402671814,0.5045776963233948,0.43950575590133667,0.44586917757987976,0.7199045419692993,0.5456036329269409,0.45903775095939636,0.4518638253211975,0.4396315813064575,0.46946606040000916,0.6367937922477722,0.5436314344406128,0.46155229210853577,0.46528664231300354,0.44748950004577637,0.469699889421463,0.6529392004013062,0.5417870283126831,0.45284026861190796,0.45069655776023865,0.44944220781326294,0.4628759026527405,0.6665205359458923,0.5286734700202942,0.42990821599960327,0.9997891187667847,0.4783446490764618,0.4313519299030304,0.9995582103729248,0.5377800464630127,0.5418965220451355,0.9288874268531799,0.545477032661438,0.5392822027206421,0.9728919267654419,0.5129678249359131,0.6610313653945923,0.9760389924049377,0.518673300743103,0.6622133255004883,0.703319251537323,0.49781444668769836,0.6767482161521912,0.915979266166687,0.5026965141296387,0.6741262078285217,0.5840672850608826,0.5364298224449158,0.69886314868927,0.9702313542366028,0.554030179977417,0.7015745043754578,0.7363702654838562
140,0.49991852045059204,0.19835181534290314,0.9999486804008484,0.5041528940200806,0.18723030388355255,0.9998496174812317,0.5084901452064514,0.1872098296880722,0.9998530745506287,0.5121323466300964,0.18729344010353088,0.9998493194580078,0.49094298481941223,0.18837101757526398,0.9998437166213989,0.48601123690605164,0.18923945724964142,0.9998350739479065,0.48127302527427673,0.1903238296508789,0.9998273253440857,0.5152122974395752,0.19408607482910156,0.9995471239089966,0.4750698208808899,0.19825123250484467,0.999769389629364,0.5086665749549866,0.21036924421787262,0.999938428401947,0.49130651354789734,0.2118578404188156,0.9999371767044067,0.5486935377120972,0.2737673223018646,0.9998101592063904,0.4410901367664337,0.2809303104877472,0.9998663663864136,0.5451263189315796,0.3607146739959717,0.7382986545562744,0.44215455651283264,0.3748433291912079,0.9470045566558838,0.5460096001625061,0.4386788308620453,0.5009026527404785,0.44024598598480225,0.45302221179008484,0.7406771779060364,0.5444372892379761,0.46152064204216003,0.4439268112182617,0.44034117460250854,0.4764183461666107,0.6590437293052673,0.542428731918335,0.46382081508636475,0.4576857388019562,0.44788622856140137,0.47675150632858276,0.6741951107978821,0.5403894782066345,0.4547487795352936,0.4442879855632782,0.44983842968940735,0.4694075286388397,0.6856284141540527,0.528907835483551,0.4361483156681061,0.9996878504753113,0.4791107177734375,0.4377571940422058,0.999542236328125,0.5379008054733276,0.5502092838287354,0.8983142971992493,0.541059136390686,0.5495671629905701,0.968197226524353,0.5254119038581848,0.6760432124137878,0.9591207504272461,0.5284310579299927,0.6781724691390991,0.725075364112854,0.5107731819152832,0.6949339509010315,0.8916525840759277,0.5148683786392212,0.6955097913742065,0.5923841595649719,0.555979311466217,0.7099966406822205,0.9553850293159485,0.5578722953796387,0.7089728713035583,0.7551732063293457
141,0.4995139539241791,0.20017889142036438,0.9999487400054932,0.5035477876663208,0.18905328214168549,0.9998524785041809,0.5078549385070801,0.18904338777065277,0.9998548626899719,0.5111467838287354,0.18908092379570007,0.9998491406440735,0.49045902490615845,0.19037604331970215,0.9998486638069153,0.485641211271286,0.19104228913784027,0.9998419284820557,0.480758398771286,0.19187892973423004,0.9998336434364319,0.514401376247406,0.19566069543361664,0.9995531439781189,0.47439202666282654,0.20029987394809723,0.9997841119766235,0.5084559321403503,0.21247853338718414,0.9999377131462097,0.4910806119441986,0.21405525505542755,0.9999392032623291,0.5478922128677368,0.2754654884338379,0.9997956156730652,0.44033271074295044,0.28390923142433167,0.999873697757721,0.5412708520889282,0.3612932860851288,0.7234391570091248,0.4411616325378418,0.37620314955711365,0.9506690502166748,0.5403961539268494,0.437347412109375,0.48486819863319397,0.4406593441963196,0.4546573758125305,0.7503493428230286,0.5399506688117981,0.4602353274822235,0.4279804825782776,0.44103872776031494,0.4786961078643799,0.6663609743118286,0.5386704206466675,0.4624899923801422,0.44190719723701477,0.4496164619922638,0.47886326909065247,0.6808797121047974,0.5350201725959778,0.45392560958862305,0.4302220046520233,0.4505843222141266,0.4709950387477875,0.6911247968673706,0.5297595262527466,0.44373250007629395,0.9995868802070618,0.4792518615722656,0.44451501965522766,0.9994773864746094,0.5393425226211548,0.5631967186927795,0.8684934973716736,0.5375975370407104,0.5620490908622742,0.9642879962921143,0.5348711013793945,0.6877213716506958,0.9414106607437134,0.528357207775116,0.6896296143531799,0.7419984936714172,0.5227129459381104,0.7119590044021606,0.8692038655281067,0.5171298384666443,0.7123294472694397,0.5956762433052063,0.5783424973487854,0.7198664546012878,0.9398528933525085,0.5637097954750061,0.7164120078086853,0.769233226776123
142,0.49779197573661804,0.19825367629528046,0.999946653842926,0.5024293661117554,0.18807384371757507,0.9998506307601929,0.5068144798278809,0.1879822164773941,0.9998510479927063,0.5098135471343994,0.18800143897533417,0.999843418598175,0.488778293132782,0.18927623331546783,0.9998502731323242,0.4839645326137543,0.19001293182373047,0.999843955039978,0.4789811372756958,0.19092074036598206,0.9998363256454468,0.5132119655609131,0.19439741969108582,0.9995426535606384,0.4732251763343811,0.19891077280044556,0.9997889995574951,0.5070363283157349,0.21130120754241943,0.9999329447746277,0.4893994629383087,0.21267282962799072,0.9999387860298157,0.5469995141029358,0.27378329634666443,0.9997338056564331,0.4409174621105194,0.2828863859176636,0.999879002571106,0.537592351436615,0.358434796333313,0.6943750381469727,0.4403352439403534,0.37421950697898865,0.951898992061615,0.536814272403717,0.43483299016952515,0.46116307377815247,0.4399281442165375,0.45560717582702637,0.7525159120559692,0.5369333028793335,0.4628014862537384,0.40751954913139343,0.4403899312019348,0.4804431200027466,0.6660425066947937,0.5350143313407898,0.46407637000083923,0.4211069643497467,0.4481961131095886,0.48113593459129333,0.6798336505889893,0.5320690870285034,0.4526823163032532,0.4108167290687561,0.44983410835266113,0.47243019938468933,0.6885854601860046,0.5300760269165039,0.44428300857543945,0.9994534850120544,0.4795701801776886,0.44502881169319153,0.999475359916687,0.540020227432251,0.5608657002449036,0.8568848371505737,0.5316465497016907,0.5661177635192871,0.9647447466850281,0.5340468287467957,0.6811650395393372,0.9363040328025818,0.5391873717308044,0.6865625381469727,0.7650502324104309,0.5220931768417358,0.7016812562942505,0.864570140838623,0.5350440740585327,0.7064316868782043,0.6172947287559509,0.5712822675704956,0.7184934616088867,0.9363153576850891,0.5777291655540466,0.7169175148010254,0.7883526086807251
143,0.4970291554927826,0.19614866375923157,0.9999480843544006,0.5018860697746277,0.18540818989276886,0.9998560547828674,0.5061926245689392,0.18544703722000122,0.9998555779457092,0.5088930130004883,0.18559671938419342,0.999846339225769,0.487821489572525,0.1870802789926529,0.9998584985733032,0.48307058215141296,0.18800169229507446,0.9998529553413391,0.4777787923812866,0.18913891911506653,0.9998463988304138,0.5129542350769043,0.1924908459186554,0.9995532631874084,0.4723623991012573,0.1971876174211502,0.9997995495796204,0.5064927339553833,0.21043169498443604,0.9999326467514038,0.4886561632156372,0.21225978434085846,0.9999417662620544,0.5476755499839783,0.2719683051109314,0.9996944069862366,0.44103091955184937,0.2801194190979004,0.999889075756073,0.5372282862663269,0.35614144802093506,0.6654570698738098,0.43925854563713074,0.37085652351379395,0.9538059234619141,0.535631000995636,0.43309691548347473,0.4374021887779236,0.4379924237728119,0.4517621397972107,0.765390157699585,0.535895824432373,0.458843857049942,0.39075401425361633,0.4349750876426697,0.47707316279411316,0.6812624931335449,0.5337832570075989,0.46017464995384216,0.4044402539730072,0.4414963126182556,0.4779624044895172,0.6941368579864502,0.5313242673873901,0.450827419757843,0.3934212327003479,0.44472721219062805,0.46937212347984314,0.7001060843467712,0.5300474166870117,0.4435010552406311,0.9993555545806885,0.47994521260261536,0.44435298442840576,0.9995092153549194,0.5430096387863159,0.5569753646850586,0.8512207865715027,0.5314595699310303,0.5657026767730713,0.9668850302696228,0.5204788446426392,0.6579347252845764,0.9311816692352295,0.5465683341026306,0.6950664520263672,0.7879557609558105,0.5038745999336243,0.6654347777366638,0.8635603189468384,0.5452180504798889,0.7156863808631897,0.6479756832122803,0.5402040481567383,0.6934681534767151,0.934474766254425,0.5949920415878296,0.7218571305274963,0.8083788752555847
144,0.49673599004745483,0.19528141617774963,0.9999518394470215,0.5017537474632263,0.18431317806243896,0.9998666048049927,0.5059420466423035,0.18442752957344055,0.9998660087585449,0.5087012052536011,0.18454913794994354,0.9998568296432495,0.4875076711177826,0.18577249348163605,0.9998698830604553,0.48271822929382324,0.18662117421627045,0.9998650550842285,0.4775301218032837,0.18773891031742096,0.9998592734336853,0.5133568048477173,0.19175736606121063,0.9995856285095215,0.4720746874809265,0.1964336633682251,0.9998156428337097,0.5063796639442444,0.20995008945465088,0.9999374151229858,0.48830413818359375,0.21206563711166382,0.9999467134475708,0.5478837490081787,0.27141180634498596,0.9996934533119202,0.4411400258541107,0.27909520268440247,0.9998990297317505,0.538692831993103,0.3564393222332001,0.6551710963249207,0.4376998543739319,0.3697880208492279,0.9568924903869629,0.5381629467010498,0.434701532125473,0.4308260977268219,0.43518465757369995,0.45170432329177856,0.7824996113777161,0.5374104976654053,0.4598061144351959,0.3894391655921936,0.4314861297607422,0.4765951931476593,0.7027182579040527,0.5364726185798645,0.4611756503582001,0.4036051034927368,0.43807730078697205,0.4775099754333496,0.7146104574203491,0.5339053869247437,0.4533117413520813,0.3910740315914154,0.44137465953826904,0.4698314666748047,0.7186005711555481,0.5303651690483093,0.443350613117218,0.9993343949317932,0.4801715314388275,0.44454628229141235,0.999548614025116,0.5473610758781433,0.5560360550880432,0.8566865921020508,0.531240701675415,0.5690941214561462,0.9695470929145813,0.5008419752120972,0.6369506120681763,0.9296391606330872,0.558527946472168,0.6994975805282593,0.8088799118995667,0.4788324534893036,0.6404045224189758,0.86637282371521,0.5563126802444458,0.7154868245124817,0.678595244884491,0.5154966711997986,0.6851462721824646,0.9345435500144958,0.6048555374145508,0.7270198464393616,0.8268542885780334
145,0.4972403347492218,0.19538059830665588,0.9999555349349976,0.5022045373916626,0.18436415493488312,0.9998767971992493,0.5062766671180725,0.18452203273773193,0.9998758435249329,0.5092195272445679,0.1845867782831192,0.9998674392700195,0.4880032539367676,0.18551072478294373,0.9998804926872253,0.4830770194530487,0.18629737198352814,0.9998760223388672,0.4780242443084717,0.18734918534755707,0.9998712539672852,0.5134905576705933,0.19185855984687805,0.9996163845062256,0.47228172421455383,0.19628866016864777,0.9998301267623901,0.5067896842956543,0.21041689813137054,0.9999421238899231,0.48868128657341003,0.21248818933963776,0.9999512434005737,0.5493001937866211,0.271892786026001,0.9996930360794067,0.44141048192977905,0.2788276970386505,0.9999069571495056,0.5398856401443481,0.3560733497142792,0.6546809077262878,0.4376978278160095,0.3698279857635498,0.9590832591056824,0.5397621393203735,0.4343329668045044,0.4250785708427429,0.43425753712654114,0.4519358277320862,0.7944023013114929,0.5390257239341736,0.45912542939186096,0.38583943247795105,0.43079298734664917,0.47720867395401,0.7165477275848389,0.5373349189758301,0.46067720651626587,0.3999995291233063,0.4377373158931732,0.4775354266166687,0.7280308604240417,0.5352092981338501,0.45349645614624023,0.3866746425628662,0.44102588295936584,0.46979328989982605,0.7298394441604614,0.5305933952331543,0.44261157512664795,0.9993382096290588,0.4802432656288147,0.44334885478019714,0.9995831847190857,0.5473171472549438,0.5575249791145325,0.8628529906272888,0.5311399698257446,0.5674523115158081,0.9710288047790527,0.4712918698787689,0.62955242395401,0.931434154510498,0.5631335973739624,0.694978654384613,0.827463686466217,0.45064666867256165,0.633033275604248,0.8716709613800049,0.5631350874900818,0.7093791365623474,0.7049249410629272,0.4830583930015564,0.6850601434707642,0.9355301856994629,0.5881307125091553,0.7287067770957947,0.8431017398834229
146,0.4976131021976471,0.19595147669315338,0.9999591112136841,0.5024860501289368,0.1848135143518448,0.9998862743377686,0.5065487623214722,0.18499639630317688,0.9998847842216492,0.5095584392547607,0.1850525587797165,0.9998774528503418,0.48839426040649414,0.1859039068222046,0.9998902678489685,0.4834199547767639,0.1867140829563141,0.9998860359191895,0.4784151315689087,0.18779250979423523,0.9998824596405029,0.5136051177978516,0.19252455234527588,0.99964439868927,0.4724491238594055,0.1968393325805664,0.9998438358306885,0.5070788860321045,0.21109949052333832,0.9999462962150574,0.4890212118625641,0.21304260194301605,0.9999552369117737,0.5504983067512512,0.27444249391555786,0.9996737241744995,0.4416036009788513,0.28031009435653687,0.9999120831489563,0.5405399203300476,0.3586510121822357,0.64595627784729,0.43814247846603394,0.37334492802619934,0.960640549659729,0.5394028425216675,0.4381900429725647,0.4054279029369354,0.4344387352466583,0.4535207152366638,0.8019566535949707,0.5380366444587708,0.4623778462409973,0.3683801591396332,0.4312194883823395,0.47848278284072876,0.723444402217865,0.5372411012649536,0.4674854576587677,0.38185492157936096,0.43839073181152344,0.4793807864189148,0.73505699634552,0.5324631333351135,0.45682281255722046,0.36985284090042114,0.44166797399520874,0.47113338112831116,0.7354853749275208,0.530641496181488,0.44429486989974976,0.9993583559989929,0.48030492663383484,0.4441933035850525,0.9996122121810913,0.5398702025413513,0.5641727447509766,0.8704891204833984,0.5303794145584106,0.5666238069534302,0.9705365896224976,0.4522383511066437,0.6320212483406067,0.9360901117324829,0.5668378472328186,0.683698296546936,0.8437669277191162,0.4323839843273163,0.644366979598999,0.8780670166015625,0.5720808506011963,0.6989564299583435,0.7258647084236145,0.45368221402168274,0.7012194395065308,0.938943088054657,0.5791859030723572,0.7211703658103943,0.8573075532913208
147,0.4983040988445282,0.20125800371170044,0.9999626278877258,0.502921998500824,0.1904020458459854,0.9998953938484192,0.5066232681274414,0.19056491553783417,0.9998936653137207,0.5097823143005371,0.1906813532114029,0.9998871684074402,0.4894576966762543,0.19131244719028473,0.9998992681503296,0.48426827788352966,0.19215989112854004,0.9998953342437744,0.4793347716331482,0.19315031170845032,0.9998926520347595,0.513861894607544,0.19757457077503204,0.999671459197998,0.47254449129104614,0.20116302371025085,0.9998567700386047,0.5071554183959961,0.21584905683994293,0.999950647354126,0.48944029211997986,0.21700172126293182,0.9999590516090393,0.5521056056022644,0.27887287735939026,0.9996850490570068,0.4417739808559418,0.28432172536849976,0.9999182820320129,0.5412836074829102,0.36403799057006836,0.6535339951515198,0.44074130058288574,0.37711668014526367,0.962681770324707,0.5397112369537354,0.44666534662246704,0.40876176953315735,0.4348737597465515,0.4608250856399536,0.8137987852096558,0.5385474562644958,0.4721466600894928,0.36875492334365845,0.43072810769081116,0.48509830236434937,0.7366705536842346,0.5380038619041443,0.47850048542022705,0.3822019398212433,0.43885552883148193,0.48586392402648926,0.7481509447097778,0.5319390892982483,0.46600812673568726,0.37042269110679626,0.4423307180404663,0.4783557951450348,0.7474822998046875,0.5307117700576782,0.4480995237827301,0.9993902444839478,0.4808427691459656,0.44837287068367004,0.9996400475502014,0.5264354944229126,0.5727100372314453,0.8734292984008789,0.5284176468849182,0.5720465183258057,0.9679827690124512,0.44117504358291626,0.6555713415145874,0.9400745630264282,0.569714367389679,0.6741213202476501,0.8574432730674744,0.4215317666530609,0.6691123843193054,0.8844379782676697,0.5801671743392944,0.6881926655769348,0.7426339983940125,0.4584496021270752,0.7067683935165405,0.9418656826019287,0.5783599615097046,0.7104371190071106,0.8691514134407043
148,0.5003662109375,0.20867231488227844,0.9999659657478333,0.5045915246009827,0.1981246918439865,0.9999042749404907,0.5083929896354675,0.19829803705215454,0.9999023079872131,0.5122712254524231,0.1985834687948227,0.9998964667320251,0.4920842945575714,0.1985320895910263,0.9999080300331116,0.4868526756763458,0.19906219840049744,0.9999043941497803,0.4819406270980835,0.19978715479373932,0.9999023675918579,0.5160365104675293,0.20541536808013916,0.999698281288147,0.4740162789821625,0.20715785026550293,0.9998692870140076,0.5079807043075562,0.22212396562099457,0.9999546408653259,0.4909328520298004,0.22253990173339844,0.999962568283081,0.5555506944656372,0.2870648205280304,0.9996895790100098,0.4438735544681549,0.2919663190841675,0.9999233484268188,0.5449994206428528,0.37346285581588745,0.6602842807769775,0.4441942870616913,0.3805612027645111,0.9637401700019836,0.5417379140853882,0.4523234963417053,0.41106459498405457,0.4407792091369629,0.46349719166755676,0.8227885961532593,0.5403445959091187,0.47798529267311096,0.3695611357688904,0.43765780329704285,0.4877457618713379,0.7466356158256531,0.5384950637817383,0.48092830181121826,0.3821403682231903,0.44510790705680847,0.48817887902259827,0.7578656673431396,0.5322263836860657,0.4708241820335388,0.3712559640407562,0.4484216868877411,0.48054665327072144,0.7569305896759033,0.5328454375267029,0.4544691741466522,0.999418318271637,0.48281776905059814,0.4535948932170868,0.9996638894081116,0.5257017612457275,0.5739530324935913,0.879118800163269,0.5233936309814453,0.5745772123336792,0.9673203229904175,0.4497232735157013,0.6624789834022522,0.9441751837730408,0.5698251128196716,0.6610782146453857,0.8697085380554199,0.4276171922683716,0.678036093711853,0.8901038765907288,0.5816885828971863,0.6712079644203186,0.7584206461906433,0.47059524059295654,0.7070395350456238,0.9450271129608154,0.5762526392936707,0.7053302526473999,0.879705011844635
149,0.5024284720420837,0.2074982076883316,0.9999684691429138,0.5069059133529663,0.19727672636508942,0.9999101161956787,0.511492908000946,0.19728980958461761,0.9999076724052429,0.5152457356452942,0.1973789632320404,0.9999024271965027,0.4942580759525299,0.19809330999851227,0.9999144673347473,0.48907217383384705,0.19881106913089752,0.9999111294746399,0.4842261075973511,0.19969923794269562,0.9999101758003235,0.5206269025802612,0.2044941633939743,0.9997147917747498,0.4768584370613098,0.20852072536945343,0.999879002571106,0.5103902816772461,0.22130046784877777,0.9999570250511169,0.49328961968421936,0.22267523407936096,0.9999651908874512,0.5599768161773682,0.2870785892009735,0.9996521472930908,0.4480099081993103,0.29459598660469055,0.9999274015426636,0.5520532727241516,0.3727855682373047,0.6544690728187561,0.44771820306777954,0.38240140676498413,0.9638544917106628,0.5485414862632751,0.45156699419021606,0.3908021152019501,0.4470840096473694,0.46412456035614014,0.8247275352478027,0.5464107990264893,0.4780232012271881,0.3516194522380829,0.4460117816925049,0.4872306287288666,0.7464601397514343,0.542486310005188,0.4800514578819275,0.363504022359848,0.4544386863708496,0.48752039670944214,0.757813036441803,0.539770781993866,0.47076526284217834,0.35369089245796204,0.45752838253974915,0.48055586218833923,0.7567402124404907,0.5390936732292175,0.45326927304267883,0.9994268417358398,0.4878877103328705,0.45298755168914795,0.999687135219574,0.528720498085022,0.5711801052093506,0.8842789530754089,0.523535966873169,0.5718997716903687,0.967613697052002,0.46092507243156433,0.6654122471809387,0.9474680423736572,0.5745745897293091,0.6544485092163086,0.881145715713501,0.44095557928085327,0.6815788149833679,0.8935434818267822,0.5862076282501221,0.6633784174919128,0.7712998986244202,0.48214712738990784,0.7070398330688477,0.9471621513366699,0.5743529200553894,0.6981325149536133,0.8893479704856873
150,0.5066443085670471,0.2052144855260849,0.9999709725379944,0.5118281245231628,0.19479234516620636,0.9999167919158936,0.5159886479377747,0.19484573602676392,0.9999141693115234,0.5201285481452942,0.1949472427368164,0.999909520149231,0.49880751967430115,0.1956619918346405,0.9999212622642517,0.4936962425708771,0.196391761302948,0.9999181628227234,0.4887632131576538,0.1972956508398056,0.9999178647994995,0.5252135992050171,0.20199930667877197,0.9997358918190002,0.4812766909599304,0.20595258474349976,0.9998888969421387,0.5142773985862732,0.21924635767936707,0.9999600648880005,0.4985188841819763,0.22068040072917938,0.9999680519104004,0.5638161897659302,0.28401532769203186,0.9996349811553955,0.45271459221839905,0.29116231203079224,0.9999315142631531,0.5572422742843628,0.3702821433544159,0.6510517597198486,0.4530855715274811,0.38010373711586,0.9638152718544006,0.5557126998901367,0.4494610130786896,0.37245607376098633,0.4530106782913208,0.4620010256767273,0.8251188397407532,0.552396833896637,0.47473588585853577,0.335536390542984,0.4528765082359314,0.48524928092956543,0.7452919483184814,0.5519258975982666,0.47873455286026,0.34700870513916016,0.46063101291656494,0.48545145988464355,0.7570791244506836,0.5464416742324829,0.46834293007850647,0.33811283111572266,0.4635680615901947,0.4783659279346466,0.755557656288147,0.5440868735313416,0.4509950280189514,0.9994456171989441,0.4919799864292145,0.4510612189769745,0.9997109770774841,0.5334921479225159,0.5699430108070374,0.8904265761375427,0.5249603390693665,0.5701785087585449,0.9692822098731995,0.46793487668037415,0.6660974621772766,0.9507527351379395,0.5812467932701111,0.6598893404006958,0.892315149307251,0.4477207660675049,0.6808066368103027,0.8967998623847961,0.592377781867981,0.6700887680053711,0.7870641946792603,0.4998130798339844,0.7065982818603516,0.9496695399284363,0.5796301364898682,0.7015717029571533,0.8992074131965637
151,0.5120658278465271,0.19552360475063324,0.999972939491272,0.5160887241363525,0.18512338399887085,0.9999220371246338,0.519934356212616,0.18509463965892792,0.9999188184738159,0.5243448615074158,0.18532401323318481,0.9999147653579712,0.5039428472518921,0.18643084168434143,0.9999271035194397,0.4991087317466736,0.1874818652868271,0.9999240636825562,0.49434882402420044,0.18845802545547485,0.9999245405197144,0.5293599367141724,0.19233228266239166,0.9997525811195374,0.48629316687583923,0.19645369052886963,0.9998975396156311,0.519497275352478,0.2075238972902298,0.9999622702598572,0.5049359202384949,0.20865963399410248,0.9999704360961914,0.5677269101142883,0.2769916355609894,0.9995935559272766,0.4565243124961853,0.2849234342575073,0.9999351501464844,0.5615049004554749,0.367641419172287,0.6371816396713257,0.45553058385849,0.3761690855026245,0.963386595249176,0.5636352896690369,0.44881299138069153,0.34993502497673035,0.45662379264831543,0.4610965847969055,0.8251870274543762,0.5599983334541321,0.46995240449905396,0.31642547249794006,0.4569729268550873,0.4826246500015259,0.7437120676040649,0.5579012632369995,0.4729178249835968,0.32737433910369873,0.4650651812553406,0.48205336928367615,0.7561782002449036,0.5559027791023254,0.46672818064689636,0.31995314359664917,0.4677378237247467,0.4757884442806244,0.7544209957122803,0.5503514409065247,0.4484860301017761,0.999433696269989,0.4956076443195343,0.44904518127441406,0.9997285008430481,0.5405316948890686,0.5686197876930237,0.8948349356651306,0.5342134833335876,0.5720288157463074,0.9698078632354736,0.4922216236591339,0.6649917960166931,0.9525360465049744,0.5919945240020752,0.6822211146354675,0.902058482170105,0.4744664430618286,0.678878128528595,0.8954973816871643,0.6030817627906799,0.6919798254966736,0.7993910908699036,0.510819137096405,0.7050175070762634,0.9504295587539673,0.5898372530937195,0.7237486839294434,0.9076175689697266
152,0.5204676985740662,0.1768246293067932,0.9999741315841675,0.5236387252807617,0.16716793179512024,0.999924898147583,0.5274986624717712,0.16715164482593536,0.9999204874038696,0.5314871668815613,0.16713681817054749,0.9999164342880249,0.5120640993118286,0.16850629448890686,0.9999316334724426,0.5073212385177612,0.16949711740016937,0.9999288320541382,0.5029411911964417,0.1705980747938156,0.9999301433563232,0.5361550450325012,0.17462874948978424,0.9997583031654358,0.49435335397720337,0.1801130324602127,0.9999048709869385,0.529696524143219,0.19015446305274963,0.999963104724884,0.5141364932060242,0.190838024020195,0.9999723434448242,0.5738075971603394,0.2614850699901581,0.9995049238204956,0.46257132291793823,0.26922374963760376,0.9999389052391052,0.5656287670135498,0.35224950313568115,0.6103652715682983,0.4585636258125305,0.3664025664329529,0.965607762336731,0.5638445615768433,0.42875969409942627,0.3283076584339142,0.4617052376270294,0.45199015736579895,0.8344309329986572,0.5618006587028503,0.4510718882083893,0.29885417222976685,0.4622252881526947,0.4759586453437805,0.7539319396018982,0.560684859752655,0.4514816701412201,0.30951619148254395,0.4721776247024536,0.47468799352645874,0.766022264957428,0.5597363114356995,0.4447652995586395,0.3026742935180664,0.4741424024105072,0.4667971432209015,0.7634734511375427,0.5594897270202637,0.4337715208530426,0.9993373155593872,0.5036042332649231,0.43565770983695984,0.9997333288192749,0.5495449304580688,0.5592901110649109,0.8996071219444275,0.5462372899055481,0.5629265904426575,0.9704506397247314,0.5110166072845459,0.6642658114433289,0.9533377885818481,0.593326985836029,0.6883146166801453,0.9110226035118103,0.4963303804397583,0.6777975559234619,0.8925975561141968,0.5998796224594116,0.700029730796814,0.8081982731819153,0.528066873550415,0.7034801244735718,0.9510751962661743,0.5979763269424438,0.7273565530776978,0.915439248085022
153,0.5289880037307739,0.16154050827026367,0.9999745488166809,0.5322935581207275,0.1521690934896469,0.9999253153800964,0.5363825559616089,0.15212155878543854,0.9999195337295532,0.5405544638633728,0.15215834975242615,0.9999150633811951,0.5204590559005737,0.15339399874210358,0.9999337792396545,0.516417384147644,0.15410065650939941,0.9999311566352844,0.5116720199584961,0.1550375372171402,0.9999334216117859,0.5452078580856323,0.15994198620319366,0.9997578859329224,0.505171537399292,0.1643114686012268,0.9999087452888489,0.5385973453521729,0.1755075752735138,0.9999630451202393,0.5226649641990662,0.1763353943824768,0.9999733567237854,0.5812963843345642,0.24520473182201385,0.9994487762451172,0.47068044543266296,0.25216999650001526,0.9999409914016724,0.5783166289329529,0.3380790948867798,0.5977594256401062,0.4662192761898041,0.3468834459781647,0.9664638638496399,0.5810832381248474,0.4177912771701813,0.3164112865924835,0.4674883186817169,0.4311056435108185,0.8390150666236877,0.5786269307136536,0.44151657819747925,0.28884387016296387,0.46867290139198303,0.45679235458374023,0.7584094405174255,0.5807786583900452,0.44874224066734314,0.2993904948234558,0.4768793284893036,0.45515650510787964,0.770485520362854,0.5769949555397034,0.43452316522598267,0.2934284508228302,0.47858184576034546,0.4467903971672058,0.7673624753952026,0.5682474374771118,0.4173637330532074,0.9992306232452393,0.5119115710258484,0.41953539848327637,0.9997220635414124,0.5557929873466492,0.5474671721458435,0.9017941355705261,0.5521935224533081,0.5468725562095642,0.9701076745986938,0.5289356112480164,0.6601245999336243,0.9539545178413391,0.5917385220527649,0.6820172667503357,0.9184178709983826,0.517699122428894,0.6768239736557007,0.8890021443367004,0.5978483557701111,0.6931760311126709,0.8135302662849426,0.5520249605178833,0.7016931772232056,0.9514283537864685,0.5922842025756836,0.7200877070426941,0.9218648076057434
154,0.535979151725769,0.15006613731384277,0.9999735951423645,0.5385735630989075,0.14007338881492615,0.9999219179153442,0.5426102876663208,0.14041517674922943,0.9999143481254578,0.5464391708374023,0.14078782498836517,0.999909520149231,0.5272312760353088,0.14073242247104645,0.9999329447746277,0.5233136415481567,0.1416449248790741,0.9999303221702576,0.518596351146698,0.14266574382781982,0.9999338984489441,0.5505478978157043,0.1487264484167099,0.9997441172599792,0.5114222764968872,0.15246374905109406,0.9999074935913086,0.5452218055725098,0.16342277824878693,0.9999600052833557,0.5299172401428223,0.1636420637369156,0.999972403049469,0.5874952673912048,0.23239603638648987,0.9993501901626587,0.4778892993927002,0.23959657549858093,0.9999406337738037,0.5843795537948608,0.3221851885318756,0.5834016799926758,0.475583553314209,0.3303523063659668,0.9655872583389282,0.5888336896896362,0.4004020392894745,0.3039189577102661,0.47464969754219055,0.4109610617160797,0.8390519022941589,0.5853374004364014,0.4218837320804596,0.27851954102516174,0.47504356503486633,0.4393322765827179,0.7583090662956238,0.5881137251853943,0.43412137031555176,0.28901416063308716,0.48128271102905273,0.4386138617992401,0.7706059813499451,0.5835952162742615,0.41808611154556274,0.2838824391365051,0.4832187294960022,0.429373562335968,0.7664623260498047,0.5760002732276917,0.4033687710762024,0.9990658164024353,0.5207452774047852,0.40589040517807007,0.9996956586837769,0.5594924092292786,0.5390936136245728,0.9032062888145447,0.5568256974220276,0.5391328930854797,0.9698047041893005,0.5403860807418823,0.651673436164856,0.9546573758125305,0.5931314826011658,0.6751675009727478,0.9249994158744812,0.5293057560920715,0.6695107817649841,0.8863560557365417,0.5984416007995605,0.6909017562866211,0.8184618353843689,0.5589355230331421,0.6910828351974487,0.9520509839057922,0.5931646227836609,0.7185356020927429,0.9273390769958496
155,0.5414700508117676,0.14294785261154175,0.9999750256538391,0.5448930859565735,0.13271623849868774,0.9999254941940308,0.5489216446876526,0.13301044702529907,0.9999176263809204,0.5528364181518555,0.13350756466388702,0.999912679195404,0.5334381461143494,0.1335437297821045,0.9999365210533142,0.5290988683700562,0.13452182710170746,0.9999340772628784,0.524194598197937,0.13563254475593567,0.9999379515647888,0.5572922229766846,0.14171811938285828,0.9997522830963135,0.5163666009902954,0.14629052579402924,0.9999117255210876,0.5499903559684753,0.15569981932640076,0.999961256980896,0.5350131392478943,0.15683414041996002,0.9999736547470093,0.5947268009185791,0.22463639080524445,0.9993708729743958,0.4844595193862915,0.23119309544563293,0.9999432563781738,0.5923756957054138,0.3137730062007904,0.5881755948066711,0.4831760823726654,0.3247654438018799,0.9659634828567505,0.5944845676422119,0.3937387764453888,0.31387805938720703,0.4824199676513672,0.40222811698913574,0.8455020785331726,0.5917481184005737,0.4183553457260132,0.28671061992645264,0.4831525683403015,0.4318341612815857,0.7667816281318665,0.5914938449859619,0.4206613302230835,0.29729482531547546,0.4885680377483368,0.4308907687664032,0.7788717746734619,0.5900365114212036,0.4110446572303772,0.2914521098136902,0.49049949645996094,0.42189788818359375,0.7735428214073181,0.5810238122940063,0.3972771465778351,0.9990866184234619,0.5253669619560242,0.39871957898139954,0.9997076988220215,0.5645118355751038,0.529584527015686,0.9072021842002869,0.5601294040679932,0.5278030037879944,0.970414936542511,0.5421247482299805,0.6411550045013428,0.9567477107048035,0.5927969813346863,0.6503297686576843,0.9313408732414246,0.5314109325408936,0.6578661203384399,0.8870013952255249,0.5969756841659546,0.6625348329544067,0.8262519836425781,0.5560913681983948,0.6794126033782959,0.9541396498680115,0.5942700505256653,0.6995390057563782,0.9331451058387756
156,0.5459461808204651,0.14053308963775635,0.9999760985374451,0.5500864386558533,0.13105790317058563,0.9999278783798218,0.5542207956314087,0.13108566403388977,0.999919593334198,0.5579968690872192,0.13123628497123718,0.999914824962616,0.5381665229797363,0.13230159878730774,0.9999389052391052,0.5331200361251831,0.13339895009994507,0.9999363422393799,0.5288876891136169,0.13440991938114166,0.999940812587738,0.5627504587173462,0.13775183260440826,0.9997612833976746,0.5215215682983398,0.14367081224918365,0.9999133944511414,0.5541709661483765,0.15335248410701752,0.9999609589576721,0.5392410755157471,0.15475745499134064,0.9999733567237854,0.6015406847000122,0.22072452306747437,0.9993571043014526,0.4913831353187561,0.22824165225028992,0.9999403953552246,0.5971987247467041,0.3097075819969177,0.5847528576850891,0.48976758122444153,0.3190416097640991,0.9633933901786804,0.5943732857704163,0.38912174105644226,0.30942127108573914,0.4901607930660248,0.39845335483551025,0.8465613722801208,0.5904734134674072,0.4137936532497406,0.2830567955970764,0.4884202778339386,0.4289749562740326,0.7684261798858643,0.5911940932273865,0.4152540862560272,0.29309725761413574,0.4921744167804718,0.4288114309310913,0.7804093956947327,0.5891469120979309,0.406403511762619,0.28788861632347107,0.49518948793411255,0.42015838623046875,0.7747748494148254,0.585896372795105,0.39263084530830383,0.9991062879562378,0.5302094221115112,0.3931889832019806,0.9997055530548096,0.5742056369781494,0.5237728953361511,0.9114938974380493,0.5605633854866028,0.520591676235199,0.9698811769485474,0.5358140468597412,0.63205486536026,0.9584202766418457,0.5963320732116699,0.6288825273513794,0.93674635887146,0.5198670029640198,0.6485875248908997,0.886498212814331,0.6025698184967041,0.6415390372276306,0.8348644971847534,0.5536386966705322,0.6732146143913269,0.9553408026695251,0.5921756625175476,0.6775268316268921,0.9378724694252014
157,0.5515193939208984,0.14100971817970276,0.9999772906303406,0.5556895136833191,0.13088269531726837,0.9999306797981262,0.5603471398353577,0.13098151981830597,0.9999221563339233,0.5641963481903076,0.13140475749969482,0.9999180436134338,0.5429198145866394,0.1320161074399948,0.9999419450759888,0.5381629467010498,0.13305352628231049,0.9999392628669739,0.5332267880439758,0.1343904733657837,0.9999441504478455,0.5686988830566406,0.13825298845767975,0.9997742176055908,0.5257062911987305,0.1429329812526703,0.9999164938926697,0.5591021180152893,0.15514801442623138,0.9999616742134094,0.5441641807556152,0.15635539591312408,0.999974250793457,0.6083749532699585,0.22127944231033325,0.9993389844894409,0.4970855712890625,0.23083998262882233,0.9999377131462097,0.6034929752349854,0.31098508834838867,0.5925940871238708,0.49999505281448364,0.32349443435668945,0.9602062702178955,0.6024796962738037,0.3880581259727478,0.30657124519348145,0.49895957112312317,0.4060887098312378,0.8380789160728455,0.6023324728012085,0.4125979244709015,0.2801349461078644,0.49607229232788086,0.43401578068733215,0.7576302886009216,0.5998409986495972,0.41443192958831787,0.2892515957355499,0.5011719465255737,0.43410664796829224,0.769950807094574,0.5978490710258484,0.40595850348472595,0.28483128547668457,0.5044021010398865,0.4255749583244324,0.7652214765548706,0.5932894349098206,0.39388999342918396,0.9991322755813599,0.536246120929718,0.3929866850376129,0.9997203946113586,0.6027687788009644,0.5110582113265991,0.9187581539154053,0.5577710270881653,0.5118666887283325,0.9716310501098633,0.5292561650276184,0.6053537726402283,0.9601616859436035,0.6018938422203064,0.6140916347503662,0.9423423409461975,0.5139265060424805,0.6061437129974365,0.8879040479660034,0.6117190718650818,0.6256663203239441,0.8458172678947449,0.5387958288192749,0.6543174982070923,0.9561793208122253,0.5943426489830017,0.6665014624595642,0.9427917003631592
158,0.5557917952537537,0.14320194721221924,0.9999749064445496,0.5599606037139893,0.13359947502613068,0.9999251961708069,0.5646728277206421,0.13366080820560455,0.9999150037765503,0.5690689086914062,0.1337808072566986,0.9999111890792847,0.546979546546936,0.13481765985488892,0.9999407529830933,0.5422152876853943,0.1357329934835434,0.9999372959136963,0.536998987197876,0.13689295947551727,0.9999430179595947,0.5740086436271667,0.1398000419139862,0.999772846698761,0.5292707681655884,0.14517882466316223,0.9999109506607056,0.5631241798400879,0.1572697013616562,0.9999568462371826,0.5481841564178467,0.15882155299186707,0.9999722242355347,0.6148331761360168,0.22326874732971191,0.9990980625152588,0.502193033695221,0.2339056432247162,0.9999293684959412,0.6085166335105896,0.31205499172210693,0.5919740200042725,0.5063478946685791,0.3253774344921112,0.956276535987854,0.6095937490463257,0.39086461067199707,0.2970992624759674,0.5028164982795715,0.40667763352394104,0.8315227031707764,0.608754575252533,0.41416049003601074,0.2731168568134308,0.5022745132446289,0.4325427711009979,0.7507274746894836,0.6077812910079956,0.41695576906204224,0.28177693486213684,0.5061343312263489,0.43298372626304626,0.7635636925697327,0.6061357259750366,0.40929073095321655,0.27846142649650574,0.509823203086853,0.42468515038490295,0.7594445943832397,0.602235734462738,0.39812517166137695,0.9990573525428772,0.5440363883972168,0.3974526822566986,0.999721109867096,0.6270619630813599,0.521085262298584,0.9251258969306946,0.5612170100212097,0.5217441320419312,0.9722787141799927,0.5281512141227722,0.5731936097145081,0.957131564617157,0.6053140163421631,0.626663863658905,0.9470707178115845,0.5085732340812683,0.5689383149147034,0.8853054642677307,0.6136835217475891,0.6365809440612793,0.8526803255081177,0.5095556378364563,0.615437388420105,0.9516981244087219,0.5964495539665222,0.675251841545105,0.9462229013442993
159,0.5586503744125366,0.14715103805065155,0.999967634677887,0.5635747909545898,0.1374562829732895,0.9999091029167175,0.5675389766693115,0.13741527497768402,0.9998939037322998,0.5722373127937317,0.1374940127134323,0.999891996383667,0.5503656268119812,0.13871999084949493,0.9999333620071411,0.5452375411987305,0.13966163992881775,0.9999276399612427,0.5400619506835938,0.14074023067951202,0.9999355673789978,0.5772854685783386,0.14435604214668274,0.9997520446777344,0.5322532057762146,0.14962996542453766,0.9998934864997864,0.5667785406112671,0.16106033325195312,0.9999493956565857,0.5506116151809692,0.16246919333934784,0.9999687671661377,0.6170867085456848,0.2277509868144989,0.998920202255249,0.5044673681259155,0.2375447154045105,0.9999191164970398,0.6131454706192017,0.316557914018631,0.5975330471992493,0.5088730454444885,0.32927846908569336,0.9522715210914612,0.6180633306503296,0.3947261869907379,0.2945230007171631,0.5091957449913025,0.4106086194515228,0.8199064135551453,0.6196333765983582,0.4177483320236206,0.27146604657173157,0.5097310543060303,0.43600133061408997,0.738170325756073,0.6180244088172913,0.4205329120159149,0.27997076511383057,0.5144301652908325,0.43632981181144714,0.7511534690856934,0.6152876019477844,0.4107806384563446,0.27789345383644104,0.5172357559204102,0.42840057611465454,0.7478551864624023,0.6078103184700012,0.4012055993080139,0.998980700969696,0.5482443571090698,0.39761894941329956,0.9997167587280273,0.6411983966827393,0.5238460302352905,0.927706241607666,0.5647596716880798,0.5347614884376526,0.9698148965835571,0.5385876297950745,0.550598680973053,0.9280787706375122,0.6054287552833557,0.6419680714607239,0.9488304257392883,0.5187474489212036,0.5398277640342712,0.8585274815559387,0.6149575710296631,0.6546461582183838,0.8498539328575134,0.5017307996749878,0.5845931768417358,0.9249878525733948,0.5956861972808838,0.6904598474502563,0.9449343681335449
160,0.5653361678123474,0.14813607931137085,0.9999688267707825,0.5691348314285278,0.13947272300720215,0.9999129176139832,0.5732266902923584,0.13899986445903778,0.9998983144760132,0.5774829983711243,0.13844919204711914,0.999896228313446,0.5566658973693848,0.14099183678627014,0.9999372363090515,0.5515444278717041,0.14149627089500427,0.999932050704956,0.5464166402816772,0.14226582646369934,0.9999394416809082,0.581481397151947,0.14546877145767212,0.9997647404670715,0.5379371047019958,0.15006518363952637,0.9998989105224609,0.5737844705581665,0.16246184706687927,0.9999512434005737,0.5581198930740356,0.1634635329246521,0.9999704360961914,0.6219599843025208,0.23154428601264954,0.9989047646522522,0.5088921785354614,0.24377642571926117,0.9999197125434875,0.6199243068695068,0.32433658838272095,0.6133860945701599,0.5149126052856445,0.3425739109516144,0.9538806080818176,0.6249575614929199,0.4065164029598236,0.31176403164863586,0.5168378353118896,0.4246256649494171,0.826423704624176,0.6289672255516052,0.43081551790237427,0.2867540717124939,0.518677830696106,0.4468711316585541,0.7464591264724731,0.6268321871757507,0.43383359909057617,0.29570305347442627,0.5224953293800354,0.44880011677742004,0.7589920163154602,0.622371256351471,0.4254980683326721,0.29290130734443665,0.5255724191665649,0.44055068492889404,0.7551518678665161,0.6132931113243103,0.4079653024673462,0.9989864826202393,0.5562752485275269,0.4072221517562866,0.9997271299362183,0.6500800848007202,0.5317644476890564,0.9319219589233398,0.5721837878227234,0.541205883026123,0.9702634215354919,0.5339792966842651,0.5416046380996704,0.9195195436477661,0.6100329756736755,0.6485461592674255,0.9523757100105286,0.5181223750114441,0.5297371745109558,0.8545165657997131,0.6195458173751831,0.6621772050857544,0.8536714911460876,0.498640239238739,0.5850215554237366,0.9180019497871399,0.6048787236213684,0.6960625052452087,0.9471738338470459
161,0.5695719718933105,0.1498342901468277,0.9999656677246094,0.5731903314590454,0.14187313616275787,0.999905526638031,0.5772576332092285,0.14128227531909943,0.9998897314071655,0.5815107822418213,0.14039269089698792,0.9998884201049805,0.5608082413673401,0.14386631548404694,0.9999335408210754,0.5555611252784729,0.1442122608423233,0.999927818775177,0.5505890250205994,0.14499600231647491,0.9999358654022217,0.5855683088302612,0.14783208072185516,0.9997647404670715,0.5419895648956299,0.1522032469511032,0.9998893737792969,0.578252375125885,0.16486115753650665,0.9999489188194275,0.5623111724853516,0.16577865183353424,0.9999692440032959,0.6261382699012756,0.23645934462547302,0.9988493919372559,0.5135067701339722,0.24780313670635223,0.9999144673347473,0.6241281032562256,0.3274027109146118,0.6146107912063599,0.5190470218658447,0.34509339928627014,0.9467493891716003,0.6309398412704468,0.41174834966659546,0.29775822162628174,0.5232342481613159,0.4273783266544342,0.8019465208053589,0.6348364353179932,0.4367375373840332,0.2739843428134918,0.5254825949668884,0.4478761851787567,0.722517192363739,0.6330187320709229,0.4399589002132416,0.28264057636260986,0.5290360450744629,0.4500372111797333,0.7354033589363098,0.6294980645179749,0.43065345287323,0.28141242265701294,0.5324817895889282,0.4417046904563904,0.7333489060401917,0.6173513531684875,0.4102184772491455,0.9989680647850037,0.5587647557258606,0.413118839263916,0.999728262424469,0.6522259712219238,0.5326862335205078,0.9305561184883118,0.5819701552391052,0.5472408533096313,0.9669138193130493,0.5857980251312256,0.5289575457572937,0.8610303997993469,0.6241022348403931,0.6517472863197327,0.9518174529075623,0.5724985599517822,0.5155290961265564,0.8090267181396484,0.6343153119087219,0.6657052636146545,0.8412609100341797,0.574305534362793,0.5689480900764465,0.8654977083206177,0.6185665726661682,0.6971642971038818,0.9415838122367859
162,0.5711066126823425,0.15096132457256317,0.9999684691429138,0.5758045315742493,0.1428055614233017,0.9999131560325623,0.5795424580574036,0.1423826664686203,0.999898374080658,0.5841237902641296,0.14172326028347015,0.9998972415924072,0.5626985430717468,0.14444729685783386,0.99993896484375,0.5576314926147461,0.14470553398132324,0.999933660030365,0.5523378849029541,0.14544282853603363,0.9999411702156067,0.5886163115501404,0.14912249147891998,0.9997830390930176,0.5444112420082092,0.15288543701171875,0.9998980760574341,0.5798609852790833,0.1656332165002823,0.9999530911445618,0.5631986260414124,0.1663239747285843,0.9999718070030212,0.6288766264915466,0.23673902451992035,0.9989180564880371,0.5167278051376343,0.24796119332313538,0.9999182224273682,0.6283849477767944,0.3298444151878357,0.6314987540245056,0.5214362144470215,0.34482723474502563,0.9497382044792175,0.6364002823829651,0.4134748578071594,0.32543644309043884,0.5254270434379578,0.4280039072036743,0.813879668712616,0.6427841782569885,0.43813738226890564,0.29782649874687195,0.5266581773757935,0.4495609700679779,0.7368795275688171,0.6390650868415833,0.44120267033576965,0.30669161677360535,0.5320219397544861,0.45130085945129395,0.7493208050727844,0.6348525881767273,0.43242695927619934,0.30499446392059326,0.534733772277832,0.44322827458381653,0.7464249134063721,0.6206043362617493,0.41399896144866943,0.9990327954292297,0.5643545985221863,0.4149828553199768,0.9997435808181763,0.6367714405059814,0.5411553382873535,0.9363012313842773,0.5924748182296753,0.5489059090614319,0.9685429930686951,0.5536060929298401,0.5565745234489441,0.8726301789283752,0.638292670249939,0.6515964269638062,0.9559159278869629,0.5310773849487305,0.5221399664878845,0.8217225074768066,0.6475324630737305,0.6654921770095825,0.8510478138923645,0.5357733964920044,0.6307680606842041,0.8759986162185669,0.6321194767951965,0.6973931193351746,0.946185827255249
163,0.5732219219207764,0.15160618722438812,0.9999712705612183,0.5783005356788635,0.1427711844444275,0.9999204874038696,0.5822254419326782,0.14243197441101074,0.9999068379402161,0.5868364572525024,0.1420001983642578,0.9999058246612549,0.5646799802780151,0.14424870908260345,0.9999441504478455,0.5592764019966125,0.1447761058807373,0.9999393224716187,0.5542431473731995,0.14554861187934875,0.9999463558197021,0.5914456844329834,0.14896497130393982,0.9997994899749756,0.5462924242019653,0.15338097512722015,0.9999067187309265,0.5817278027534485,0.1660509556531906,0.9999570250511169,0.5649738907814026,0.16711542010307312,0.999974250793457,0.6323405504226685,0.23498430848121643,0.9989946484565735,0.518285870552063,0.2457825094461441,0.99992436170578,0.6299441456794739,0.32775434851646423,0.6376814246177673,0.5225353837013245,0.34320229291915894,0.9523506760597229,0.6348104476928711,0.4132494330406189,0.3303014039993286,0.5261421799659729,0.427876740694046,0.8214655518531799,0.6375793218612671,0.4375854432582855,0.3017622232437134,0.5271686315536499,0.4493187367916107,0.7445103526115417,0.6336434483528137,0.44023486971855164,0.3111668825149536,0.5339972376823425,0.45055651664733887,0.757064163684845,0.6306974291801453,0.4322425127029419,0.3087068200111389,0.5370786190032959,0.44225141406059265,0.753267228603363,0.6239912509918213,0.4131775200366974,0.9990881681442261,0.5693309903144836,0.4139867424964905,0.9997618794441223,0.6342380046844482,0.5367274284362793,0.9402196407318115,0.6055931448936462,0.5415658950805664,0.9704872369766235,0.5462151169776917,0.606730043888092,0.8842739462852478,0.6500232815742493,0.6515195965766907,0.9598914384841919,0.5267497301101685,0.6087948679924011,0.8345829844474792,0.656975507736206,0.6653498411178589,0.8595555424690247,0.5375577211380005,0.6652969121932983,0.8869940638542175,0.6474889516830444,0.6960404515266418,0.9508344531059265
164,0.5739139914512634,0.15124911069869995,0.9999738931655884,0.5791977643966675,0.1419806331396103,0.9999275803565979,0.5832259058952332,0.14174078404903412,0.9999150633811951,0.5878469944000244,0.1414489597082138,0.9999141097068787,0.5656532049179077,0.14341939985752106,0.999949038028717,0.5603523850440979,0.1441253274679184,0.9999446272850037,0.55559241771698,0.14492909610271454,0.9999510645866394,0.5929316878318787,0.14760607481002808,0.9998160004615784,0.5481715202331543,0.15221790969371796,0.9999147653579712,0.5827270746231079,0.16532884538173676,0.9999608397483826,0.5661376118659973,0.16670353710651398,0.9999765157699585,0.6336149573326111,0.23187470436096191,0.9990833401679993,0.5208375453948975,0.242422953248024,0.9999306797981262,0.6351560950279236,0.3229881227016449,0.6535135507583618,0.5241281986236572,0.33856770396232605,0.9554088115692139,0.6388581395149231,0.4113813042640686,0.36093324422836304,0.5267671942710876,0.4262012541294098,0.8316278457641602,0.6420349478721619,0.4348757565021515,0.32734933495521545,0.528393566608429,0.448410302400589,0.7563881278038025,0.6387370824813843,0.43713903427124023,0.3378959894180298,0.5355468988418579,0.44889095425605774,0.7686820030212402,0.6356448531150818,0.4296993315219879,0.33292898535728455,0.5377894639968872,0.4405384957790375,0.7637394070625305,0.6223087906837463,0.4094415009021759,0.999143660068512,0.5686451196670532,0.40979254245758057,0.999779462814331,0.6316247582435608,0.5354191064834595,0.9394065737724304,0.6147197484970093,0.5339505672454834,0.971739649772644,0.5429502129554749,0.6089732646942139,0.8934879302978516,0.6518799066543579,0.6514703035354614,0.9632657170295715,0.5241761803627014,0.6155434846878052,0.8457745909690857,0.6528883576393127,0.6651306748390198,0.8670250177383423,0.546539843082428,0.6675736308097839,0.8956411480903625,0.661534309387207,0.696098268032074,0.9546971917152405
165,0.5755484104156494,0.15064479410648346,0.9999758005142212,0.5809257626533508,0.1409810334444046,0.9999327659606934,0.5849741697311401,0.14077973365783691,0.9999212026596069,0.5896039605140686,0.1405760943889618,0.9999203085899353,0.5674282908439636,0.1424800306558609,0.9999520182609558,0.5621164441108704,0.1433105170726776,0.9999479651451111,0.5574348568916321,0.1441372185945511,0.9999538660049438,0.5951166152954102,0.14622162282466888,0.9998260736465454,0.5501255989074707,0.15122374892234802,0.9999197721481323,0.5845017433166504,0.1645800918340683,0.9999635219573975,0.5680401921272278,0.16622856259346008,0.9999780058860779,0.6347501873970032,0.23072229325771332,0.9991681575775146,0.5222485661506653,0.23937585949897766,0.9999350309371948,0.6384496092796326,0.3215740919113159,0.6679773330688477,0.5260564088821411,0.3367674648761749,0.9581112265586853,0.6438959240913391,0.4086902141571045,0.4003554880619049,0.5284238457679749,0.426024466753006,0.8395777940750122,0.6495863795280457,0.43134039640426636,0.3632053732872009,0.531324028968811,0.4480939507484436,0.7661396861076355,0.6460773348808289,0.4321935772895813,0.374188631772995,0.5384129285812378,0.4481063485145569,0.7780131697654724,0.6419458389282227,0.4257708191871643,0.36803174018859863,0.5400108098983765,0.43953102827072144,0.7721149921417236,0.6188761591911316,0.40784794092178345,0.9992122054100037,0.5664828419685364,0.4070308804512024,0.9997907280921936,0.6286410093307495,0.5317571759223938,0.9357371926307678,0.6156078577041626,0.525143027305603,0.9733354449272156,0.5740798711776733,0.6266642212867737,0.9009444713592529,0.6461198925971985,0.6303843855857849,0.9659019112586975,0.5306325554847717,0.6139935255050659,0.8539404273033142,0.6336159110069275,0.6466206908226013,0.8696726560592651,0.6017175316810608,0.6789137721061707,0.9029539227485657,0.6591215133666992,0.6874145865440369,0.9578080177307129
166,0.5768306255340576,0.1509796380996704,0.999977171421051,0.5821577906608582,0.14142948389053345,0.9999365210533142,0.5864865183830261,0.1412409096956253,0.9999259114265442,0.5905530452728271,0.14105966687202454,0.9999246597290039,0.5683732628822327,0.1429058015346527,0.9999539852142334,0.5631400346755981,0.14374017715454102,0.999950647354126,0.55817711353302,0.14459925889968872,0.9999557733535767,0.59666508436203,0.14689399302005768,0.9998317360877991,0.5512310266494751,0.15181449055671692,0.9999248385429382,0.5860010981559753,0.16491442918777466,0.9999651908874512,0.5688499808311462,0.16635087132453918,0.9999788403511047,0.6360082626342773,0.23104511201381683,0.9992430806159973,0.5224955677986145,0.24006086587905884,0.9999397993087769,0.6392770409584045,0.3218499422073364,0.6749510169029236,0.5270141363143921,0.3368262052536011,0.96123868227005,0.6431149244308472,0.4087292551994324,0.4202377498149872,0.5288233160972595,0.42679718136787415,0.8478333950042725,0.646610677242279,0.4312933683395386,0.37827447056770325,0.5308443307876587,0.449465811252594,0.7757788896560669,0.6442543268203735,0.43212980031967163,0.3901098072528839,0.5381637811660767,0.44968104362487793,0.7869449853897095,0.6410931348800659,0.4256611764431,0.38365331292152405,0.5398824214935303,0.4408046007156372,0.78033447265625,0.6181632280349731,0.4079675078392029,0.9992827773094177,0.5655625462532043,0.4065600633621216,0.9998031258583069,0.6335511207580566,0.5285667777061462,0.9330230951309204,0.6204423904418945,0.5219891667366028,0.9754582643508911,0.611318826675415,0.6382090449333191,0.9082090258598328,0.5781080722808838,0.6053342819213867,0.9681475162506104,0.5954807996749878,0.6510730981826782,0.8616289496421814,0.5548121333122253,0.6050121784210205,0.869778573513031,0.654683530330658,0.6848690509796143,0.9102677702903748,0.5818119645118713,0.6615099310874939,0.9605485200881958
167,0.5781200528144836,0.15440036356449127,0.9999784231185913,0.5822810530662537,0.14432312548160553,0.9999392032623291,0.5868133306503296,0.14419957995414734,0.9999294877052307,0.590644896030426,0.1441619098186493,0.9999278783798218,0.5699399709701538,0.1453941911458969,0.9999552369117737,0.5649484992027283,0.14616216719150543,0.9999527335166931,0.5599380731582642,0.1470850557088852,0.9999572038650513,0.595503568649292,0.1511767953634262,0.9998344779014587,0.5523048639297485,0.15547364950180054,0.9999287724494934,0.5862436890602112,0.16859976947307587,0.9999669194221497,0.5697737336158752,0.16998884081840515,0.9999797940254211,0.6358296871185303,0.23678919672966003,0.9993129372596741,0.5220721364021301,0.24221862852573395,0.9999445676803589,0.638966977596283,0.32966190576553345,0.6919246315956116,0.528527021408081,0.34072214365005493,0.9641801118850708,0.644279956817627,0.41745349764823914,0.4487089216709137,0.5286597609519958,0.42949724197387695,0.8558930158615112,0.6483561396598816,0.4379046857357025,0.3997395932674408,0.529296875,0.45340394973754883,0.7849897742271423,0.6446102857589722,0.4395521879196167,0.4121512174606323,0.5360594391822815,0.45373672246932983,0.7956043481826782,0.641020655632019,0.43292346596717834,0.4051310122013092,0.5380343794822693,0.44507816433906555,0.7887474298477173,0.6165544390678406,0.4080248475074768,0.9993458390235901,0.5639081597328186,0.4068436920642853,0.9998160004615784,0.6297169923782349,0.5271039605140686,0.9133779406547546,0.6320695877075195,0.5141627192497253,0.9765501022338867,0.5928276181221008,0.6403769850730896,0.9101852178573608,0.5878217816352844,0.6171888709068298,0.9687917828559875,0.5767409801483154,0.6575905680656433,0.8619080781936646,0.5715851783752441,0.6241639256477356,0.8666927218437195,0.6248416900634766,0.6842815279960632,0.9136161208152771,0.6064203977584839,0.6686940789222717,0.9620850682258606
168,0.5795362591743469,0.16441456973552704,0.9999796748161316,0.5828569531440735,0.15349777042865753,0.9999423027038574,0.5867319107055664,0.15350960195064545,0.9999333620071411,0.5907692313194275,0.15362365543842316,0.9999316334724426,0.5708988904953003,0.15425334870815277,0.9999571442604065,0.5660150051116943,0.15503428876399994,0.9999551177024841,0.5609398484230042,0.15599077939987183,0.9999592304229736,0.5950419902801514,0.16092713177204132,0.9998396039009094,0.5532727837562561,0.16417813301086426,0.999933123588562,0.5868601202964783,0.1778828352689743,0.999968945980072,0.5708144903182983,0.17873157560825348,0.9999809861183167,0.6365407109260559,0.2460353821516037,0.9993763566017151,0.5222625136375427,0.24990545213222504,0.9999487400054932,0.6374643445014954,0.34054362773895264,0.7127439975738525,0.5262199640274048,0.3454829752445221,0.9667777419090271,0.6432551741600037,0.4253075420856476,0.4859117865562439,0.5267463326454163,0.4320123791694641,0.8645130395889282,0.6470779180526733,0.44450992345809937,0.4352319836616516,0.5274068713188171,0.4564918577671051,0.7959408164024353,0.6427651047706604,0.44660258293151855,0.4475548267364502,0.5342437028884888,0.4566189646720886,0.8060102462768555,0.6390870213508606,0.4400418996810913,0.43943026661872864,0.5363194942474365,0.4480253756046295,0.7991566061973572,0.6155409216880798,0.41356417536735535,0.9994033575057983,0.5635313391685486,0.41243505477905273,0.9998272657394409,0.6279597282409668,0.5290678143501282,0.8976414203643799,0.6276185512542725,0.5148618221282959,0.9751718640327454,0.5860059261322021,0.6439856290817261,0.9094862341880798,0.5924320816993713,0.6176274418830872,0.9631971120834351,0.5700766444206238,0.6589051485061646,0.8602635264396667,0.5802529454231262,0.6263620853424072,0.8520407676696777,0.6064126491546631,0.6889243125915527,0.9135546088218689,0.6008504033088684,0.6561719179153442,0.9584776163101196
169,0.5794292688369751,0.1687767505645752,0.9999802112579346,0.5831689834594727,0.15820620954036713,0.9999428987503052,0.5867207646369934,0.15821295976638794,0.999934196472168,0.5909176468849182,0.1582513153553009,0.9999324679374695,0.5708385109901428,0.15904054045677185,0.999956488609314,0.5657815337181091,0.1597604602575302,0.9999546408653259,0.5609081983566284,0.16067837178707123,0.9999586343765259,0.5953138470649719,0.16544508934020996,0.9998323917388916,0.5535156726837158,0.168633371591568,0.9999311566352844,0.5870217680931091,0.18226566910743713,0.9999696016311646,0.5704671740531921,0.1831313669681549,0.9999812245368958,0.6369476318359375,0.2511139214038849,0.9994290471076965,0.523025393486023,0.25394919514656067,0.9999510645866394,0.6368933916091919,0.3465886116027832,0.7313987612724304,0.5248909592628479,0.34821590781211853,0.9686632752418518,0.642973005771637,0.42834314703941345,0.5228932499885559,0.5253825783729553,0.43192893266677856,0.8726336359977722,0.6474225521087646,0.4483726918697357,0.47047945857048035,0.5261296033859253,0.4567258954048157,0.8062705397605896,0.6428231596946716,0.4499964118003845,0.4829740524291992,0.5328480005264282,0.4570157825946808,0.8158919811248779,0.6388803124427795,0.4431230425834656,0.47356629371643066,0.5351530909538269,0.4483831524848938,0.8082490563392639,0.6147040128707886,0.4207840859889984,0.999433696269989,0.5636122226715088,0.4202480614185333,0.9998283386230469,0.627504289150238,0.5351289510726929,0.881384015083313,0.6198123693466187,0.5310788154602051,0.9730693101882935,0.5808172821998596,0.6554669141769409,0.9082215428352356,0.5944550633430481,0.643437922000885,0.963567316532135,0.563295841217041,0.6703723669052124,0.8576622009277344,0.5873734951019287,0.6615537405014038,0.8481473922729492,0.6003099679946899,0.6965689659118652,0.9136838912963867,0.6034263372421265,0.6868934631347656,0.9593507647514343
170,0.5791606903076172,0.16770614683628082,0.9999802112579346,0.5832609534263611,0.15690816938877106,0.9999432563781738,0.5865969657897949,0.15687419474124908,0.9999345541000366,0.5910248160362244,0.15688538551330566,0.999932587146759,0.5705578923225403,0.1579647660255432,0.9999565482139587,0.565364420413971,0.15883201360702515,0.9999550580978394,0.560559868812561,0.15989519655704498,0.9999589920043945,0.5958604216575623,0.1642789989709854,0.9998242855072021,0.5531758069992065,0.16860684752464294,0.9999328255653381,0.5873374938964844,0.18181519210338593,0.9999698400497437,0.570387601852417,0.18316590785980225,0.9999815225601196,0.636693000793457,0.2503640949726105,0.99946528673172,0.5229834914207458,0.2536776065826416,0.999954342842102,0.6361958980560303,0.3430754542350769,0.7316668033599854,0.5244516730308533,0.3483753502368927,0.9705271124839783,0.6411301493644714,0.425462007522583,0.5300948023796082,0.5224651098251343,0.4330366253852844,0.8794410228729248,0.6450654864311218,0.4462158977985382,0.47654908895492554,0.5223972797393799,0.45863163471221924,0.8146331906318665,0.6410998702049255,0.4480517506599426,0.48968562483787537,0.529877245426178,0.4587925374507904,0.8237196207046509,0.6373032331466675,0.44093430042266846,0.47972697019577026,0.5319591760635376,0.4499858319759369,0.8154677152633667,0.6145079135894775,0.42004963755607605,0.9994342923164368,0.5628746747970581,0.4197286367416382,0.9998263120651245,0.6182333827018738,0.5386326313018799,0.8646342754364014,0.6152163147926331,0.5396608710289001,0.9724805951118469,0.58238685131073,0.6606643795967102,0.9082459807395935,0.5909491181373596,0.6612588167190552,0.9643653035163879,0.565198540687561,0.678959310054779,0.8561521172523499,0.5786553025245667,0.6840218305587769,0.8448444604873657,0.6082375645637512,0.7023378014564514,0.9143433570861816,0.605855405330658,0.7047258019447327,0.960076630115509
171,0.5784226059913635,0.16656410694122314,0.9999794960021973,0.5828830003738403,0.1558300256729126,0.9999423623085022,0.5862653255462646,0.15577951073646545,0.9999343156814575,0.590488612651825,0.15577656030654907,0.9999315142631531,0.5696237087249756,0.1569269746541977,0.9999545812606812,0.564404308795929,0.15779924392700195,0.9999532103538513,0.5596519708633423,0.15886624157428741,0.9999561905860901,0.5957210659980774,0.1631145030260086,0.9998182058334351,0.5523881912231445,0.1675194650888443,0.999931275844574,0.587023138999939,0.18083545565605164,0.9999690055847168,0.5696696043014526,0.182528555393219,0.9999806880950928,0.6359833478927612,0.24894914031028748,0.9994987845420837,0.5221301317214966,0.2535102963447571,0.9999555349349976,0.6355252861976624,0.34228387475013733,0.7351669073104858,0.5205760598182678,0.3482004702091217,0.9710834622383118,0.6407411098480225,0.41929975152015686,0.5426136255264282,0.5187968015670776,0.4325793385505676,0.8788699507713318,0.6439593434333801,0.4439971148967743,0.4882345199584961,0.5190285444259644,0.45866483449935913,0.8136972784996033,0.6407870054244995,0.44426655769348145,0.5019571781158447,0.5269328355789185,0.45852169394493103,0.8224933743476868,0.636717677116394,0.436048299074173,0.4917704463005066,0.528709352016449,0.44954121112823486,0.8130155205726624,0.6114599704742432,0.42151278257369995,0.9994150400161743,0.5572512149810791,0.4198736548423767,0.9998169541358948,0.6137113571166992,0.5465615391731262,0.8683894276618958,0.5764932632446289,0.5521525740623474,0.9743265509605408,0.6019423007965088,0.6580191850662231,0.9143007397651672,0.5634199976921082,0.6821373105049133,0.9666551351547241,0.5909244418144226,0.6740999221801758,0.8629695773124695,0.5561186075210571,0.7050431370735168,0.8438886404037476,0.6285155415534973,0.7053338289260864,0.9195724725723267,0.6053624749183655,0.7183881998062134,0.9617879986763
172,0.577692449092865,0.16121834516525269,0.9999774098396301,0.5821576118469238,0.15016241371631622,0.999938428401947,0.5857208967208862,0.15020166337490082,0.9999304413795471,0.5898557305335999,0.1504264771938324,0.9999269247055054,0.568999707698822,0.15195664763450623,0.999950110912323,0.5637488961219788,0.15326373279094696,0.9999478459358215,0.5589814782142639,0.15480175614356995,0.9999505281448364,0.5950543880462646,0.1579141765832901,0.9998105764389038,0.5517746210098267,0.16260220110416412,0.9999269247055054,0.5864114761352539,0.17534585297107697,0.9999679327011108,0.5690523982048035,0.17866049706935883,0.9999794363975525,0.6353634595870972,0.24543336033821106,0.9995244741439819,0.5216700434684753,0.24856451153755188,0.9999567270278931,0.6348975896835327,0.33880874514579773,0.7390185594558716,0.5178096294403076,0.34297338128089905,0.9707009196281433,0.636396050453186,0.41673922538757324,0.5500265955924988,0.5132918357849121,0.428600013256073,0.8768877983093262,0.6372291445732117,0.4408128559589386,0.4951823949813843,0.5151250958442688,0.4560977518558502,0.8119010329246521,0.635820746421814,0.4408629536628723,0.5091556906700134,0.5220479369163513,0.455155611038208,0.8206295967102051,0.6324425339698792,0.43314141035079956,0.49978840351104736,0.5232824087142944,0.4464385509490967,0.8101404309272766,0.6092000603675842,0.42283377051353455,0.9994099140167236,0.5513613820075989,0.42104238271713257,0.9998137950897217,0.6063164472579956,0.5483469367027283,0.8756827712059021,0.5591343641281128,0.5582136511802673,0.9762557744979858,0.604480504989624,0.6562408208847046,0.9202242493629456,0.5658388137817383,0.6867716312408447,0.96888267993927,0.596550703048706,0.6724980473518372,0.8696976900100708,0.5644688010215759,0.7047044038772583,0.8433218598365784,0.6394461393356323,0.6985808610916138,0.9246156215667725,0.5950399041175842,0.7204264998435974,0.9635816216468811
173,0.5763200521469116,0.15684793889522552,0.9999749064445496,0.5814914703369141,0.14563877880573273,0.999931812286377,0.5856651067733765,0.14549078047275543,0.9999224543571472,0.5895000696182251,0.14566515386104584,0.99991774559021,0.5674828290939331,0.14724873006343842,0.9999451041221619,0.5622598528862,0.14838305115699768,0.9999411106109619,0.5572952628135681,0.14992639422416687,0.9999445080757141,0.5942458510398865,0.1527765542268753,0.9997967481613159,0.5516204833984375,0.15782183408737183,0.9999171495437622,0.5859881639480591,0.17126183211803436,0.9999644756317139,0.5677929520606995,0.17448540031909943,0.9999770522117615,0.6352673172950745,0.2414422333240509,0.9995191097259521,0.5210391283035278,0.24614308774471283,0.999956488609314,0.6307458877563477,0.33632755279541016,0.7434669137001038,0.5147077441215515,0.34256213903427124,0.9694684743881226,0.6299968361854553,0.41621309518814087,0.5514330267906189,0.5073490738868713,0.42900779843330383,0.8744057416915894,0.6298834681510925,0.4395295977592468,0.4953615367412567,0.5073705911636353,0.4564686715602875,0.808673083782196,0.6280221939086914,0.4397595226764679,0.5092824697494507,0.5141677856445312,0.4555830955505371,0.817465603351593,0.6247312426567078,0.43200501799583435,0.501295268535614,0.5160507559776306,0.4466542899608612,0.8059845566749573,0.6041861176490784,0.42203614115715027,0.999372661113739,0.5443986058235168,0.42062103748321533,0.9998119473457336,0.6060338616371155,0.5472578406333923,0.8839592933654785,0.5531815886497498,0.5553029179573059,0.9780605435371399,0.5963773727416992,0.6483694911003113,0.9241740107536316,0.5687991380691528,0.6833813786506653,0.9711921215057373,0.5854365825653076,0.6646532416343689,0.8740429878234863,0.5699092745780945,0.7020297646522522,0.8479568958282471,0.6272101998329163,0.6836695075035095,0.927955687046051,0.5716771483421326,0.7203764915466309,0.9655910134315491
174,0.5741108655929565,0.15542428195476532,0.9999620318412781,0.5798426866531372,0.14434173703193665,0.9998995065689087,0.5843738913536072,0.14424337446689606,0.9998859763145447,0.5884007811546326,0.144585520029068,0.9998805522918701,0.5652616620063782,0.14567627012729645,0.9999192357063293,0.5598450303077698,0.14672191441059113,0.9999092221260071,0.5551957488059998,0.14819276332855225,0.9999178051948547,0.5922984480857849,0.15167571604251862,0.9997625946998596,0.5501457452774048,0.1563914567232132,0.9998534321784973,0.5840024948120117,0.17025083303451538,0.9999513030052185,0.5649785995483398,0.17279277741909027,0.9999673962593079,0.6319168210029602,0.2400112748146057,0.9994556903839111,0.5188552141189575,0.24453790485858917,0.9999463558197021,0.624203085899353,0.33391839265823364,0.7475454807281494,0.5117164254188538,0.34147101640701294,0.965269148349762,0.6229768991470337,0.41575172543525696,0.5352746844291687,0.5019532442092896,0.42783525586128235,0.8588255047798157,0.622384786605835,0.4389861226081848,0.47934508323669434,0.501250147819519,0.4545132517814636,0.7900162935256958,0.621526300907135,0.43951043486595154,0.4927804470062256,0.5058233141899109,0.4545968472957611,0.7996382713317871,0.6184346675872803,0.43178790807724,0.48594361543655396,0.508570671081543,0.4460757374763489,0.7878168225288391,0.6003153920173645,0.42239341139793396,0.9992657899856567,0.539387583732605,0.42199456691741943,0.9997880458831787,0.6070878505706787,0.545900821685791,0.8902472853660583,0.5522237420082092,0.5590217709541321,0.9786474704742432,0.5736224055290222,0.5868464112281799,0.9083788990974426,0.564357340335846,0.6911768317222595,0.9722884893417358,0.5628083944320679,0.5909351110458374,0.853187620639801,0.56953364610672,0.7085874080657959,0.8500766754150391,0.5709028244018555,0.6427866816520691,0.9137322306632996,0.5417823195457458,0.7198060750961304,0.9654750823974609
175,0.5713773369789124,0.15552887320518494,0.9999440312385559,0.5773978233337402,0.1448649764060974,0.9998588562011719,0.5819427371025085,0.1449580043554306,0.9998378157615662,0.5865581035614014,0.14530110359191895,0.9998348355293274,0.5623001456260681,0.1461077481508255,0.99989253282547,0.5567982792854309,0.14708879590034485,0.9998758435249329,0.5531412363052368,0.14831416308879852,0.999890923500061,0.5902234315872192,0.15185192227363586,0.9997196793556213,0.5475318431854248,0.15644487738609314,0.9997876286506653,0.5819281935691833,0.17084497213363647,0.9999317526817322,0.5620724558830261,0.17323832213878632,0.9999529123306274,0.6296398639678955,0.24060958623886108,0.9991446733474731,0.5148322582244873,0.2451580911874771,0.9999175071716309,0.6194496750831604,0.3326515555381775,0.7357605695724487,0.5093276500701904,0.34202471375465393,0.9586625695228577,0.614592969417572,0.41355040669441223,0.5018540024757385,0.49870458245277405,0.4280104339122772,0.8354107737541199,0.611975371837616,0.43583837151527405,0.45003971457481384,0.49703359603881836,0.45449167490005493,0.7636268734931946,0.6107183694839478,0.43664172291755676,0.46263206005096436,0.500153124332428,0.45466241240501404,0.7739896178245544,0.6092175245285034,0.4297023415565491,0.45720767974853516,0.5035442113876343,0.44640862941741943,0.7626834511756897,0.5979510545730591,0.4247787594795227,0.9991402626037598,0.5362486243247986,0.42524436116218567,0.9997474551200867,0.6093581318855286,0.5459217429161072,0.8980832695960999,0.5439391732215881,0.5665894150733948,0.9782574772834778,0.53908371925354,0.5780961513519287,0.906066358089447,0.5601377487182617,0.6977153420448303,0.973346471786499,0.520851731300354,0.5813312530517578,0.8505153059959412,0.5687041878700256,0.7144566774368286,0.8551923036575317,0.5346331596374512,0.6335465908050537,0.9111494421958923,0.5261309146881104,0.7284048199653625,0.9656563997268677
176,0.5693894624710083,0.1585916131734848,0.999911904335022,0.5758224725723267,0.14768753945827484,0.9997961521148682,0.5803751349449158,0.14773060381412506,0.9997607469558716,0.5850570201873779,0.14798547327518463,0.9997706413269043,0.5601223707199097,0.14840368926525116,0.999854564666748,0.5546392798423767,0.14923273026943207,0.9998258352279663,0.5515366792678833,0.15016978979110718,0.9998507499694824,0.588772177696228,0.15531215071678162,0.9996558427810669,0.545400857925415,0.15903079509735107,0.9996787309646606,0.5801653265953064,0.1745220124721527,0.9999068379402161,0.5596967339515686,0.17668315768241882,0.9999317526817322,0.6275877356529236,0.2452269196510315,0.9988300800323486,0.5109421610832214,0.2487340122461319,0.999884307384491,0.6164801716804504,0.3341801166534424,0.7320963144302368,0.507830023765564,0.34665530920028687,0.9470232725143433,0.612653374671936,0.41604384779930115,0.47226202487945557,0.49639660120010376,0.43715041875839233,0.8014990091323853,0.6106977462768555,0.43869131803512573,0.42235931754112244,0.49484342336654663,0.4615466296672821,0.7286690473556519,0.6088687181472778,0.44024658203125,0.4342211186885834,0.4979031980037689,0.46262219548225403,0.7396085262298584,0.6075745820999146,0.43283262848854065,0.4305446147918701,0.5012927055358887,0.45410263538360596,0.7303400635719299,0.5958342552185059,0.42742812633514404,0.999020516872406,0.5338468551635742,0.42846378684043884,0.999721884727478,0.6121807098388672,0.5484483242034912,0.8995965719223022,0.5398117899894714,0.5728744268417358,0.972619354724884,0.530212938785553,0.5583544373512268,0.8688303828239441,0.5607545375823975,0.6961040496826172,0.9686824083328247,0.5078345537185669,0.5468069911003113,0.817960798740387,0.5704866647720337,0.7143129706382751,0.8493831157684326,0.5104445815086365,0.6016601324081421,0.8765453100204468,0.530320942401886,0.7309033870697021,0.9568773508071899
177,0.5658608675003052,0.1612534075975418,0.9999129176139832,0.5727867484092712,0.15009108185768127,0.9997963905334473,0.5777456760406494,0.1501518189907074,0.9997634887695312,0.5824026465415955,0.1502836048603058,0.9997727870941162,0.5565170049667358,0.15073876082897186,0.9998567700386047,0.552002489566803,0.15152908861637115,0.9998291730880737,0.5490586161613464,0.15225408971309662,0.9998524188995361,0.587272584438324,0.1586305946111679,0.999662458896637,0.5431429147720337,0.16203732788562775,0.9996762275695801,0.5772339105606079,0.1773981750011444,0.9999071359634399,0.5564518570899963,0.17916302382946014,0.9999315738677979,0.6269784569740295,0.2503749132156372,0.9987526535987854,0.5083358287811279,0.25292953848838806,0.9998750686645508,0.6154527068138123,0.3406692147254944,0.7441551685333252,0.5057604908943176,0.3493219017982483,0.9416182637214661,0.614302933216095,0.42685234546661377,0.4697803854942322,0.4933761954307556,0.4378070831298828,0.789268970489502,0.6136983633041382,0.45054948329925537,0.4178997278213501,0.49341344833374023,0.46117541193962097,0.7145642638206482,0.6117618083953857,0.4525062143802643,0.4300503730773926,0.4971984028816223,0.46227261424064636,0.7264387607574463,0.6096447110176086,0.44297918677330017,0.426546186208725,0.49986568093299866,0.45449399948120117,0.7172896265983582,0.5932722091674805,0.4306873679161072,0.9989747405052185,0.5306177139282227,0.43001678586006165,0.9997203946113586,0.6118825078010559,0.5541264414787292,0.9062620401382446,0.5439717173576355,0.5705753564834595,0.971615195274353,0.5023701786994934,0.5697749853134155,0.8690245747566223,0.5625813603401184,0.6976473331451416,0.9697471857070923,0.48064520955085754,0.5654078722000122,0.8176377415657043,0.5767765641212463,0.7160688638687134,0.8538806438446045,0.4770728647708893,0.6214127540588379,0.875044584274292,0.5420026779174805,0.7312846779823303,0.9571633338928223
178,0.5652467608451843,0.16233354806900024,0.9999200105667114,0.5718473196029663,0.15132123231887817,0.9998120069503784,0.5767893195152283,0.15143010020256042,0.9997817873954773,0.5814939141273499,0.15159010887145996,0.9997903108596802,0.55567866563797,0.15187987685203552,0.999867856502533,0.5510100722312927,0.1525842249393463,0.9998425245285034,0.5481802821159363,0.15322516858577728,0.9998639822006226,0.5864304304122925,0.15941229462623596,0.9996874928474426,0.541786253452301,0.16309376060962677,0.9996997117996216,0.5764470100402832,0.17857347428798676,0.9999142289161682,0.5556129217147827,0.18038031458854675,0.9999367594718933,0.6265814304351807,0.25162187218666077,0.9988089203834534,0.5064136981964111,0.25411999225616455,0.9998766183853149,0.6165397763252258,0.3440483510494232,0.7583508491516113,0.5035914778709412,0.3501626253128052,0.939773678779602,0.6158450841903687,0.43085911870002747,0.47923505306243896,0.4915975034236908,0.43781349062919617,0.7867993116378784,0.6155007481575012,0.4540597200393677,0.4246336817741394,0.49152517318725586,0.46067938208580017,0.7112769484519958,0.6135931611061096,0.45644959807395935,0.4373207092285156,0.49575069546699524,0.4617860019207001,0.7238889336585999,0.6112783551216125,0.44706547260284424,0.4331817328929901,0.4983776807785034,0.4544009268283844,0.7149118781089783,0.5918737053871155,0.4309671223163605,0.9989758729934692,0.530803918838501,0.4298565685749054,0.9997255206108093,0.5985040664672852,0.5562639236450195,0.9130409359931946,0.5493597388267517,0.5695661902427673,0.9720900058746338,0.48854202032089233,0.5766428112983704,0.8755602836608887,0.5742050409317017,0.6949940323829651,0.9717007279396057,0.46949508786201477,0.580318808555603,0.8228826522827148,0.5896511673927307,0.7147470116615295,0.8592403531074524,0.4792943596839905,0.6443454623222351,0.8802475929260254,0.5496668815612793,0.7298550009727478,0.9592568278312683
179,0.5644028186798096,0.16215577721595764,0.9999274015426636,0.570819079875946,0.15125121176242828,0.9998286962509155,0.5755720138549805,0.15134945511817932,0.999800980091095,0.5804354548454285,0.15150247514247894,0.9998089671134949,0.5550838708877563,0.15184344351291656,0.9998793601989746,0.5501955151557922,0.15255284309387207,0.9998562932014465,0.5474267601966858,0.15320992469787598,0.9998760223388672,0.5855239629745483,0.15936598181724548,0.9997131824493408,0.5409348607063293,0.1629345566034317,0.9997256398200989,0.5752349495887756,0.1784188449382782,0.9999219179153442,0.5546831488609314,0.1800612062215805,0.9999423027038574,0.6263640522956848,0.2508693337440491,0.9989081025123596,0.5051754713058472,0.25402316451072693,0.9998833537101746,0.6166433095932007,0.3443625271320343,0.7726497650146484,0.5016673803329468,0.3497139513492584,0.9409548044204712,0.615955114364624,0.4325629770755768,0.5005208849906921,0.4925709664821625,0.437421977519989,0.7919310331344604,0.6172441244125366,0.4545699954032898,0.4422546327114105,0.4924643933773041,0.4596070647239685,0.7154943346977234,0.6143518090248108,0.4563113749027252,0.45528799295425415,0.49780282378196716,0.4608062207698822,0.7285270094871521,0.6121950149536133,0.4480282962322235,0.45053213834762573,0.5003252029418945,0.45412808656692505,0.7193414568901062,0.5907769799232483,0.43011772632598877,0.999031662940979,0.5318459272384644,0.4296761453151703,0.9997379779815674,0.5715571641921997,0.5559380650520325,0.9190112948417664,0.5522180795669556,0.5671823024749756,0.9728566408157349,0.49284765124320984,0.6281734108924866,0.8863664269447327,0.5834656953811646,0.6918467283248901,0.9736935496330261,0.4725889563560486,0.6384351849555969,0.8330000638961792,0.5972838997840881,0.7106602191925049,0.8655192852020264,0.49015533924102783,0.6860935688018799,0.8899437189102173,0.5587598085403442,0.7275319695472717,0.9620041251182556
180,0.5644627213478088,0.16211922466754913,0.9999341368675232,0.5708425641059875,0.1512056291103363,0.9998440146446228,0.5755549669265747,0.15128843486309052,0.9998188018798828,0.5804614424705505,0.15143993496894836,0.999826192855835,0.5552647709846497,0.15182842314243317,0.9998897910118103,0.550186276435852,0.15254531800746918,0.9998687505722046,0.5472298264503479,0.15319979190826416,0.9998868703842163,0.5854566097259521,0.15926668047904968,0.9997372627258301,0.5410115718841553,0.16273023188114166,0.9997491240501404,0.5752647519111633,0.17829453945159912,0.9999289512634277,0.5548534393310547,0.17995807528495789,0.9999473094940186,0.626193106174469,0.25034981966018677,0.9990020394325256,0.505393922328949,0.2534683048725128,0.9998882412910461,0.6180809736251831,0.34567850828170776,0.7869663834571838,0.500913679599762,0.3496563732624054,0.9422671794891357,0.6179597973823547,0.4326643943786621,0.5279350280761719,0.4923054277896881,0.43321841955184937,0.7975329756736755,0.6214638352394104,0.45392879843711853,0.46671050786972046,0.49272486567497253,0.4549919068813324,0.7207177877426147,0.6162720918655396,0.455326110124588,0.47992995381355286,0.4986153841018677,0.45629259943962097,0.7340404987335205,0.6133988499641418,0.44776371121406555,0.4742854833602905,0.5007230639457703,0.4500216245651245,0.7245941162109375,0.5905926823616028,0.42956188321113586,0.999086856842041,0.5325568914413452,0.42875248193740845,0.9997485876083374,0.5710175037384033,0.5547428131103516,0.9240617156028748,0.5536876916885376,0.5629651546478271,0.973433792591095,0.4871535301208496,0.6307685375213623,0.8961814641952515,0.5906786322593689,0.6900801658630371,0.9754454493522644,0.4674834907054901,0.6407269239425659,0.8429070711135864,0.5980308055877686,0.7009473443031311,0.8709239959716797,0.496031790971756,0.6890530586242676,0.898762583732605,0.5777930617332458,0.7262833714485168,0.9644600749015808
181,0.5646497011184692,0.16192495822906494,0.999940037727356,0.5709734559059143,0.15108469128608704,0.9998573660850525,0.5756281614303589,0.151204451918602,0.999834418296814,0.5805123448371887,0.15137259662151337,0.9998413324356079,0.5554984211921692,0.15181739628314972,0.9998986721038818,0.5504130721092224,0.15253010392189026,0.9998793601989746,0.5472325682640076,0.1531885713338852,0.9998960494995117,0.5855029821395874,0.15901002287864685,0.9997578859329224,0.5410391092300415,0.16239388287067413,0.9997686743736267,0.5753769874572754,0.17821232974529266,0.9999351501464844,0.55511873960495,0.1799195557832718,0.9999516606330872,0.6262418627738953,0.24999171495437622,0.9990872144699097,0.5058201551437378,0.251822292804718,0.9998923540115356,0.6208480000495911,0.34479838609695435,0.7987245917320251,0.5016593337059021,0.34625670313835144,0.9417802095413208,0.6215934157371521,0.4315866231918335,0.5464654564857483,0.49339431524276733,0.4284741282463074,0.7936135530471802,0.6251242160797119,0.45275890827178955,0.48229876160621643,0.4936954081058502,0.45194295048713684,0.7148950099945068,0.6194767951965332,0.4541296362876892,0.4960368275642395,0.49950721859931946,0.45268452167510986,0.72896409034729,0.6163855791091919,0.4467642903327942,0.48934268951416016,0.5016902685165405,0.4463818371295929,0.7192786931991577,0.5908715724945068,0.42923206090927124,0.9991316795349121,0.5332219004631042,0.42713016271591187,0.9997587203979492,0.5723769068717957,0.5541728734970093,0.9277082681655884,0.5537535548210144,0.559083878993988,0.9741244316101074,0.48391860723495483,0.6252793073654175,0.9043859839439392,0.5912888050079346,0.6828910708427429,0.9770945906639099,0.4634895324707031,0.6323826313018799,0.8508434891700745,0.5958528518676758,0.689678430557251,0.8753738403320312,0.489875465631485,0.6817136406898499,0.9060418009757996,0.5954986810684204,0.7265864610671997,0.9667335748672485
182,0.564696192741394,0.1629835069179535,0.9999454617500305,0.5712046027183533,0.1523178070783615,0.9998697638511658,0.5760260224342346,0.15253184735774994,0.9998488426208496,0.5806166529655457,0.15271995961666107,0.9998553395271301,0.5555269718170166,0.15277129411697388,0.9999070167541504,0.550472617149353,0.15335381031036377,0.9998893141746521,0.5473238229751587,0.1540948748588562,0.9999046325683594,0.5858383178710938,0.15992139279842377,0.9997769594192505,0.5413370132446289,0.16357789933681488,0.9997866749763489,0.5755141973495483,0.17939606308937073,0.999940812587738,0.555223286151886,0.18092557787895203,0.9999556541442871,0.6264537572860718,0.2516339421272278,0.999165952205658,0.506156861782074,0.2516864538192749,0.9998950958251953,0.6235082745552063,0.34662118554115295,0.8109561204910278,0.5019887089729309,0.3462534248828888,0.941101610660553,0.6258460879325867,0.43182992935180664,0.5690646171569824,0.49401456117630005,0.42859429121017456,0.7884374856948853,0.629788339138031,0.45261722803115845,0.5020204782485962,0.4943494498729706,0.4519179165363312,0.7080602049827576,0.6234769225120544,0.45368820428848267,0.515950620174408,0.49987131357192993,0.4524880349636078,0.7228590250015259,0.6200588345527649,0.44673600792884827,0.5083600282669067,0.5021041631698608,0.4461590349674225,0.7127438187599182,0.5902500152587891,0.42911961674690247,0.9991879463195801,0.5326396226882935,0.42683377861976624,0.9997722506523132,0.5701001286506653,0.5536137819290161,0.9318149089813232,0.554537296295166,0.5571573376655579,0.9753089547157288,0.48041021823883057,0.6233673691749573,0.9121363759040833,0.5903237462043762,0.6741898655891418,0.9787781834602356,0.46130433678627014,0.6288987994194031,0.8594729900360107,0.594512939453125,0.6813549399375916,0.8810479044914246,0.48678305745124817,0.6801187992095947,0.9130331873893738,0.6005945205688477,0.7261050939559937,0.9691144227981567
183,0.5657147169113159,0.1698986291885376,0.9999504089355469,0.5724628567695618,0.15947869420051575,0.9998813271522522,0.5774983167648315,0.15941263735294342,0.9998623728752136,0.5813584327697754,0.1594274342060089,0.9998684525489807,0.5567042231559753,0.16087007522583008,0.9999147057533264,0.5519409775733948,0.16172219812870026,0.9998984932899475,0.5479967594146729,0.16280926764011383,0.9999125599861145,0.5872954726219177,0.16702081263065338,0.9997954368591309,0.5427373051643372,0.17169298231601715,0.9998039603233337,0.5766110420227051,0.1856234222650528,0.9999459385871887,0.5563084483146667,0.18646091222763062,0.9999590516090393,0.6272919774055481,0.25966566801071167,0.9992386698722839,0.507277250289917,0.25711143016815186,0.9998940825462341,0.6245540380477905,0.3535465896129608,0.822557806968689,0.5023984909057617,0.35168248414993286,0.9388777017593384,0.6260475516319275,0.43843913078308105,0.5941393971443176,0.49527961015701294,0.4321184754371643,0.7813212275505066,0.6302293539047241,0.4601181745529175,0.5254504084587097,0.4954753518104553,0.45466265082359314,0.699004590511322,0.6240438222885132,0.4610772430896759,0.5393736362457275,0.5021432042121887,0.455100417137146,0.7140268087387085,0.6203649044036865,0.45366087555885315,0.5303884148597717,0.5054273009300232,0.4486519992351532,0.7036513686180115,0.5896721482276917,0.43607503175735474,0.9992367029190063,0.5324782133102417,0.43005508184432983,0.9997770190238953,0.5614563822746277,0.5578377842903137,0.9316232800483704,0.5511523485183716,0.5598158240318298,0.9747165441513062,0.4827089011669159,0.6480598449707031,0.9190438389778137,0.5916522145271301,0.6664023399353027,0.9795509576797485,0.46174779534339905,0.6576893925666809,0.867324709892273,0.5995798110961914,0.6749600172042847,0.8833032250404358,0.494765043258667,0.698706865310669,0.9192846417427063,0.594174861907959,0.7152257561683655,0.9703364372253418
184,0.5692222118377686,0.17634187638759613,0.9999548196792603,0.5758844017982483,0.16565687954425812,0.9998915195465088,0.5798876285552979,0.16546303033828735,0.9998744130134583,0.5836411118507385,0.16560788452625275,0.9998800158500671,0.560369610786438,0.16716042160987854,0.9999215006828308,0.5550929307937622,0.16810990869998932,0.9999066591262817,0.5509754419326782,0.1691678911447525,0.9999195337295532,0.5904486179351807,0.17375382781028748,0.999811589717865,0.5451798439025879,0.17823480069637299,0.9998186230659485,0.5788821578025818,0.19207602739334106,0.9999502301216125,0.5595113635063171,0.19263188540935516,0.9999617338180542,0.6302759051322937,0.26717525720596313,0.9993020296096802,0.5102859735488892,0.26394790410995483,0.9998921751976013,0.6285941004753113,0.3594183325767517,0.8356946706771851,0.502679169178009,0.35589367151260376,0.9378870129585266,0.6280365586280823,0.44272932410240173,0.6226658225059509,0.49717170000076294,0.4344119727611542,0.7833133935928345,0.6342292428016663,0.463805228471756,0.5540251135826111,0.49743157625198364,0.4576924741268158,0.7006767988204956,0.6281114220619202,0.4645636975765228,0.567398190498352,0.5044909119606018,0.45827892422676086,0.7154543399810791,0.6234353184700012,0.45772403478622437,0.5572518110275269,0.5074874758720398,0.45146849751472473,0.7044188976287842,0.5889467597007751,0.43941259384155273,0.9992675185203552,0.5318338871002197,0.4314959645271301,0.9997739791870117,0.5561310052871704,0.5587756037712097,0.9310771226882935,0.5433585047721863,0.5620712637901306,0.9736184477806091,0.48454126715660095,0.6601443886756897,0.9254040718078613,0.5957675576210022,0.6578850150108337,0.9800348877906799,0.46509021520614624,0.6742765307426453,0.8732918500900269,0.6082573533058167,0.668049693107605,0.8878840804100037,0.49913978576660156,0.6999757289886475,0.925018310546875,0.5819955468177795,0.7035543918609619,0.9712345600128174
185,0.5733781456947327,0.17909535765647888,0.9999588131904602,0.5800905227661133,0.16806310415267944,0.9999006390571594,0.5836703181266785,0.16807040572166443,0.9998852014541626,0.5882459282875061,0.16823028028011322,0.9998903870582581,0.5650954246520996,0.16906732320785522,0.9999276399612427,0.5592660903930664,0.17000816762447357,0.9999141097068787,0.5548871159553528,0.17125079035758972,0.9999260306358337,0.5950867533683777,0.17685753107070923,0.9998253583908081,0.5485228896141052,0.18105889856815338,0.9998328685760498,0.5822915434837341,0.19500495493412018,0.9999541640281677,0.5633591413497925,0.19595016539096832,0.9999642968177795,0.6340031623840332,0.27174636721611023,0.9993559718132019,0.515146017074585,0.26705673336982727,0.999893844127655,0.6333030462265015,0.3615662455558777,0.8467916250228882,0.5038307905197144,0.3556515574455261,0.9379416704177856,0.631276547908783,0.44292914867401123,0.6443415880203247,0.49844470620155334,0.43430355191230774,0.7887862324714661,0.6376001238822937,0.464719295501709,0.5749827027320862,0.49762582778930664,0.45744505524635315,0.7065392732620239,0.6317607760429382,0.46541252732276917,0.5879611968994141,0.5045579075813293,0.4581943452358246,0.7211933135986328,0.6270065307617188,0.4583422839641571,0.5765252709388733,0.5077642202377319,0.45134204626083374,0.7096869945526123,0.5892077684402466,0.4431339204311371,0.9992957711219788,0.5321553349494934,0.4341462552547455,0.9997753500938416,0.5498214364051819,0.5589579343795776,0.9295423626899719,0.5353105068206787,0.5620260238647461,0.972934365272522,0.48905450105667114,0.6631167531013489,0.9310634732246399,0.5953124165534973,0.6482753157615662,0.9801086783409119,0.4692390561103821,0.6795397996902466,0.8776276111602783,0.6110227108001709,0.6566281914710999,0.8916448354721069,0.5040754675865173,0.6979960799217224,0.9299728870391846,0.5747191309928894,0.6967337131500244,0.9718620777130127
186,0.5777139067649841,0.18169595301151276,0.9999624490737915,0.5842055082321167,0.17109227180480957,0.9999091029167175,0.5879884362220764,0.1712021678686142,0.9998952150344849,0.5927498936653137,0.1714792400598526,0.9998999834060669,0.5696567893028259,0.1714232712984085,0.9999333620071411,0.563808798789978,0.17199364304542542,0.9999210238456726,0.5591878890991211,0.17293590307235718,0.9999319911003113,0.59877610206604,0.1790211796760559,0.9998396635055542,0.5520337224006653,0.18266822397708893,0.9998460412025452,0.5858853459358215,0.1974957138299942,0.9999578595161438,0.5672703981399536,0.19832561910152435,0.9999668002128601,0.6369787454605103,0.2721419036388397,0.9994099140167236,0.5178862810134888,0.2672692835330963,0.999894380569458,0.6367231011390686,0.3640444874763489,0.8581557273864746,0.5048526525497437,0.35646164417266846,0.9371106028556824,0.6357441544532776,0.4460691213607788,0.667408287525177,0.4998343288898468,0.4345516264438629,0.792263388633728,0.6412725448608398,0.4669618308544159,0.5985745787620544,0.4982258677482605,0.45786285400390625,0.710173487663269,0.6357803344726562,0.4673866629600525,0.6111384630203247,0.5046349167823792,0.4592324495315552,0.7249547839164734,0.6309133172035217,0.46045637130737305,0.5989672541618347,0.5080137252807617,0.45207107067108154,0.7133316397666931,0.5903365612030029,0.44517654180526733,0.9993269443511963,0.5328305959701538,0.43594110012054443,0.9997789859771729,0.5534172654151917,0.56294184923172,0.9311606287956238,0.532920777797699,0.5618624687194824,0.9730608463287354,0.4924907684326172,0.6598443984985352,0.9365827441215515,0.5969385504722595,0.652148962020874,0.9808162450790405,0.48058459162712097,0.6746912002563477,0.8813890814781189,0.6143466234207153,0.6592243909835815,0.897181510925293,0.5184819102287292,0.6977738738059998,0.9350727200508118,0.5737249851226807,0.7005942463874817,0.9730632305145264
187,0.5817957520484924,0.1792907863855362,0.9999656677246094,0.5876308679580688,0.16866682469844818,0.9999160170555115,0.5913829803466797,0.16876068711280823,0.9999032020568848,0.5962215662002563,0.16903908550739288,0.9999075531959534,0.5737432837486267,0.16919471323490143,0.9999381899833679,0.5682030320167542,0.16985276341438293,0.999926745891571,0.5633821487426758,0.17084652185440063,0.9999368786811829,0.6019324660301208,0.1764877587556839,0.999851405620575,0.5563342571258545,0.18020246922969818,0.9998573064804077,0.5895752310752869,0.19488480687141418,0.9999610185623169,0.5720939636230469,0.19589249789714813,0.9999691247940063,0.6410189270973206,0.2693682909011841,0.9994550347328186,0.5218188166618347,0.2654549777507782,0.9998998045921326,0.6396948099136353,0.36153644323349,0.8679574131965637,0.5102404952049255,0.35631322860717773,0.93910813331604,0.6402765512466431,0.44506707787513733,0.6900618076324463,0.501311182975769,0.4346506893634796,0.8036825656890869,0.643086850643158,0.4653405547142029,0.6223891973495483,0.4985855519771576,0.45793551206588745,0.7238366603851318,0.6385888457298279,0.46689215302467346,0.634541928768158,0.505066454410553,0.4591067433357239,0.7382891178131104,0.6347987055778503,0.45921728014945984,0.621575117111206,0.5085271000862122,0.4519279897212982,0.726619303226471,0.5988287329673767,0.4434157907962799,0.9993457198143005,0.5370787978172302,0.43540462851524353,0.999790608882904,0.5741410851478577,0.5657848715782166,0.9349174499511719,0.5353649854660034,0.5616472363471985,0.9744141101837158,0.5222962498664856,0.6527697443962097,0.9403138160705566,0.5963122844696045,0.6662454605102539,0.9817624092102051,0.5083452463150024,0.6650588512420654,0.8797719478607178,0.6117883324623108,0.6744657158851624,0.9023363590240479,0.5320180058479309,0.6954358220100403,0.9380541443824768,0.5740587711334229,0.7126713395118713,0.9742565751075745
188,0.5838826298713684,0.17183423042297363,0.9999679923057556,0.589506983757019,0.16007234156131744,0.9999192357063293,0.5927740931510925,0.15992723405361176,0.9999068975448608,0.5971983671188354,0.16008390486240387,0.9999108910560608,0.5754757523536682,0.16195246577262878,0.9999399781227112,0.5696604251861572,0.16326205432415009,0.9999285340309143,0.5649913549423218,0.16489501297473907,0.9999379515647888,0.6031935214996338,0.16898992657661438,0.99985671043396,0.5575165748596191,0.17350077629089355,0.9998595714569092,0.5923726558685303,0.18539749085903168,0.9999629259109497,0.5742180347442627,0.18641270697116852,0.9999701976776123,0.6430262923240662,0.2645096778869629,0.9994946122169495,0.5236509442329407,0.26118338108062744,0.9999009966850281,0.6415892839431763,0.3541950583457947,0.8746225833892822,0.511786699295044,0.35516777634620667,0.9377619028091431,0.6443981528282166,0.43122413754463196,0.7064207792282104,0.5041602849960327,0.4309236407279968,0.807663083076477,0.6481221914291382,0.45431429147720337,0.6394737362861633,0.5005849003791809,0.4554949104785919,0.729090690612793,0.644244909286499,0.45378416776657104,0.6514794826507568,0.5066157579421997,0.4551587700843811,0.7434656023979187,0.6394938826560974,0.44729533791542053,0.6377588510513306,0.5099486708641052,0.4474146068096161,0.7313394546508789,0.6047691702842712,0.4422106146812439,0.999376654624939,0.5407858490943909,0.43519389629364014,0.9998026490211487,0.5940098762512207,0.562188446521759,0.9393666386604309,0.5366377234458923,0.5607243180274963,0.9759679436683655,0.548489511013031,0.6447243094444275,0.9435800313949585,0.5947968363761902,0.6685043573379517,0.9828675389289856,0.5368095636367798,0.6487500071525574,0.8806425333023071,0.6101171970367432,0.678043782711029,0.9080643057823181,0.553881824016571,0.695685088634491,0.9408008456230164,0.5744011998176575,0.7183910012245178,0.9756153225898743
189,0.5851584672927856,0.16683882474899292,0.9999688267707825,0.5903865098953247,0.15473216772079468,0.9999200701713562,0.5934674143791199,0.15447506308555603,0.9999080896377563,0.5974350571632385,0.1543627679347992,0.9999117851257324,0.5765259861946106,0.15660138428211212,0.9999387860298157,0.5711164474487305,0.15784981846809387,0.9999269247055054,0.5664651393890381,0.15960586071014404,0.9999356865882874,0.6037883162498474,0.16288875043392181,0.9998604655265808,0.5586744546890259,0.16763736307621002,0.9998557567596436,0.5937965512275696,0.1799175888299942,0.9999642968177795,0.5761129260063171,0.18067699670791626,0.9999706745147705,0.6440187692642212,0.2574983835220337,0.9995256066322327,0.5252532362937927,0.2533949613571167,0.9998940229415894,0.6438063383102417,0.3436205983161926,0.8820968866348267,0.5136856436729431,0.34739989042282104,0.9392089247703552,0.6471320986747742,0.41779759526252747,0.7232768535614014,0.5081309676170349,0.42161619663238525,0.8131318092346191,0.6501284837722778,0.4398329555988312,0.6559993624687195,0.5045055150985718,0.4467321038246155,0.7356606125831604,0.6471494436264038,0.4389767050743103,0.667787492275238,0.5087429285049438,0.4452131390571594,0.749721884727478,0.642668604850769,0.4318588972091675,0.653889536857605,0.5118237137794495,0.43631604313850403,0.737293541431427,0.6074837446212769,0.43292614817619324,0.9993359446525574,0.5427688956260681,0.43104052543640137,0.999763548374176,0.6123020052909851,0.5549001693725586,0.9424018263816833,0.5460245609283447,0.5584838390350342,0.9757246971130371,0.586309015750885,0.6345342993736267,0.9365225434303284,0.5852993130683899,0.6674816012382507,0.9811620116233826,0.578150749206543,0.6371171474456787,0.8622152805328369,0.5870646834373474,0.6766719222068787,0.8964058756828308,0.5875487327575684,0.6774824261665344,0.933658242225647,0.580473780632019,0.7185653448104858,0.972368061542511
190,0.5872234106063843,0.16311980783939362,0.9999692440032959,0.5917522311210632,0.15112318098545074,0.9999200701713562,0.5947530269622803,0.1508742719888687,0.9999085664749146,0.5988237857818604,0.15077799558639526,0.9999114274978638,0.5780640840530396,0.1528458446264267,0.9999372959136963,0.5726994872093201,0.15407659113407135,0.9999251365661621,0.5679150223731995,0.15583112835884094,0.9999325275421143,0.6049523949623108,0.15932367742061615,0.9998556971549988,0.5597475171089172,0.16419729590415955,0.9998506903648376,0.5958858728408813,0.17630985379219055,0.9999645948410034,0.5784038305282593,0.1771138459444046,0.999970555305481,0.6459059119224548,0.2523125112056732,0.9995619058609009,0.5264073014259338,0.2520733177661896,0.9998958110809326,0.6450331211090088,0.341067373752594,0.8887584805488586,0.5139897465705872,0.3466874957084656,0.93975830078125,0.6472885608673096,0.4161338806152344,0.7396383881568909,0.5101514458656311,0.42275238037109375,0.8122121691703796,0.6503368616104126,0.43837207555770874,0.6717461347579956,0.5076932311058044,0.4476208984851837,0.7344383597373962,0.6477195620536804,0.4378299415111542,0.6835482120513916,0.5131700038909912,0.4465559124946594,0.7485008835792542,0.6430956125259399,0.43090230226516724,0.6694251894950867,0.5156702995300293,0.4380350410938263,0.7347095608711243,0.6106531620025635,0.42974361777305603,0.9993322491645813,0.5457074046134949,0.42907485365867615,0.999763011932373,0.6154090166091919,0.548636794090271,0.9415128827095032,0.5573108196258545,0.5585527420043945,0.9765161275863647,0.6148435473442078,0.6338353753089905,0.9334741830825806,0.5798060297966003,0.6684781312942505,0.9808647036552429,0.6061723232269287,0.6379151344299316,0.8556710481643677,0.5761104822158813,0.6793338060379028,0.886996328830719,0.6262573599815369,0.6772083640098572,0.9314289093017578,0.5942254066467285,0.719456672668457,0.971447765827179
191,0.587635338306427,0.16318252682685852,0.9999706745147705,0.5924146771430969,0.15128251910209656,0.9999226927757263,0.5954770445823669,0.15096625685691833,0.9999117851257324,0.5994369387626648,0.15089984238147736,0.99991375207901,0.5783775448799133,0.15329314768314362,0.9999392628669739,0.5727892518043518,0.15448297560214996,0.999927818775177,0.568172812461853,0.15599468350410461,0.9999346137046814,0.6054093837738037,0.15919648110866547,0.9998551607131958,0.5602893233299255,0.16439573466777802,0.999856173992157,0.596250057220459,0.17654545605182648,0.9999656677246094,0.5787709355354309,0.1778462529182434,0.9999716281890869,0.646537721157074,0.2515527009963989,0.9995936155319214,0.5276517271995544,0.2523816227912903,0.9999026656150818,0.6458224654197693,0.3409402072429657,0.8937409520149231,0.51444411277771,0.34679386019706726,0.9427890181541443,0.64829021692276,0.4168502688407898,0.7509737610816956,0.5117849707603455,0.4232461154460907,0.8189261555671692,0.6508230566978455,0.4394382834434509,0.6808652281761169,0.5103222727775574,0.4485059976577759,0.7414162158966064,0.6481686234474182,0.4388948678970337,0.6929845213890076,0.5163185000419617,0.4467010498046875,0.755177915096283,0.6436228156089783,0.4318525493144989,0.6780693531036377,0.5190240740776062,0.43835127353668213,0.7399784922599792,0.6144575476646423,0.4239749610424042,0.9993195533752441,0.5511412024497986,0.42645806074142456,0.9997683167457581,0.6162343621253967,0.5399536490440369,0.9434072971343994,0.5680758357048035,0.5573992133140564,0.9779600501060486,0.6364486217498779,0.6293420791625977,0.93593829870224,0.5809250473976135,0.6725835204124451,0.9816431999206543,0.6308402419090271,0.6369149684906006,0.8558095693588257,0.5794860124588013,0.6855555772781372,0.8828105926513672,0.6537685394287109,0.6746651530265808,0.9341305494308472,0.6045395135879517,0.7204563617706299,0.972363293170929
192,0.5872064232826233,0.1641070544719696,0.9999707937240601,0.5922895073890686,0.15258906781673431,0.9999215602874756,0.5955278277397156,0.15250207483768463,0.9999107718467712,0.5993295311927795,0.15267722308635712,0.9999127388000488,0.5780168175697327,0.15408965945243835,0.9999377727508545,0.5724583864212036,0.15533201396465302,0.9999269247055054,0.567780613899231,0.1570620834827423,0.9999338388442993,0.6052186489105225,0.16103437542915344,0.9998472332954407,0.5602008104324341,0.16563008725643158,0.9998537302017212,0.5957434177398682,0.17803223431110382,0.9999655485153198,0.5782053470611572,0.18016067147254944,0.9999713897705078,0.6459891200065613,0.25187137722969055,0.9996147155761719,0.5271857976913452,0.2582959234714508,0.9998999834060669,0.6467183232307434,0.3435816168785095,0.8974824547767639,0.5145900249481201,0.35235756635665894,0.944250762462616,0.6489325761795044,0.41863441467285156,0.7561293244361877,0.5123686194419861,0.43098190426826477,0.8230284452438354,0.6518869996070862,0.4408826231956482,0.6825449466705322,0.5113057494163513,0.456358939409256,0.7452261447906494,0.6490759253501892,0.44064241647720337,0.6952714920043945,0.517865777015686,0.454519659280777,0.7588160634040833,0.6447955369949341,0.4336943030357361,0.6793868541717529,0.5208467841148376,0.4454888701438904,0.7427112460136414,0.6187242269515991,0.4249362647533417,0.9993027448654175,0.5549861788749695,0.42748233675956726,0.9997380971908569,0.622290313243866,0.5422645211219788,0.9470267295837402,0.5816376805305481,0.5574433207511902,0.9783521294593811,0.6394765377044678,0.6314255595207214,0.9399514198303223,0.5962018370628357,0.6722374558448792,0.9816230535507202,0.6338234543800354,0.6403056383132935,0.855968713760376,0.5973728895187378,0.684702455997467,0.87517249584198,0.6527799367904663,0.6764922142028809,0.9376340508460999,0.6147385835647583,0.7198618650436401,0.9723676443099976
193,0.587385356426239,0.1723286211490631,0.9999613165855408,0.5923634171485901,0.16159790754318237,0.9998958110809326,0.5956688523292542,0.16163991391658783,0.9998795986175537,0.5994157791137695,0.16168934106826782,0.999883234500885,0.5777562260627747,0.16271740198135376,0.999921441078186,0.5721587538719177,0.16380353271961212,0.9999086260795593,0.5673693418502808,0.1654360592365265,0.999919593334198,0.6051941514015198,0.16871243715286255,0.9997943639755249,0.5599626898765564,0.17588704824447632,0.9998180270195007,0.5960124731063843,0.1876835972070694,0.9999548196792603,0.5783748030662537,0.1904783695936203,0.9999646544456482,0.6463034152984619,0.25921696424484253,0.9995161294937134,0.5279097557067871,0.2685578763484955,0.9998887777328491,0.6461881995201111,0.3490400016307831,0.8893309831619263,0.5144200921058655,0.36059850454330444,0.9444794654846191,0.6484582424163818,0.41873741149902344,0.7276790738105774,0.5121601819992065,0.4406481385231018,0.8190140724182129,0.6517540216445923,0.4415140450000763,0.6524255871772766,0.5116824507713318,0.46504589915275574,0.7389942407608032,0.648975133895874,0.4408819079399109,0.6651742458343506,0.518948495388031,0.4656282067298889,0.752571702003479,0.6434853672981262,0.43427520990371704,0.6508755683898926,0.5221138000488281,0.4566003978252411,0.7366924285888672,0.6191956400871277,0.4319874942302704,0.9991039037704468,0.5587382912635803,0.4356350004673004,0.9996985793113708,0.6230215430259705,0.5490827560424805,0.9421619176864624,0.5949363112449646,0.5601915717124939,0.9741113185882568,0.6171324253082275,0.6082454919815063,0.9061018228530884,0.6198974847793579,0.6722433567047119,0.974611759185791,0.6112432479858398,0.6189427971839905,0.8190324902534485,0.6271928548812866,0.6845777034759521,0.8579936027526855,0.6261995434761047,0.6578311324119568,0.9036219120025635,0.6209744215011597,0.7197838425636292,0.9608210921287537
194,0.5871654152870178,0.17995688319206238,0.9999591708183289,0.5920941829681396,0.16883036494255066,0.9998874664306641,0.5954843163490295,0.16896547377109528,0.9998709559440613,0.5990853309631348,0.16900821030139923,0.9998747706413269,0.5774260759353638,0.17043083906173706,0.9999155402183533,0.5718528628349304,0.17175661027431488,0.999903678894043,0.5670233368873596,0.1733791083097458,0.9999168515205383,0.604828417301178,0.1771852970123291,0.9997648596763611,0.5598331689834595,0.1836792379617691,0.9998111724853516,0.5957726240158081,0.19597576558589935,0.999949038028717,0.577989399433136,0.19841796159744263,0.9999619722366333,0.6462216973304749,0.2686823606491089,0.9994621276855469,0.5285093784332275,0.27735602855682373,0.9998864531517029,0.6455869674682617,0.35993117094039917,0.8687379956245422,0.5142402648925781,0.3667834401130676,0.9415172934532166,0.6480700373649597,0.4296456575393677,0.6837680339813232,0.5131713151931763,0.4462184011936188,0.806980550289154,0.6463824510574341,0.45442721247673035,0.6121049523353577,0.5130360126495361,0.47039175033569336,0.7252082228660583,0.6420988440513611,0.45528289675712585,0.6245489716529846,0.5199444890022278,0.4711461663246155,0.7390304207801819,0.6408079862594604,0.4475545287132263,0.6102893948554993,0.5232681035995483,0.46244582533836365,0.7230743169784546,0.6217352151870728,0.437568336725235,0.9990803003311157,0.5620645880699158,0.4400002062320709,0.9997063279151917,0.62460857629776,0.552501916885376,0.9414716958999634,0.6051778793334961,0.5608100295066833,0.973243236541748,0.6021835803985596,0.652008593082428,0.9097728133201599,0.6468124985694885,0.6721745133399963,0.9748757481575012,0.5964174270629883,0.6663050055503845,0.8156958818435669,0.6574755907058716,0.6838458180427551,0.8552418351173401,0.6132837533950806,0.6895577311515808,0.9057074785232544,0.6398211717605591,0.7147704362869263,0.9614770412445068
195,0.5869811177253723,0.18821962177753448,0.9999569058418274,0.5919484496116638,0.17689161002635956,0.9998834729194641,0.5954191088676453,0.17679360508918762,0.9998667240142822,0.5988765954971313,0.17683376371860504,0.9998725056648254,0.577150285243988,0.17841234803199768,0.9999117851257324,0.5716045498847961,0.17959952354431152,0.9998999834060669,0.5667634606361389,0.18088683485984802,0.9999159574508667,0.6045808792114258,0.1851436346769333,0.9997549653053284,0.5597893595695496,0.19046302139759064,0.999810516834259,0.5956785082817078,0.20432162284851074,0.9999436140060425,0.5777257680892944,0.2054571509361267,0.9999567866325378,0.6458778381347656,0.27799442410469055,0.9993218779563904,0.5284761786460876,0.2853717803955078,0.9998632073402405,0.6454048156738281,0.3686560392379761,0.8292378783226013,0.5137228965759277,0.3767727017402649,0.9345296025276184,0.6452125310897827,0.4423653781414032,0.6247268915176392,0.5150487422943115,0.4553903043270111,0.784898579120636,0.6407561302185059,0.46682268381118774,0.5603088140487671,0.5146129727363586,0.4772050976753235,0.7013593912124634,0.637371838092804,0.4684184193611145,0.5717039108276367,0.5209911465644836,0.47867703437805176,0.715984582901001,0.6368672847747803,0.4598449170589447,0.5595828294754028,0.5252634882926941,0.47048136591911316,0.7029606699943542,0.6214048862457275,0.44635799527168274,0.9989963173866272,0.5628180503845215,0.44875526428222656,0.9996359944343567,0.6216765642166138,0.5745265483856201,0.9391425848007202,0.6070189476013184,0.5743513107299805,0.9678871035575867,0.578766405582428,0.6956759691238403,0.9161320924758911,0.6657004356384277,0.6726536154747009,0.9746121168136597,0.568852424621582,0.7091334462165833,0.8160887360572815,0.6781066060066223,0.6852306127548218,0.8600121736526489,0.5825396180152893,0.7357456684112549,0.9105735421180725,0.6434988975524902,0.7149770855903625,0.9617242813110352
196,0.586732029914856,0.19449539482593536,0.9999593496322632,0.5917205214500427,0.18333213031291962,0.9998914003372192,0.5952273011207581,0.18318606913089752,0.9998757243156433,0.5987218618392944,0.18319949507713318,0.9998815655708313,0.5769627690315247,0.18468113243579865,0.9999167919158936,0.5714008808135986,0.18575622141361237,0.9999055862426758,0.5666030645370483,0.1869211345911026,0.9999213218688965,0.6042865514755249,0.19099988043308258,0.9997676610946655,0.559637188911438,0.19605788588523865,0.9998247623443604,0.5954643487930298,0.21010367572307587,0.9999476671218872,0.5774533152580261,0.2110835462808609,0.9999594688415527,0.645641565322876,0.28528541326522827,0.999352753162384,0.5281421542167664,0.2912996709346771,0.9998593926429749,0.6453114748001099,0.37662413716316223,0.8022724986076355,0.5127270817756653,0.38236600160598755,0.9342465996742249,0.6423770189285278,0.4470668435096741,0.5813435316085815,0.5152453780174255,0.4603017270565033,0.7681313157081604,0.6370793581008911,0.47063639760017395,0.5218064785003662,0.5151504278182983,0.4851854145526886,0.6826991438865662,0.6345890760421753,0.470950186252594,0.532930850982666,0.521555483341217,0.4863283038139343,0.6975739598274231,0.6343156099319458,0.46309784054756165,0.5224566459655762,0.5258716344833374,0.4762188792228699,0.6859234571456909,0.6197710037231445,0.4586014747619629,0.999055027961731,0.5612692832946777,0.45897164940834045,0.9996110200881958,0.6159602403640747,0.5992570519447327,0.941544234752655,0.5967954397201538,0.5843926072120667,0.9683703780174255,0.5725007653236389,0.7280005812644958,0.9235793948173523,0.6605881452560425,0.6461565494537354,0.969347357749939,0.5610365867614746,0.74251389503479,0.8275534510612488,0.6783697605133057,0.6454076766967773,0.851894736289978,0.5848864912986755,0.7687211036682129,0.9177817106246948,0.6784625053405762,0.6997030973434448,0.9575867056846619
197,0.5868531465530396,0.19483348727226257,0.9999545216560364,0.591732382774353,0.18366742134094238,0.9998900890350342,0.5952498316764832,0.1836218535900116,0.9998753070831299,0.5986257195472717,0.18356457352638245,0.9998815655708313,0.5769644975662231,0.1857462078332901,0.9999099373817444,0.5713891983032227,0.1871098428964615,0.9998967051506042,0.5665467381477356,0.18866533041000366,0.9999136924743652,0.6041640639305115,0.19168804585933685,0.9997592568397522,0.5596855282783508,0.19824379682540894,0.9998184442520142,0.5956949591636658,0.21091781556606293,0.9999483823776245,0.5775635838508606,0.213105708360672,0.999956488609314,0.6466129422187805,0.2862568199634552,0.999377965927124,0.5280351638793945,0.2940790057182312,0.9998195767402649,0.6473293304443359,0.37459293007850647,0.8025566339492798,0.5133153200149536,0.38318052887916565,0.9324358701705933,0.6433591842651367,0.44801855087280273,0.56257164478302,0.5172890424728394,0.45708873867988586,0.7396061420440674,0.637639045715332,0.47105175256729126,0.5029597282409668,0.517613410949707,0.4815710783004761,0.6528390645980835,0.634967565536499,0.4721069633960724,0.5145084857940674,0.5221530199050903,0.4819139838218689,0.6685577034950256,0.6343726515769958,0.46469467878341675,0.5045153498649597,0.5254078507423401,0.4727443754673004,0.6589199900627136,0.6190981268882751,0.46355217695236206,0.9990922808647156,0.5600451231002808,0.4639149606227875,0.9994528889656067,0.6149779558181763,0.6079602837562561,0.9416869878768921,0.5899813771247864,0.5927000045776367,0.9654511213302612,0.5729688405990601,0.7349359393119812,0.9286906719207764,0.6485127210617065,0.6070135235786438,0.9306444525718689,0.5631824135780334,0.748803436756134,0.8356833457946777,0.6605752110481262,0.6078352332115173,0.8123587369918823,0.5936843752861023,0.7722676396369934,0.9223926067352295,0.6823794841766357,0.6331683397293091,0.9259011745452881
198,0.5867162346839905,0.19198200106620789,0.9999341368675232,0.5916149616241455,0.18170201778411865,0.9998671412467957,0.5951991677284241,0.1816723346710205,0.9998562335968018,0.5985665917396545,0.18177038431167603,0.9998642206192017,0.5769370794296265,0.18321990966796875,0.9998684525489807,0.5713188052177429,0.18427592515945435,0.9998500347137451,0.5665274858474731,0.18558692932128906,0.9998701214790344,0.6042943596839905,0.18925581872463226,0.9997082948684692,0.5596005320549011,0.19554193317890167,0.9997441172599792,0.5957391262054443,0.20782555639743805,0.999937117099762,0.577458918094635,0.21023818850517273,0.9999291300773621,0.6473456621170044,0.2838660478591919,0.9993845820426941,0.5276790857315063,0.2913753390312195,0.9997137188911438,0.6475039720535278,0.3765438497066498,0.7810674905776978,0.5134884119033813,0.38300955295562744,0.9180200695991516,0.6423470377922058,0.45648109912872314,0.5207760334014893,0.5211676359176636,0.4565232992172241,0.6837952733039856,0.6368945837020874,0.47681915760040283,0.46512702107429504,0.5224210023880005,0.4785492718219757,0.6021600365638733,0.633621871471405,0.477276474237442,0.47637730836868286,0.5267391800880432,0.47876980900764465,0.6170969009399414,0.633002758026123,0.4705955386161804,0.4684612452983856,0.5283020734786987,0.47069889307022095,0.6100955009460449,0.6185268759727478,0.4607861042022705,0.9991499185562134,0.559360682964325,0.46255484223365784,0.9993019700050354,0.6193290948867798,0.6012325882911682,0.9386037588119507,0.5764796137809753,0.5985535383224487,0.96064692735672,0.5794004201889038,0.7315837144851685,0.9328175783157349,0.5930812954902649,0.5446280837059021,0.859173595905304,0.5702064037322998,0.7477705478668213,0.8336643576622009,0.603326678276062,0.5255147814750671,0.7494212985038757,0.603444516658783,0.7717037796974182,0.9262062907218933,0.6032650470733643,0.5731680989265442,0.8652927279472351
199,0.585267961025238,0.1888013780117035,0.9999234676361084,0.5902842879295349,0.1760673075914383,0.9998480677604675,0.5943934321403503,0.17574414610862732,0.9998422861099243,0.5979344844818115,0.17563381791114807,0.9998517036437988,0.5755621790885925,0.17810401320457458,0.9998220205307007,0.5702980756759644,0.17880359292030334,0.9997904896736145,0.5654708743095398,0.17967401444911957,0.9998014569282532,0.6033512949943542,0.18238955736160278,0.9996902942657471,0.5593749284744263,0.18785452842712402,0.9996415376663208,0.5952491760253906,0.2026280015707016,0.999934732913971,0.576667308807373,0.20525027811527252,0.9999186396598816,0.6471526622772217,0.27549493312835693,0.9994397163391113,0.5271997451782227,0.2793230712413788,0.9996663928031921,0.6512080430984497,0.37319180369377136,0.798454225063324,0.5134537816047668,0.3663172721862793,0.9105098247528076,0.6516701579093933,0.45714521408081055,0.5489698052406311,0.5200538039207458,0.4397418200969696,0.649529218673706,0.657107949256897,0.4830406606197357,0.4940977394580841,0.520856499671936,0.4639066159725189,0.5696737766265869,0.6530935764312744,0.4844059348106384,0.5052018165588379,0.5255533456802368,0.4620060324668884,0.5857272148132324,0.64691162109375,0.4753543436527252,0.4951655864715576,0.5274564027786255,0.455077201128006,0.5828585624694824,0.6187340021133423,0.4588410258293152,0.9992122650146484,0.5584844946861267,0.45531854033470154,0.9991334080696106,0.619093120098114,0.5963085889816284,0.9357454180717468,0.5653747320175171,0.5887492895126343,0.9457278847694397,0.5889154076576233,0.7267962694168091,0.9363447427749634,0.5868933200836182,0.515556275844574,0.7884337902069092,0.5791017413139343,0.7460805177688599,0.839189350605011,0.5953822135925293,0.4997623562812805,0.6973559856414795,0.6118527054786682,0.7702257037162781,0.9295175671577454,0.5880304574966431,0.5374811887741089,0.8057231903076172
200,0.5852499008178711,0.1643080711364746,0.9999273419380188,0.5902263522148132,0.15085017681121826,0.999853789806366,0.5943712592124939,0.1507667452096939,0.9998493194580078,0.5978929400444031,0.15089216828346252,0.9998583197593689,0.5755248665809631,0.1525518000125885,0.9998251795768738,0.5702585577964783,0.15381291508674622,0.9997934103012085,0.565430223941803,0.154888316988945,0.9997985363006592,0.6027204990386963,0.15728940069675446,0.999703049659729,0.5593476295471191,0.16393136978149414,0.9996522068977356,0.5952059030532837,0.17858263850212097,0.9999375343322754,0.5766167044639587,0.1797088384628296,0.9999192357063293,0.6471521854400635,0.25081294775009155,0.9994921684265137,0.5267913937568665,0.25547364354133606,0.9996601343154907,0.6507655382156372,0.35392919182777405,0.8110358119010925,0.5134726762771606,0.34230560064315796,0.9023147821426392,0.6540091037750244,0.4404730498790741,0.5709207653999329,0.5179516673088074,0.41970521211624146,0.6175771951675415,0.6612621545791626,0.4679339826107025,0.5167993903160095,0.5134816765785217,0.4391275942325592,0.541105329990387,0.6579105257987976,0.4695186913013458,0.5287454724311829,0.5168306231498718,0.43999895453453064,0.5573771595954895,0.6510752439498901,0.4602892994880676,0.5174212455749512,0.5234044194221497,0.43359217047691345,0.5574063062667847,0.6184790134429932,0.43363890051841736,0.9992825388908386,0.5564697980880737,0.4277782738208771,0.999106228351593,0.6181637644767761,0.5848748683929443,0.9369244575500488,0.5462319254875183,0.556537389755249,0.9442548155784607,0.5973819494247437,0.723407506942749,0.9408705830574036,0.48489922285079956,0.46847090125083923,0.7441087365150452,0.5882552862167358,0.740361213684082,0.8463655710220337,0.4832535684108734,0.448316365480423,0.6616678237915039,0.6187176704406738,0.7691363096237183,0.9338125586509705,0.45334967970848083,0.481623113155365,0.7660015821456909
201,0.5852607488632202,0.13659192621707916,0.9999308586120605,0.5902044773101807,0.12369313836097717,0.9998593330383301,0.5943794250488281,0.12391946464776993,0.9998556971549988,0.5978476405143738,0.1242830902338028,0.9998641610145569,0.5754624009132385,0.12492240965366364,0.9998301863670349,0.5701967477798462,0.1261879950761795,0.9997981786727905,0.5652133822441101,0.12757037580013275,0.9997999668121338,0.6025374531745911,0.13239990174770355,0.9997146129608154,0.5589793920516968,0.13775093853473663,0.9996715188026428,0.5951529145240784,0.15400299429893494,0.9999411702156067,0.5764092803001404,0.1552344709634781,0.9999228119850159,0.6470496654510498,0.22626416385173798,0.999539315700531,0.5247589349746704,0.23045586049556732,0.9996758103370667,0.6504586338996887,0.32740136981010437,0.8122720122337341,0.5126321911811829,0.32172831892967224,0.900737464427948,0.6538236141204834,0.4123799502849579,0.5690407156944275,0.5077981352806091,0.40627291798591614,0.5942198038101196,0.6596030592918396,0.4364621341228485,0.5178378224372864,0.5016356706619263,0.42789867520332336,0.518252968788147,0.6569147706031799,0.4378124177455902,0.5307533144950867,0.49846431612968445,0.431439071893692,0.5347710251808167,0.6504865288734436,0.42888587713241577,0.5177834033966064,0.5096939206123352,0.4213121235370636,0.5379281044006348,0.6185964345932007,0.41561490297317505,0.9993483424186707,0.5562171339988708,0.4113937020301819,0.9991258382797241,0.6180346608161926,0.5802307724952698,0.9398424029350281,0.5434698462486267,0.5424624681472778,0.9458196759223938,0.6050561666488647,0.720271646976471,0.9455740451812744,0.48853233456611633,0.46739375591278076,0.708295464515686,0.593690037727356,0.7357890009880066,0.8544555902481079,0.4882492423057556,0.4447660744190216,0.6278114318847656,0.6279979944229126,0.7693616151809692,0.938426673412323,0.4591372311115265,0.4875200390815735,0.7338932156562805
202,0.5856713652610779,0.11447256803512573,0.999935507774353,0.5905497074127197,0.10166304558515549,0.9998680353164673,0.5946582555770874,0.10184832662343979,0.999864935874939,0.5979495644569397,0.10220242291688919,0.9998723864555359,0.5756241083145142,0.10256189852952957,0.9998408555984497,0.5702077150344849,0.10380039364099503,0.999811053276062,0.5651861429214478,0.10527567565441132,0.9998108148574829,0.6025247573852539,0.11001300811767578,0.9997290968894958,0.5587882995605469,0.11494935303926468,0.9996987581253052,0.5952171683311462,0.131917804479599,0.999944806098938,0.576389491558075,0.1329047530889511,0.9999276995658875,0.6471093893051147,0.20102351903915405,0.9995825886726379,0.5238713026046753,0.21016713976860046,0.9997037053108215,0.6499810218811035,0.2986052632331848,0.8106809854507446,0.5120516419410706,0.3055056631565094,0.9052128195762634,0.6523905992507935,0.3886224925518036,0.5759646892547607,0.5022194385528564,0.3919936418533325,0.5992804169654846,0.654624879360199,0.41289904713630676,0.525469183921814,0.4972614347934723,0.4150864779949188,0.5215678811073303,0.6512632966041565,0.4142584800720215,0.5391957759857178,0.49622124433517456,0.41552743315696716,0.5376783609390259,0.6476048231124878,0.4054356515407562,0.5248566269874573,0.5038663744926453,0.408132940530777,0.5416907668113708,0.6188535690307617,0.39847075939178467,0.9994086027145386,0.5560915470123291,0.3946419656276703,0.9991820454597473,0.6176478862762451,0.5603792071342468,0.9393477439880371,0.5450731515884399,0.531751275062561,0.949959397315979,0.6075159907341003,0.7130956649780273,0.949817419052124,0.4755527973175049,0.4482174217700958,0.710473895072937,0.5933655500411987,0.7286127805709839,0.8635630011558533,0.47271841764450073,0.4231767952442169,0.6180116534233093,0.6354418396949768,0.7619267106056213,0.9426965713500977,0.4414669871330261,0.4685414135456085,0.7315264344215393
203,0.5864661931991577,0.09644897282123566,0.9999334216117859,0.5912652015686035,0.083727166056633,0.9998577237129211,0.595229983329773,0.08398853242397308,0.9998564720153809,0.5984567999839783,0.08440405875444412,0.9998633861541748,0.5762050151824951,0.08463148772716522,0.9998316764831543,0.570647656917572,0.08575212210416794,0.9997999668121338,0.5655367374420166,0.08727867901325226,0.9997923970222473,0.6029559969902039,0.09227698296308517,0.999692976474762,0.5587500333786011,0.09705061465501785,0.9997002482414246,0.595904529094696,0.11245313286781311,0.9999395608901978,0.5769751071929932,0.11275065690279007,0.9999215602874756,0.647633969783783,0.18512475490570068,0.9996166229248047,0.5236014723777771,0.1966651976108551,0.9997184872627258,0.6480789184570312,0.28358495235443115,0.8115862011909485,0.513993501663208,0.29091623425483704,0.9094321727752686,0.6506321430206299,0.3715229034423828,0.5836166739463806,0.5035602450370789,0.3782692849636078,0.6059412956237793,0.6528952717781067,0.3977494239807129,0.5353714227676392,0.49955809116363525,0.4034344255924225,0.5256092548370361,0.6500685214996338,0.3988702893257141,0.5494654774665833,0.5002397298812866,0.40181371569633484,0.5426859855651855,0.6466036438941956,0.3898380398750305,0.5325733423233032,0.506639838218689,0.3937945067882538,0.5483183264732361,0.6202715635299683,0.38720083236694336,0.9994567632675171,0.5561460852622986,0.382561057806015,0.9991979598999023,0.6182524561882019,0.5467650890350342,0.9403826594352722,0.5610033273696899,0.5204293727874756,0.9518267512321472,0.6063817739486694,0.7050361037254333,0.9531928896903992,0.48860660195350647,0.4572114646434784,0.6928819417953491,0.5912326574325562,0.721326470375061,0.8705977201461792,0.48361125588417053,0.4358663260936737,0.5972725749015808,0.6369112133979797,0.7572759985923767,0.9459081292152405,0.45802003145217896,0.484455406665802,0.714417040348053
204,0.5870508551597595,0.08299187570810318,0.9999340772628784,0.5917128324508667,0.06934355944395065,0.9998570084571838,0.595596194267273,0.06934002041816711,0.9998569488525391,0.5987332463264465,0.06914490461349487,0.9998629689216614,0.576653778553009,0.07089723646640778,0.9998317956924438,0.5710052251815796,0.07179879397153854,0.9998010993003845,0.5659356713294983,0.0726761594414711,0.9997902512550354,0.6035690903663635,0.077135369181633,0.9996795058250427,0.5587364435195923,0.08276495337486267,0.9997127652168274,0.5965725183486938,0.09900011122226715,0.9999387264251709,0.5776903629302979,0.0997505933046341,0.9999204277992249,0.6491712331771851,0.1745259016752243,0.9996474981307983,0.5241084098815918,0.18110482394695282,0.9997386932373047,0.6479207277297974,0.2741145193576813,0.808320164680481,0.5148680210113525,0.27587825059890747,0.9132096767425537,0.6483497023582458,0.3611215353012085,0.5838761925697327,0.5042989253997803,0.36325573921203613,0.6130519509315491,0.6473670601844788,0.38788121938705444,0.5367246866226196,0.5008510947227478,0.39131757616996765,0.5317456126213074,0.6461026668548584,0.3878893256187439,0.5513684749603271,0.5020714402198792,0.39031487703323364,0.5485652685165405,0.6432075500488281,0.3780825734138489,0.5331950187683105,0.5082082152366638,0.38125869631767273,0.5546086430549622,0.6204000115394592,0.3722253143787384,0.9995036125183105,0.5560487508773804,0.3662635385990143,0.9992424845695496,0.6179880499839783,0.5332652926445007,0.9415158033370972,0.5554049015045166,0.5076863765716553,0.955123782157898,0.603863537311554,0.6935625076293945,0.9565883874893188,0.48703643679618835,0.45416975021362305,0.686997652053833,0.5899438858032227,0.709333598613739,0.8772255182266235,0.48222020268440247,0.4317861795425415,0.5816662311553955,0.635087788105011,0.7492406368255615,0.9492511749267578,0.4588427245616913,0.4844300150871277,0.7056803107261658
205,0.5878311991691589,0.07678132504224777,0.9999327063560486,0.5929047465324402,0.06428126990795135,0.9998468160629272,0.5965073704719543,0.06414689123630524,0.9998474717140198,0.5998454093933105,0.06417670845985413,0.9998528361320496,0.5781964063644409,0.06531369686126709,0.999823272228241,0.5722116827964783,0.06613558530807495,0.9997934699058533,0.5671182870864868,0.06696318835020065,0.9997793436050415,0.6054689884185791,0.07129166275262833,0.9996148943901062,0.5591484904289246,0.07655885070562363,0.999702513217926,0.5970520377159119,0.0918581634759903,0.999933123588562,0.5785903334617615,0.093074269592762,0.9999114871025085,0.6491727828979492,0.16700558364391327,0.9996698498725891,0.5265260338783264,0.16911090910434723,0.9997522830963135,0.6478016376495361,0.2689264416694641,0.8115073442459106,0.5157427191734314,0.2647596001625061,0.91898113489151,0.6482449173927307,0.35428857803344727,0.5994629859924316,0.5047191977500916,0.3504059612751007,0.6351103782653809,0.647250235080719,0.3802720308303833,0.5509119033813477,0.5016108155250549,0.37770017981529236,0.5542752146720886,0.6458985805511475,0.3820327818393707,0.566160261631012,0.5031290054321289,0.37740153074264526,0.5705235600471497,0.6428139209747314,0.3722861111164093,0.5479297637939453,0.5084987878799438,0.3680199384689331,0.5754814147949219,0.6203044056892395,0.3601052463054657,0.9995440244674683,0.5561258792877197,0.35340631008148193,0.9992820024490356,0.6158843636512756,0.5127463936805725,0.9443778991699219,0.5558799505233765,0.4982761740684509,0.957638680934906,0.6026843190193176,0.6815047264099121,0.9595283269882202,0.4897710978984833,0.47994714975357056,0.6835984587669373,0.589361846446991,0.6989682912826538,0.8815666437149048,0.48517438769340515,0.4646109640598297,0.5626716017723083,0.6321023106575012,0.7381905317306519,0.9520174860954285,0.46848148107528687,0.5182867050170898,0.7004354596138
206,0.5891180038452148,0.07259507477283478,0.9999328255653381,0.5944094061851501,0.05989661067724228,0.999843418598175,0.5979984998703003,0.06002286821603775,0.999845027923584,0.6020267605781555,0.06045303866267204,0.9998494386672974,0.5799230337142944,0.06013506278395653,0.9998194575309753,0.5734773874282837,0.06100606918334961,0.9997907876968384,0.5680159330368042,0.061852846294641495,0.9997721910476685,0.6077513098716736,0.06776753067970276,0.9995779395103455,0.5599007606506348,0.0711265355348587,0.999697744846344,0.5979265570640564,0.09073714911937714,0.9999290108680725,0.5795885324478149,0.09186599403619766,0.9999053478240967,0.6497215032577515,0.16470032930374146,0.9996930956840515,0.5265977382659912,0.16385798156261444,0.9997650384902954,0.6477138996124268,0.2673852741718292,0.8152926564216614,0.5161097049713135,0.2623450458049774,0.9240959286689758,0.6480315923690796,0.3555055558681488,0.6186965703964233,0.5050550103187561,0.3509851098060608,0.6555848121643066,0.6483341455459595,0.38287243247032166,0.5702059864997864,0.5021225214004517,0.37980830669403076,0.5749375820159912,0.6472564935684204,0.38442057371139526,0.5855662226676941,0.5029489994049072,0.37820786237716675,0.5909806489944458,0.6435775756835938,0.37522003054618835,0.5664701461791992,0.507838249206543,0.3689379394054413,0.5954753160476685,0.6194201707839966,0.3593134880065918,0.9995808601379395,0.5553387999534607,0.35226091742515564,0.9993187189102173,0.615450918674469,0.5128332376480103,0.946075975894928,0.5536993741989136,0.4914872944355011,0.9597501754760742,0.6015894412994385,0.6763800978660583,0.9620357751846313,0.4949549734592438,0.4895561933517456,0.6826722621917725,0.5890657901763916,0.6955146193504333,0.8875732421875,0.4875354468822479,0.4764443337917328,0.5497311353683472,0.6332882046699524,0.7333825826644897,0.9547154307365417,0.4809114634990692,0.528014600276947,0.6986731886863708
207,0.59141606092453,0.06825436651706696,0.9999330043792725,0.596709132194519,0.05530199036002159,0.99984210729599,0.6006674766540527,0.05539003014564514,0.9998441934585571,0.6057114005088806,0.055675409734249115,0.9998483061790466,0.5820375084877014,0.05563656613230705,0.9998169541358948,0.5754454135894775,0.056333042681217194,0.9997873306274414,0.5695555806159973,0.057539202272892,0.9997645020484924,0.6112484335899353,0.06450144946575165,0.999553382396698,0.5611945390701294,0.06918041408061981,0.9996861219406128,0.5995859503746033,0.087220698595047,0.9999257326126099,0.5809025168418884,0.08835413306951523,0.99989914894104,0.6525478363037109,0.16232207417488098,0.9997129440307617,0.5265845656394958,0.16342602670192719,0.9997687935829163,0.6501667499542236,0.2630367577075958,0.8194636106491089,0.5164753794670105,0.26127636432647705,0.9262609481811523,0.6491551399230957,0.3531303107738495,0.63433837890625,0.5052770972251892,0.35066941380500793,0.6657198667526245,0.6506868004798889,0.3790367543697357,0.5854387879371643,0.5023336410522461,0.37888768315315247,0.5843397378921509,0.6487659215927124,0.3802015483379364,0.6007905602455139,0.5025809407234192,0.3774973154067993,0.6007623672485352,0.6448130011558533,0.3723132312297821,0.5802091956138611,0.5075342059135437,0.36863720417022705,0.6054825186729431,0.6193500757217407,0.3626531958580017,0.9996134638786316,0.5546687245368958,0.35523366928100586,0.9993454217910767,0.6154206991195679,0.5167890191078186,0.9481991529464722,0.5517221093177795,0.49654075503349304,0.9610571265220642,0.6027556657791138,0.6761478185653687,0.9645520448684692,0.5023407340049744,0.4914044141769409,0.6777476072311401,0.588124692440033,0.6963332891464233,0.8938283324241638,0.4979904890060425,0.47949156165122986,0.5357116460800171,0.6400169134140015,0.7320858240127563,0.9574032425880432,0.48607200384140015,0.5274547338485718,0.69325190782547
208,0.5938217043876648,0.07054584473371506,0.9999313950538635,0.5988460779190063,0.05734165385365486,0.9998347163200378,0.6030580997467041,0.05747106298804283,0.9998388290405273,0.60845947265625,0.05759425088763237,0.9998422861099243,0.5843457579612732,0.05841987580060959,0.9998072981834412,0.578144371509552,0.05941954627633095,0.9997764229774475,0.5718427896499634,0.060623809695243835,0.999747097492218,0.6135789155960083,0.06627330929040909,0.9995316863059998,0.5639086961746216,0.07101540267467499,0.9996662139892578,0.6015088558197021,0.08857288956642151,0.9999215006828308,0.5830799341201782,0.08931415528059006,0.9998912811279297,0.656183660030365,0.16406068205833435,0.9997292160987854,0.5277388691902161,0.16469651460647583,0.9997658133506775,0.6543370485305786,0.2673526704311371,0.8304187059402466,0.5184714198112488,0.2646048367023468,0.9291091561317444,0.6530402898788452,0.35921967029571533,0.6569744348526001,0.5060266852378845,0.35617968440055847,0.6755411028862,0.6559004187583923,0.3859897255897522,0.6093503832817078,0.5029441714286804,0.38320404291152954,0.5916160345077515,0.6523655652999878,0.38667237758636475,0.6238308548927307,0.5029182434082031,0.3827778398990631,0.6093946695327759,0.6483181118965149,0.3790552020072937,0.6020341515541077,0.5077039003372192,0.37412646412849426,0.6166872382164001,0.6194548010826111,0.3656008541584015,0.9996388554573059,0.5539854764938354,0.35811373591423035,0.9993584752082825,0.6154524087905884,0.5232930779457092,0.9507341980934143,0.5523766279220581,0.4949672818183899,0.9615706205368042,0.6051250696182251,0.6774892807006836,0.966646134853363,0.5078334212303162,0.48546141386032104,0.6606945991516113,0.5885636806488037,0.6965062618255615,0.8997793197631836,0.5025633573532104,0.4731813073158264,0.5202811360359192,0.6459057927131653,0.7314320206642151,0.9596346616744995,0.4899173378944397,0.5234004259109497,0.6780472993850708
209,0.5958598256111145,0.07500781118869781,0.9999123215675354,0.6002959609031677,0.06256826967000961,0.9997984766960144,0.6042246222496033,0.06280418485403061,0.9998075366020203,0.6093555688858032,0.06314948946237564,0.9998143315315247,0.5859767198562622,0.06306365132331848,0.9997552633285522,0.5798775553703308,0.06383310258388519,0.9997111558914185,0.5737704038619995,0.06496711075305939,0.9996700882911682,0.6142160296440125,0.07186973094940186,0.9994392395019531,0.565690815448761,0.07512528449296951,0.9995178580284119,0.6033022999763489,0.09188391268253326,0.9999024271965027,0.5846414566040039,0.09199745208024979,0.99985271692276,0.6577995419502258,0.1697946935892105,0.9997252225875854,0.5287134647369385,0.1698659211397171,0.9996643662452698,0.6555091142654419,0.27252721786499023,0.8360685706138611,0.5220898389816284,0.27012819051742554,0.9145272970199585,0.6535217761993408,0.36440354585647583,0.6573185324668884,0.5126466155052185,0.3608928322792053,0.6416348814964294,0.6562751531600952,0.3913067579269409,0.6065836548805237,0.5113856196403503,0.3866657614707947,0.5603912472724915,0.6525582075119019,0.39207616448402405,0.6210203766822815,0.5149556994438171,0.38677647709846497,0.5780479907989502,0.648679792881012,0.3842005133628845,0.5976282954216003,0.5172627568244934,0.3782348334789276,0.5867955684661865,0.6194765567779541,0.3717084228992462,0.999641478061676,0.5506823062896729,0.3654673993587494,0.9992495775222778,0.6154645681381226,0.5237253904342651,0.9506604671478271,0.5499770641326904,0.4983420968055725,0.956009030342102,0.6056622862815857,0.6788228154182434,0.9671239256858826,0.5300441980361938,0.5160210728645325,0.6290404796600342,0.5892966389656067,0.6972845792770386,0.8998143672943115,0.5326966047286987,0.5115510821342468,0.48766881227493286,0.6467922329902649,0.732075572013855,0.9595397710800171,0.525668740272522,0.5504058599472046,0.6491639018058777
210,0.5961021184921265,0.08008332550525665,0.9999111890792847,0.6008097529411316,0.06753122806549072,0.999795138835907,0.6044171452522278,0.0677926242351532,0.9998041987419128,0.609194815158844,0.06807254999876022,0.9998126029968262,0.5864620208740234,0.06825713813304901,0.999751627445221,0.5804520845413208,0.06926944106817245,0.9997045993804932,0.5746999382972717,0.0704684853553772,0.9996638298034668,0.6149665117263794,0.0770026296377182,0.9994284510612488,0.5675371289253235,0.08045756071805954,0.9994899034500122,0.6038409471511841,0.096262127161026,0.9999026656150818,0.5854864120483398,0.09656587988138199,0.9998501539230347,0.6598665118217468,0.17570185661315918,0.9997381567955017,0.5304959416389465,0.1763180047273636,0.999652087688446,0.6594859957695007,0.27709823846817017,0.843548059463501,0.5208892226219177,0.2747817635536194,0.9135832190513611,0.6568988561630249,0.3650563657283783,0.6733675599098206,0.5124754309654236,0.364936500787735,0.6391310095787048,0.6589553952217102,0.39331763982772827,0.6210607290267944,0.5110612511634827,0.39016592502593994,0.556861400604248,0.654303252696991,0.3931354582309723,0.6353762745857239,0.514579713344574,0.38991329073905945,0.573922336101532,0.650917112827301,0.38497671484947205,0.611677885055542,0.5173774361610413,0.3816072344779968,0.5821937322616577,0.620644211769104,0.3726005256175995,0.9996628761291504,0.5506916046142578,0.3666447401046753,0.9992727041244507,0.6185144782066345,0.5266373753547668,0.9532355666160583,0.5508829951286316,0.5113365054130554,0.9564123153686523,0.605384349822998,0.68031907081604,0.9682952761650085,0.5443294644355774,0.5703030228614807,0.6275770664215088,0.5900090336799622,0.6988760828971863,0.8985369801521301,0.5487119555473328,0.5729884505271912,0.4668378233909607,0.6436097621917725,0.7349629998207092,0.9606486558914185,0.5466229319572449,0.6274399161338806,0.6508458256721497
211,0.5968562960624695,0.08816052973270416,0.9999180436134338,0.6018350720405579,0.07422246783971786,0.9998089671134949,0.6051406264305115,0.07392078638076782,0.9998174905776978,0.609815776348114,0.07363045960664749,0.9998241662979126,0.5876908898353577,0.07659832388162613,0.999767541885376,0.5819441080093384,0.07784151285886765,0.9997250437736511,0.5763101577758789,0.07902521640062332,0.9996874332427979,0.6168023347854614,0.08258316665887833,0.9994721412658691,0.5693957209587097,0.08716778457164764,0.9995234608650208,0.6051744222640991,0.10227477550506592,0.9999096393585205,0.5874641537666321,0.10320752114057541,0.9998608231544495,0.6621021032333374,0.17996491491794586,0.9997550845146179,0.5321739912033081,0.18023651838302612,0.9996716380119324,0.6621571183204651,0.28416234254837036,0.8539378046989441,0.5206024050712585,0.2774263322353363,0.916291356086731,0.6606124639511108,0.37134620547294617,0.6952139139175415,0.512971043586731,0.3737589418888092,0.6613004207611084,0.663105845451355,0.39869558811187744,0.6393815279006958,0.5108847618103027,0.40077823400497437,0.5796916484832764,0.658170759677887,0.3974986970424652,0.6531506776809692,0.5142279267311096,0.4016914665699005,0.5955748558044434,0.654784619808197,0.38922548294067383,0.6295518279075623,0.5175420045852661,0.3922962546348572,0.6018278002738953,0.6218520402908325,0.39182087779045105,0.9996705055236816,0.5506799817085266,0.3883511424064636,0.9993194341659546,0.6191056370735168,0.541570782661438,0.9569729566574097,0.5502694249153137,0.5456899404525757,0.9599785208702087,0.6049981713294983,0.6889216303825378,0.9705027341842651,0.5555540919303894,0.6791622042655945,0.663963794708252,0.5910481810569763,0.7043273448944092,0.9013590216636658,0.5597940683364868,0.6941258311271667,0.5066018104553223,0.6367698907852173,0.7455161213874817,0.9633277654647827,0.545997679233551,0.7375491857528687,0.6845727562904358
212,0.5973837375640869,0.1105712279677391,0.9999220371246338,0.602989912033081,0.09862284362316132,0.9998109936714172,0.6062068939208984,0.09842528402805328,0.9998202919960022,0.6109000444412231,0.0985095202922821,0.9998243451118469,0.58873051404953,0.10017593204975128,0.9997690320014954,0.5828568935394287,0.10138878226280212,0.9997311234474182,0.5771702527999878,0.10252372920513153,0.9996961951255798,0.6181555986404419,0.10610198229551315,0.9994925260543823,0.5706819891929626,0.11023450642824173,0.999521017074585,0.6057941913604736,0.12627218663692474,0.999911904335022,0.588063657283783,0.13002005219459534,0.9998636841773987,0.6634100675582886,0.20358772575855255,0.9997562766075134,0.5326550602912903,0.20314110815525055,0.9996790885925293,0.6657764315605164,0.3086441159248352,0.8635658621788025,0.5257049798965454,0.2999911904335022,0.9187113642692566,0.6657674908638,0.3926328420639038,0.7160269021987915,0.514830470085144,0.3814937174320221,0.6856873631477356,0.6688862442970276,0.417619913816452,0.658100962638855,0.5112468004226685,0.40830039978027344,0.6073105931282043,0.6645904183387756,0.4173504412174225,0.6714531183242798,0.5145024061203003,0.40930283069610596,0.6223937273025513,0.6605479121208191,0.4092904329299927,0.6480720043182373,0.5182957649230957,0.39965811371803284,0.6266166567802429,0.6231266260147095,0.413354754447937,0.9996188282966614,0.5506609678268433,0.4096032977104187,0.999339759349823,0.6176352500915527,0.560560941696167,0.9606173634529114,0.5487234592437744,0.5640551447868347,0.9635971188545227,0.6005071401596069,0.6959421038627625,0.9727602601051331,0.5512693524360657,0.715431809425354,0.6971917748451233,0.5910059809684753,0.7126211524009705,0.9041430354118347,0.5554094314575195,0.7325621843338013,0.5465876460075378,0.621006965637207,0.747002899646759,0.966092586517334,0.5377804040908813,0.7688102126121521,0.7154621481895447
213,0.5978257656097412,0.14026562869548798,0.9999274015426636,0.6039927005767822,0.1264781355857849,0.9998204112052917,0.6074721217155457,0.1264125406742096,0.9998286962509155,0.612384021282196,0.12622001767158508,0.9998317956924438,0.5889288783073425,0.12818419933319092,0.9997828006744385,0.5826089382171631,0.12961345911026,0.9997464418411255,0.5770012736320496,0.13125857710838318,0.9997132420539856,0.6197357177734375,0.1347145140171051,0.999525785446167,0.5702113509178162,0.14226655662059784,0.9995294809341431,0.6067104935646057,0.15800045430660248,0.9999140501022339,0.588228166103363,0.16067801415920258,0.9998685717582703,0.6644790768623352,0.23196525871753693,0.9997485876083374,0.5328701734542847,0.22939592599868774,0.9996912479400635,0.6683565974235535,0.33845728635787964,0.8733534812927246,0.529417097568512,0.3261856734752655,0.9129645228385925,0.6754729747772217,0.4243261516094208,0.7353473901748657,0.5162584781646729,0.4002551734447479,0.6899347901344299,0.679706335067749,0.4535878896713257,0.6764861941337585,0.5121110081672668,0.4287243187427521,0.6126994490623474,0.6752990484237671,0.4539062976837158,0.6891623735427856,0.5150284767150879,0.42942726612091064,0.6282011866569519,0.6701404452323914,0.4448540508747101,0.6657607555389404,0.518755316734314,0.4172198474407196,0.631452202796936,0.6236292719841003,0.4369051158428192,0.9995372295379639,0.5501289963722229,0.43204715847969055,0.9993810057640076,0.6184055805206299,0.5717593431472778,0.9635290503501892,0.5450922846794128,0.577807605266571,0.9669376611709595,0.6033401489257812,0.6954451203346252,0.9746753573417664,0.5472984910011292,0.7337640523910522,0.7271912097930908,0.5961650609970093,0.7133895754814148,0.9065932631492615,0.5510161519050598,0.7575778365135193,0.5867189168930054,0.6207871437072754,0.7464715838432312,0.9684410095214844,0.5036320090293884,0.7644347548484802,0.7433006763458252
214,0.5976336002349854,0.16329626739025116,0.999925434589386,0.6037700176239014,0.15076901018619537,0.9998081922531128,0.6075199842453003,0.15064498782157898,0.9998152256011963,0.6121109127998352,0.1507241278886795,0.9998172521591187,0.5886568427085876,0.1516183465719223,0.9997752904891968,0.5823911428451538,0.15234331786632538,0.9997326731681824,0.5769675970077515,0.15313377976417542,0.9996950030326843,0.6193116307258606,0.15742610394954681,0.9995183944702148,0.5700377821922302,0.16362382471561432,0.9994233846664429,0.6067960262298584,0.1803562343120575,0.9998885989189148,0.5880991816520691,0.18373608589172363,0.9998349547386169,0.6646146178245544,0.2565966248512268,0.9996758103370667,0.5341368913650513,0.2515462040901184,0.999661922454834,0.6689698696136475,0.36104997992515564,0.8800098896026611,0.5365965366363525,0.34382835030555725,0.8829647898674011,0.6775045990943909,0.44552111625671387,0.745945930480957,0.5272495746612549,0.4135756194591522,0.6665567755699158,0.6821441054344177,0.47391238808631897,0.6838112473487854,0.5238171815872192,0.43644702434539795,0.5929147601127625,0.6771179437637329,0.4743210971355438,0.6961811184883118,0.5261684656143188,0.4369618594646454,0.6089555025100708,0.6714965105056763,0.46509331464767456,0.6730456352233887,0.5298900008201599,0.4290584921836853,0.6124241948127747,0.6236419081687927,0.4507845938205719,0.9993836879730225,0.5500659346580505,0.4452425539493561,0.9993980526924133,0.6218793988227844,0.5765231847763062,0.9627193212509155,0.5401887893676758,0.5832098722457886,0.9689011573791504,0.6111376285552979,0.6962909698486328,0.9740950465202332,0.5275799036026001,0.7334842085838318,0.7538091540336609,0.6034994125366211,0.7136666178703308,0.9031803607940674,0.5366826057434082,0.7644343972206116,0.6210330724716187,0.6247110366821289,0.7403138875961304,0.9681739211082458,0.4634791612625122,0.7434396743774414,0.7676593661308289
215,0.597571074962616,0.17689868807792664,0.9999249577522278,0.6037017107009888,0.16343525052070618,0.999801516532898,0.6073424220085144,0.16322509944438934,0.9998083114624023,0.6118676662445068,0.16313579678535461,0.9998096823692322,0.5884270668029785,0.1651124358177185,0.9997689723968506,0.5822169780731201,0.16570313274860382,0.999721884727478,0.5768389701843262,0.16652223467826843,0.9996775984764099,0.6189393401145935,0.1700231432914734,0.9995257258415222,0.5706328749656677,0.17437005043029785,0.9993226528167725,0.6066319346427917,0.19115783274173737,0.9998758435249329,0.5880422592163086,0.19373703002929688,0.999812662601471,0.6642408967018127,0.2691664397716522,0.999655544757843,0.5372269749641418,0.26470884680747986,0.9996322393417358,0.6697009801864624,0.37218284606933594,0.8878083229064941,0.5405910611152649,0.3544163405895233,0.8415068984031677,0.6793709993362427,0.4633272886276245,0.7606826424598694,0.5304661989212036,0.4258885383605957,0.6437914967536926,0.6830186247825623,0.4874166250228882,0.6988436579704285,0.5234358310699463,0.4485947787761688,0.5770948529243469,0.678951621055603,0.48870980739593506,0.7108200192451477,0.5249694585800171,0.44925305247306824,0.5938248634338379,0.6740158796310425,0.48030543327331543,0.688048779964447,0.5335405468940735,0.4413079619407654,0.5971894860267639,0.6240659356117249,0.46415528655052185,0.9993184804916382,0.5506649017333984,0.4588373005390167,0.9994205236434937,0.6330339908599854,0.5850235819816589,0.9634808897972107,0.5334234833717346,0.5851944088935852,0.9710968136787415,0.6217948794364929,0.6972112655639648,0.9742957353591919,0.513343870639801,0.7222102880477905,0.777843713760376,0.6128371953964233,0.7140095233917236,0.9005005955696106,0.5209929347038269,0.7564234137535095,0.6537539958953857,0.6373974084854126,0.7372651696205139,0.9681058526039124,0.44613146781921387,0.7291558384895325,0.7895956039428711
216,0.5973461270332336,0.1752859503030777,0.9999168515205383,0.6035772562026978,0.16222664713859558,0.9997761249542236,0.6071985960006714,0.16223777830600739,0.9997838139533997,0.611684262752533,0.16210447251796722,0.9997884631156921,0.5878894925117493,0.1637512594461441,0.9997444152832031,0.582048773765564,0.16473492980003357,0.9996888637542725,0.5767822265625,0.16591496765613556,0.9996349215507507,0.6187169551849365,0.1699569970369339,0.9994913935661316,0.5708983540534973,0.17509429156780243,0.9990686774253845,0.6065096855163574,0.19101950526237488,0.9998396039009094,0.5880178809165955,0.19176457822322845,0.9997643232345581,0.6639780402183533,0.2702062129974365,0.9995975494384766,0.5382742881774902,0.26630648970603943,0.9995110034942627,0.6702296733856201,0.3743788003921509,0.8934643268585205,0.5425900220870972,0.3571873605251312,0.7908676266670227,0.6793044805526733,0.4640771150588989,0.7665475010871887,0.536638617515564,0.4371112883090973,0.5947484374046326,0.6825920939445496,0.487836629152298,0.700427234172821,0.533969521522522,0.46286243200302124,0.5343958735466003,0.6781764030456543,0.4889216125011444,0.7125418782234192,0.5357987880706787,0.4627007246017456,0.5504375696182251,0.67335045337677,0.4812079071998596,0.6888651251792908,0.540490448474884,0.45315298438072205,0.5538408756256104,0.6256212592124939,0.4606413245201111,0.9992558360099792,0.5509308576583862,0.45705053210258484,0.999443769454956,0.6399608850479126,0.580777108669281,0.9650424718856812,0.5324469208717346,0.5879306793212891,0.9734448790550232,0.6354846954345703,0.6947590708732605,0.9750181436538696,0.5041345953941345,0.722737729549408,0.799669086933136,0.6269899606704712,0.7136985659599304,0.8991567492485046,0.5110313296318054,0.7575834393501282,0.6819742918014526,0.6511872410774231,0.734968900680542,0.9684789180755615,0.43820464611053467,0.7244672775268555,0.8097131848335266
217,0.5974619388580322,0.16802234947681427,0.9999198317527771,0.6039136052131653,0.15502800047397614,0.9997785091400146,0.608149528503418,0.15505635738372803,0.9997865557670593,0.6121920943260193,0.15541930496692657,0.9997910261154175,0.5879536271095276,0.15684032440185547,0.9997486472129822,0.5821096301078796,0.15802758932113647,0.9996923208236694,0.5767818689346313,0.1592191904783249,0.9996355772018433,0.6187530755996704,0.16395112872123718,0.9995136260986328,0.571342408657074,0.16775451600551605,0.9990475177764893,0.6067655682563782,0.18506993353366852,0.9998418092727661,0.5880030989646912,0.187279611825943,0.9997643828392029,0.6638583540916443,0.2632528245449066,0.9996094703674316,0.5379856824874878,0.25981032848358154,0.9995075464248657,0.6700587272644043,0.36529943346977234,0.9020693302154541,0.540437638759613,0.34524276852607727,0.772622287273407,0.679015040397644,0.45504918694496155,0.7859106063842773,0.533582329750061,0.4241325259208679,0.5857293605804443,0.6828444004058838,0.4821186363697052,0.7230616211891174,0.5306363105773926,0.45060068368911743,0.5289691090583801,0.6791788935661316,0.48310503363609314,0.7344523072242737,0.5324933528900146,0.45069193840026855,0.5456533432006836,0.6739004850387573,0.4753510355949402,0.7115662693977356,0.5368950963020325,0.4406285881996155,0.5478309392929077,0.62549889087677,0.4567551016807556,0.9992386698722839,0.5509446263313293,0.45389801263809204,0.9994787573814392,0.6361157298088074,0.580512285232544,0.9677615165710449,0.5310326218605042,0.596585750579834,0.9758642315864563,0.639063835144043,0.694107174873352,0.9767882227897644,0.5030332207679749,0.732021152973175,0.8195062875747681,0.6311652660369873,0.7136282324790955,0.9023230671882629,0.508643388748169,0.7631028890609741,0.7094946503639221,0.6630486845970154,0.7330412268638611,0.970318078994751,0.43720686435699463,0.7386599183082581,0.8281416296958923
218,0.596612274646759,0.160199373960495,0.9999251365661621,0.603119432926178,0.14725956320762634,0.9997908473014832,0.6075229644775391,0.14733779430389404,0.9997984766960144,0.6118268966674805,0.14771248400211334,0.9998016357421875,0.5866289734840393,0.14900274574756622,0.9997642040252686,0.5808818936347961,0.15010230243206024,0.9997097849845886,0.5762259364128113,0.15119485557079315,0.9996533989906311,0.6174561977386475,0.15632380545139313,0.9995467066764832,0.570605456829071,0.16025954484939575,0.9990825057029724,0.6064472198486328,0.1764829009771347,0.9998494386672974,0.5868996381759644,0.17856639623641968,0.9997739195823669,0.6627258658409119,0.25630995631217957,0.9996333122253418,0.533342719078064,0.2544589340686798,0.999532163143158,0.6694640517234802,0.36258208751678467,0.9099063873291016,0.5323343276977539,0.3397456407546997,0.7504098415374756,0.677493155002594,0.4478357434272766,0.8028519749641418,0.5303720831871033,0.41910502314567566,0.5712983012199402,0.681951105594635,0.47843050956726074,0.741868793964386,0.5180760622024536,0.4467155337333679,0.5182238817214966,0.6777071356773376,0.4789157807826996,0.7530146837234497,0.5206713080406189,0.4463048279285431,0.5364362597465515,0.6722400784492493,0.4693388342857361,0.7304607629776001,0.5325535535812378,0.43594086170196533,0.5349831581115723,0.6230255365371704,0.4537871778011322,0.9992439150810242,0.5489744544029236,0.4522927701473236,0.9995244741439819,0.6263132691383362,0.5817646384239197,0.9694494009017944,0.5299147963523865,0.6058680415153503,0.9779633283615112,0.631850004196167,0.6907436847686768,0.9770698547363281,0.5069373846054077,0.7490131855010986,0.8373470306396484,0.6228410005569458,0.7126014828681946,0.9029678702354431,0.5128526091575623,0.7826011776924133,0.7338339686393738,0.6674597263336182,0.7243157029151917,0.9711090326309204,0.4461100399494171,0.7582988142967224,0.8447538614273071
219,0.5962651371955872,0.1561305820941925,0.9999290108680725,0.6026384830474854,0.14312712848186493,0.9998000860214233,0.6070771217346191,0.14320746064186096,0.9998077750205994,0.6115652918815613,0.1435406506061554,0.9998086094856262,0.5859944224357605,0.1446893811225891,0.9997761845588684,0.5802463293075562,0.14573630690574646,0.9997237324714661,0.5760340094566345,0.14683477580547333,0.9996671080589294,0.6167362928390503,0.15200528502464294,0.9995706081390381,0.5699787139892578,0.15603716671466827,0.9991186261177063,0.606285572052002,0.17224939167499542,0.9998553395271301,0.5862789750099182,0.1742563247680664,0.999783992767334,0.6623820662498474,0.2518269419670105,0.999650239944458,0.5300518274307251,0.24985407292842865,0.9995596408843994,0.669062614440918,0.3591543734073639,0.9148669838905334,0.5162796378135681,0.33098530769348145,0.7389984726905823,0.6767117977142334,0.443744033575058,0.8132802844047546,0.5136495232582092,0.416091650724411,0.5583450198173523,0.6808633804321289,0.47582024335861206,0.751448929309845,0.5063433051109314,0.4436313211917877,0.5066007375717163,0.6766452193260193,0.4760306775569916,0.7631285190582275,0.5172477960586548,0.44449755549430847,0.5257031917572021,0.6719574332237244,0.46647515892982483,0.7399480938911438,0.5261127948760986,0.433859646320343,0.5210869908332825,0.621286153793335,0.4531581997871399,0.9992197155952454,0.5470824837684631,0.45055511593818665,0.9995641112327576,0.6180080771446228,0.5796282887458801,0.9696514010429382,0.5313719511032104,0.6069654822349548,0.9796866774559021,0.6129226684570312,0.6897319555282593,0.9743778109550476,0.5097460746765137,0.7642999291419983,0.8532623052597046,0.608244776725769,0.708730936050415,0.898716926574707,0.5199645161628723,0.795380175113678,0.7499570250511169,0.6641966104507446,0.7203491926193237,0.9695879220962524,0.4613647162914276,0.7866097092628479,0.8594037890434265
220,0.5932311415672302,0.15519437193870544,0.9999332427978516,0.5999987721443176,0.14196030795574188,0.9998087286949158,0.6049210429191589,0.14206406474113464,0.9998149871826172,0.6097408533096313,0.14205734431743622,0.9998143315315247,0.5830801129341125,0.14264406263828278,0.9997888803482056,0.5782484412193298,0.14322705566883087,0.9997385144233704,0.5740177035331726,0.14417728781700134,0.9996858239173889,0.6155282258987427,0.15145234763622284,0.9995924830436707,0.5676611661911011,0.15456442534923553,0.999169647693634,0.6041362881660461,0.16978126764297485,0.9998641610145569,0.5833286046981812,0.17057238519191742,0.9997991323471069,0.6609089374542236,0.24919594824314117,0.9996640682220459,0.525534987449646,0.24753797054290771,0.9995909333229065,0.6688693761825562,0.3559586703777313,0.9204715490341187,0.5137965083122253,0.339892715215683,0.7490620613098145,0.6765347123146057,0.44209328293800354,0.8245598077774048,0.5114297270774841,0.43267813324928284,0.5690932273864746,0.6807917356491089,0.4750638008117676,0.7626965641975403,0.5057756304740906,0.4616084098815918,0.5144467949867249,0.6750229001045227,0.47518429160118103,0.774524450302124,0.5154033899307251,0.46024090051651,0.5341768860816956,0.6694522500038147,0.466714471578598,0.7517189979553223,0.5210670828819275,0.451861709356308,0.5271106362342834,0.6178925037384033,0.45188745856285095,0.9991407990455627,0.5449819564819336,0.44896456599235535,0.9995875358581543,0.6045764684677124,0.5815528631210327,0.9670024514198303,0.5316693782806396,0.6079532504081726,0.9799739122390747,0.5849513411521912,0.6898474097251892,0.9651860594749451,0.5249724984169006,0.7688233852386475,0.8663018941879272,0.5803258419036865,0.7043217420578003,0.8826377391815186,0.534160852432251,0.7985285520553589,0.7568756341934204,0.6246484518051147,0.7203810811042786,0.9633337259292603,0.4898518919944763,0.791896402835846,0.8703795075416565
221,0.5883979201316833,0.1453981250524521,0.9999390840530396,0.5949820876121521,0.13193511962890625,0.9998242855072021,0.600631058216095,0.13242921233177185,0.9998295307159424,0.6058790683746338,0.1329452097415924,0.9998287558555603,0.5787572264671326,0.13320304453372955,0.9998068809509277,0.5743477940559387,0.13417746126651764,0.9997608661651611,0.5692057609558105,0.13526171445846558,0.9997133016586304,0.6126605272293091,0.14303193986415863,0.999626874923706,0.5632200241088867,0.14802801609039307,0.9992420077323914,0.6007052659988403,0.16121572256088257,0.9998762011528015,0.5791881084442139,0.16192364692687988,0.9998175501823425,0.658911406993866,0.2488512396812439,0.9996855854988098,0.5228122472763062,0.24619647860527039,0.9996232986450195,0.6652124524116516,0.355072557926178,0.9261342883110046,0.5123924016952515,0.3503500819206238,0.7653213143348694,0.6716155409812927,0.4498695731163025,0.8347844481468201,0.5038003325462341,0.4452323019504547,0.5899825096130371,0.6762980818748474,0.4814530313014984,0.7728690505027771,0.501695454120636,0.4723483622074127,0.5313209891319275,0.6692969799041748,0.48324060440063477,0.7848927974700928,0.5091466903686523,0.47119462490081787,0.5509738922119141,0.6635559797286987,0.47503361105918884,0.7628764510154724,0.5133336186408997,0.46335092186927795,0.543401300907135,0.611839234828949,0.44949933886528015,0.9991263151168823,0.5432929396629333,0.44632798433303833,0.9996070861816406,0.5841735005378723,0.5800455808639526,0.9620361328125,0.5329932570457458,0.6037428379058838,0.9771515727043152,0.5702499151229858,0.6827055811882019,0.9450952410697937,0.5355029702186584,0.7678667902946472,0.8761511445045471,0.5605526566505432,0.6901845932006836,0.8563168048858643,0.5419905185699463,0.7941300868988037,0.7547199726104736,0.5973278284072876,0.7217150926589966,0.9502347707748413,0.49846771359443665,0.8034395575523376,0.8772424459457397
222,0.58331298828125,0.14091859757900238,0.9999395608901978,0.589968204498291,0.12722212076187134,0.99982088804245,0.5960723757743835,0.12772414088249207,0.9998270273208618,0.6016340255737305,0.12835513055324554,0.9998250603675842,0.5744276642799377,0.1285524219274521,0.9998083114624023,0.5693542957305908,0.12963268160820007,0.9997653961181641,0.5642126202583313,0.13081291317939758,0.9997225999832153,0.6093253493309021,0.13861100375652313,0.9996398091316223,0.5575869679450989,0.1443159133195877,0.9992696642875671,0.5967071056365967,0.15691271424293518,0.9998794794082642,0.5747769474983215,0.15763284265995026,0.9998248219490051,0.6549644470214844,0.24840104579925537,0.9996846914291382,0.5175529718399048,0.24542395770549774,0.9996342062950134,0.6622337698936462,0.3544374406337738,0.9306514263153076,0.5099277496337891,0.3544906675815582,0.7717028856277466,0.6634372472763062,0.45254164934158325,0.8338685035705566,0.4946073889732361,0.4475459158420563,0.6028576493263245,0.6687265038490295,0.4840589761734009,0.7706928849220276,0.4923475384712219,0.4750971496105194,0.5420070886611938,0.6598621606826782,0.4862744212150574,0.7833479642868042,0.4990798830986023,0.4738205075263977,0.5619897842407227,0.6536837816238403,0.4772671163082123,0.7618368268013,0.5016056895256042,0.4657072424888611,0.5549559593200684,0.6045008897781372,0.4493228495121002,0.9990078806877136,0.5381436944007874,0.44608378410339355,0.9995808005332947,0.5610148906707764,0.5883487462997437,0.9524466395378113,0.533262312412262,0.6035139560699463,0.9560791850090027,0.5353202223777771,0.6835024952888489,0.9195758104324341,0.5368343591690063,0.7605648636817932,0.8785533905029297,0.5318933129310608,0.6915290355682373,0.8203094005584717,0.5466187000274658,0.7845918536186218,0.7536061406135559,0.51708984375,0.7303884029388428,0.9284914135932922,0.49759793281555176,0.8013877868652344,0.8762670159339905
223,0.5726990699768066,0.14002808928489685,0.9999445676803589,0.5778073668479919,0.12684425711631775,0.9998351335525513,0.5832903981208801,0.12740319967269897,0.9998403787612915,0.5886489152908325,0.1280977725982666,0.9998384118080139,0.5635507106781006,0.12787015736103058,0.999824047088623,0.5590488910675049,0.12889952957630157,0.999785304069519,0.5528879165649414,0.13003970682621002,0.9997469782829285,0.596939742565155,0.1381913125514984,0.9996688961982727,0.5463593602180481,0.14219586551189423,0.9993353486061096,0.5821114182472229,0.15570057928562164,0.999890148639679,0.563961386680603,0.15633803606033325,0.9998407959938049,0.6446333527565002,0.24697844684123993,0.9996954202651978,0.5043845772743225,0.24627062678337097,0.9996631741523743,0.6490982174873352,0.3536158800125122,0.9299197793006897,0.49676018953323364,0.35536253452301025,0.7866625189781189,0.65092533826828,0.45002949237823486,0.8264369964599609,0.48439767956733704,0.4495649039745331,0.6241401433944702,0.6557002663612366,0.4805910885334015,0.7608925104141235,0.4774913787841797,0.4768032431602478,0.5608718991279602,0.6501792073249817,0.4828239977359772,0.7748239040374756,0.4818020761013031,0.47558140754699707,0.5807458758354187,0.6443856358528137,0.4734541177749634,0.7539608478546143,0.4858018755912781,0.46710264682769775,0.5734240412712097,0.5970235466957092,0.44914066791534424,0.9989916682243347,0.5326175093650818,0.44616347551345825,0.9995875954627991,0.5436760187149048,0.5917611122131348,0.930094838142395,0.5307440757751465,0.6117031574249268,0.9491571187973022,0.4821636974811554,0.6840254664421082,0.9049810171127319,0.5372660160064697,0.7805454730987549,0.8862903118133545,0.4614483416080475,0.6923893690109253,0.8018727898597717,0.5489161014556885,0.8030722737312317,0.7594255208969116,0.4802030324935913,0.7306215167045593,0.9153581857681274,0.5055760145187378,0.813719630241394,0.8819066882133484
224,0.5659013986587524,0.1401185393333435,0.9999495148658752,0.5713719129562378,0.12711398303508759,0.9998489022254944,0.5770459771156311,0.12781111896038055,0.999853253364563,0.5823273658752441,0.12865974009037018,0.9998511672019958,0.5565444231033325,0.12804462015628815,0.9998396635055542,0.5517087578773499,0.12902754545211792,0.9998047351837158,0.5458047986030579,0.13012249767780304,0.9997705817222595,0.5889061093330383,0.13853342831134796,0.9996949434280396,0.5391740798950195,0.1422233134508133,0.9993979930877686,0.5749832391738892,0.1562051624059677,0.9999001622200012,0.5565559267997742,0.1566125601530075,0.9998559355735779,0.6363446712493896,0.24678462743759155,0.9996981620788574,0.49683278799057007,0.2493944764137268,0.9996947646141052,0.6376453638076782,0.3584895133972168,0.9258919954299927,0.4928220510482788,0.3588440716266632,0.8022743463516235,0.6391112804412842,0.4646163880825043,0.808806300163269,0.4798462390899658,0.4547097980976105,0.6515363454818726,0.6436324715614319,0.4966008961200714,0.7431160807609558,0.47092387080192566,0.481122761964798,0.5889190435409546,0.6416767835617065,0.5022210478782654,0.7582318782806396,0.4748203754425049,0.481473833322525,0.6081006526947021,0.6357491612434387,0.4884047508239746,0.7381017804145813,0.4798896014690399,0.4732392728328705,0.6001342535018921,0.5924115180969238,0.4546121060848236,0.9990010261535645,0.5277332067489624,0.4503631889820099,0.9996127486228943,0.5392559766769409,0.601557731628418,0.9230058789253235,0.5293216705322266,0.6181000471115112,0.9492781758308411,0.45652928948402405,0.6878135800361633,0.9078262448310852,0.5463128685951233,0.7874918580055237,0.8959858417510986,0.4377336800098419,0.6952679753303528,0.8068599700927734,0.5578497052192688,0.8084710240364075,0.7714536786079407,0.46702051162719727,0.7410186529159546,0.917483389377594,0.5096240639686584,0.8194150924682617,0.891167402267456
225,0.5598278045654297,0.14067736268043518,0.9999540448188782,0.5656715035438538,0.12839163839817047,0.9998617768287659,0.5712759494781494,0.1290310174226761,0.9998653531074524,0.5763721466064453,0.12983408570289612,0.9998633861541748,0.5509389042854309,0.1290370672941208,0.9998538494110107,0.5457286238670349,0.12981712818145752,0.9998223185539246,0.5407052040100098,0.13075147569179535,0.9997918605804443,0.5824865698814392,0.13919995725154877,0.9997196793556213,0.5339230895042419,0.1427353173494339,0.9994543790817261,0.5690780878067017,0.15734076499938965,0.9999094605445862,0.5508148670196533,0.15765978395938873,0.9998697638511658,0.6291659474372864,0.24633869528770447,0.9997130632400513,0.49146923422813416,0.2503470182418823,0.9997230768203735,0.6311091780662537,0.3592967092990875,0.9248260855674744,0.48852789402008057,0.3603455126285553,0.8178695440292358,0.6328213810920715,0.46463504433631897,0.8026984333992004,0.47745171189308167,0.45662039518356323,0.6779317855834961,0.6373609304428101,0.4968644082546234,0.7359861135482788,0.4702164828777313,0.4823395311832428,0.6161899566650391,0.6359637975692749,0.5027125477790833,0.7517173886299133,0.4759444296360016,0.4832899868488312,0.6346129775047302,0.629138708114624,0.4891494810581207,0.7324632406234741,0.48077845573425293,0.4753844738006592,0.6260550618171692,0.5847261548042297,0.45595109462738037,0.9990442395210266,0.5227296948432922,0.4523353576660156,0.9996374845504761,0.5357645153999329,0.608559250831604,0.9192605018615723,0.5299890637397766,0.6216198801994324,0.9494664669036865,0.43602079153060913,0.6894082427024841,0.9119757413864136,0.5532141923904419,0.7904344201087952,0.9047295451164246,0.416503369808197,0.696020781993866,0.8142490386962891,0.5638443231582642,0.8091874122619629,0.7842428684234619,0.45527374744415283,0.7495368719100952,0.9205530881881714,0.5137917399406433,0.8253974318504333,0.8996938467025757
226,0.5541708469390869,0.14287832379341125,0.9999580383300781,0.5604907870292664,0.13075916469097137,0.9998735189437866,0.565883457660675,0.13126063346862793,0.9998764991760254,0.571117639541626,0.1320212483406067,0.9998748898506165,0.545519232749939,0.13098260760307312,0.9998664259910583,0.5399469137191772,0.13168439269065857,0.9998376369476318,0.5354052186012268,0.13262160122394562,0.9998105764389038,0.5772796869277954,0.1413586586713791,0.999743640422821,0.5281045436859131,0.1445087492465973,0.9995039105415344,0.5638919472694397,0.16127148270606995,0.9999178647994995,0.5452912449836731,0.1617213785648346,0.9998821020126343,0.6239804029464722,0.2474864274263382,0.9997302293777466,0.4864439368247986,0.2511875629425049,0.9997455477714539,0.6288621425628662,0.36392050981521606,0.9265174865722656,0.4824959933757782,0.3603513836860657,0.8281790614128113,0.6278329491615295,0.4704032838344574,0.8028059601783752,0.4738122820854187,0.453108012676239,0.6929325461387634,0.633019745349884,0.5020672082901001,0.7348397374153137,0.46840688586235046,0.4799777865409851,0.6293699741363525,0.6300497055053711,0.5084047317504883,0.7508615255355835,0.47580578923225403,0.48007234930992126,0.6477552652359009,0.6229081153869629,0.4944644570350647,0.7324689030647278,0.4804939329624176,0.4722055196762085,0.6386174559593201,0.5791073441505432,0.45672014355659485,0.9990888237953186,0.5151224732398987,0.4522375762462616,0.9996561408042908,0.5348853468894958,0.6125481128692627,0.9159559607505798,0.5288637280464172,0.6239207983016968,0.9468173980712891,0.4256264567375183,0.6944685578346252,0.9150322675704956,0.5600699782371521,0.785585343837738,0.9114983677864075,0.4045998454093933,0.6996745467185974,0.8187825679779053,0.5731649994850159,0.8057478070259094,0.7919049263000488,0.4437602460384369,0.7557106018066406,0.9218084216117859,0.5163143277168274,0.8248365521430969,0.9058498740196228
227,0.5483165383338928,0.1437777727842331,0.9999615550041199,0.5549080967903137,0.13178065419197083,0.9998838901519775,0.5604507327079773,0.13224369287490845,0.9998863339424133,0.565864622592926,0.13297443091869354,0.9998852610588074,0.5394197106361389,0.13195006549358368,0.9998774528503418,0.5338239669799805,0.13268251717090607,0.9998511075973511,0.529151976108551,0.13370633125305176,0.9998273253440857,0.5722138285636902,0.14255627989768982,0.9997656345367432,0.52186518907547,0.14568012952804565,0.999548614025116,0.5583876967430115,0.16265900433063507,0.9999253749847412,0.538743257522583,0.16311317682266235,0.9998929500579834,0.6196005344390869,0.24945767223834991,0.9997395277023315,0.4791659116744995,0.2528746426105499,0.9997599720954895,0.6272410750389099,0.3660781979560852,0.9241644144058228,0.4735212028026581,0.3591362535953522,0.8351720571517944,0.6266651153564453,0.46963611245155334,0.7854024767875671,0.46802347898483276,0.4515107572078705,0.6966425776481628,0.6313559412956238,0.49953076243400574,0.7163276672363281,0.46524015069007874,0.4792351722717285,0.629943311214447,0.6262146830558777,0.505160391330719,0.7327015399932861,0.4746488928794861,0.4789259135723114,0.6485417485237122,0.6207450032234192,0.49238157272338867,0.71718829870224,0.47751951217651367,0.4705638587474823,0.6400609016418457,0.5736215710639954,0.4597286581993103,0.999132513999939,0.5079483985900879,0.4552837014198303,0.9996601343154907,0.5314295291900635,0.6177178025245667,0.9174154996871948,0.5146811008453369,0.6273689270019531,0.9449737071990967,0.4233750104904175,0.7165370583534241,0.9202485084533691,0.5562585592269897,0.7761897444725037,0.917485773563385,0.4038371741771698,0.7268763780593872,0.822692334651947,0.5703675746917725,0.8027692437171936,0.7983669638633728,0.4298965334892273,0.7798716425895691,0.92508465051651,0.5219772458076477,0.8263708353042603,0.9113858938217163
228,0.5433463454246521,0.15003830194473267,0.9999650120735168,0.550922155380249,0.13801081478595734,0.9998944401741028,0.5565875768661499,0.13812708854675293,0.9998965263366699,0.5626896023750305,0.13864557445049286,0.9998958110809326,0.535190761089325,0.13895641267299652,0.9998883008956909,0.5290740728378296,0.13979649543762207,0.9998642802238464,0.5244795680046082,0.14063382148742676,0.9998431205749512,0.5706170201301575,0.14833639562129974,0.9997869729995728,0.5180079340934753,0.15361711382865906,0.9995902180671692,0.5550879836082458,0.16950185596942902,0.9999324083328247,0.534572958946228,0.17085450887680054,0.9999028444290161,0.6175152063369751,0.25717008113861084,0.9997588992118835,0.47947871685028076,0.2582521438598633,0.9997679591178894,0.6270604133605957,0.3759492337703705,0.9268733263015747,0.46937042474746704,0.3650430142879486,0.8432856798171997,0.621866762638092,0.48367437720298767,0.7898884415626526,0.46789121627807617,0.4519987404346466,0.7041928172111511,0.6254413723945618,0.512779951095581,0.7209768295288086,0.4659135043621063,0.4805588722229004,0.6351121068000793,0.6168016791343689,0.517778754234314,0.736915647983551,0.47670313715934753,0.4798657298088074,0.6531984806060791,0.6114709973335266,0.5044058561325073,0.7222489714622498,0.4797508120536804,0.4708509147167206,0.6439607739448547,0.5685089230537415,0.46888551115989685,0.9992014765739441,0.5016810297966003,0.4633426368236542,0.9996635317802429,0.519762396812439,0.6343691349029541,0.9195690751075745,0.5057550072669983,0.6317778825759888,0.946236252784729,0.4319886863231659,0.763360321521759,0.9264269471168518,0.5563304424285889,0.7598164081573486,0.9227426052093506,0.4159153699874878,0.7757817506790161,0.8302144408226013,0.569931149482727,0.7690399885177612,0.806976318359375,0.4504151940345764,0.8199958205223083,0.9298767447471619,0.5256630778312683,0.8161547183990479,0.916703999042511
229,0.5429226160049438,0.15947219729423523,0.9999680519104004,0.5500405430793762,0.1467706561088562,0.9999037384986877,0.5558586120605469,0.1469503939151764,0.999905526638031,0.5617974400520325,0.1473693996667862,0.9999051094055176,0.5344431400299072,0.14824338257312775,0.9998979568481445,0.5286253094673157,0.1494613140821457,0.9998759627342224,0.5232165455818176,0.15084296464920044,0.9998571276664734,0.5698517560958862,0.15797801315784454,0.9998044371604919,0.5178182125091553,0.16441434621810913,0.9996269941329956,0.5561075210571289,0.17924243211746216,0.9999386072158813,0.5337873697280884,0.18069559335708618,0.9999114871025085,0.6169042587280273,0.2656002342700958,0.9997736811637878,0.47858792543411255,0.2653121054172516,0.9997730851173401,0.6246776580810547,0.38096728920936584,0.9272756576538086,0.4682762920856476,0.37222322821617126,0.8530203104019165,0.6180663108825684,0.4871729612350464,0.7883133888244629,0.4655301868915558,0.46071314811706543,0.7099109888076782,0.6209092140197754,0.5147007703781128,0.7186614871025085,0.46303609013557434,0.4911510944366455,0.6374478340148926,0.6134069561958313,0.5190693140029907,0.7344766855239868,0.4725392758846283,0.4910391569137573,0.6549456715583801,0.6094999313354492,0.5067161321640015,0.7204146385192871,0.4755696952342987,0.48084893822669983,0.6450493931770325,0.5637044906616211,0.47597697377204895,0.9992674589157104,0.4950045347213745,0.4689497649669647,0.999663770198822,0.5149044394493103,0.6344041228294373,0.9233188033103943,0.49788564443588257,0.6301817297935486,0.9476782083511353,0.4306502938270569,0.7660871148109436,0.9328030347824097,0.554147481918335,0.7256929278373718,0.9260327816009521,0.41152721643447876,0.7833560705184937,0.8418079614639282,0.5690472722053528,0.7338790893554688,0.8118081092834473,0.4520729184150696,0.8237943053245544,0.9353009462356567,0.5262176394462585,0.7990268468856812,0.9202395677566528
230,0.5414943099021912,0.1612749993801117,0.9999704360961914,0.5485438704490662,0.1484706699848175,0.9999108910560608,0.5545215606689453,0.14868295192718506,0.9999122619628906,0.5605955719947815,0.14908131957054138,0.9999122619628906,0.5328554511070251,0.14950856566429138,0.9999052286148071,0.5271667242050171,0.1503417193889618,0.9998847246170044,0.5218361020088196,0.15156665444374084,0.9998682737350464,0.568751335144043,0.15881267189979553,0.9998164176940918,0.5173628926277161,0.1642882078886032,0.9996570944786072,0.555224597454071,0.18046987056732178,0.9999438524246216,0.5323224663734436,0.18193209171295166,0.9999187588691711,0.617222249507904,0.2679271697998047,0.9997841715812683,0.4754784405231476,0.267493337392807,0.9997789263725281,0.6214776635169983,0.380843847990036,0.9240313768386841,0.46713387966156006,0.37744271755218506,0.8607892990112305,0.6170008778572083,0.4843318462371826,0.7727228999137878,0.459689199924469,0.4653967022895813,0.7074868083000183,0.6183781623840332,0.5117905139923096,0.7012363076210022,0.45694392919540405,0.4940278232097626,0.6310500502586365,0.6128571629524231,0.5162127614021301,0.7175650000572205,0.46361851692199707,0.49406254291534424,0.6483092904090881,0.6078396439552307,0.5046480298042297,0.7045261859893799,0.46869519352912903,0.4852469265460968,0.6385214328765869,0.5615930557250977,0.4766443371772766,0.999324381351471,0.4909024238586426,0.4686984121799469,0.9996625781059265,0.5124760270118713,0.6292622089385986,0.9270931482315063,0.500220537185669,0.627877414226532,0.9481068849563599,0.4324684143066406,0.7706312537193298,0.938690185546875,0.5514822006225586,0.7273612022399902,0.9290194511413574,0.4142799377441406,0.7881414890289307,0.8527475595474243,0.5684720277786255,0.736030638217926,0.8134062886238098,0.45884114503860474,0.8228906393051147,0.9403529167175293,0.5293394923210144,0.7980350852012634,0.9234601855278015
231,0.543597936630249,0.15751037001609802,0.9999725222587585,0.5502954125404358,0.14482690393924713,0.9999168515205383,0.5560798048973083,0.14518703520298004,0.9999175071716309,0.5615225434303284,0.14557449519634247,0.99991774559021,0.5342241525650024,0.14497771859169006,0.9999120831489563,0.5292372107505798,0.14549235999584198,0.9998933672904968,0.5236812829971313,0.14659768342971802,0.9998788833618164,0.5686901807785034,0.15458665788173676,0.9998241662979126,0.5183358788490295,0.15905985236167908,0.9996877908706665,0.5561403632164001,0.17732544243335724,0.9999486804008484,0.5338500738143921,0.17816172540187836,0.9999262690544128,0.617435097694397,0.2651018500328064,0.9997997283935547,0.47557178139686584,0.26576852798461914,0.999799370765686,0.6200152635574341,0.37762773036956787,0.9246587753295898,0.46525415778160095,0.3730108439922333,0.8724867105484009,0.6136532425880432,0.4805280864238739,0.7800939083099365,0.45117536187171936,0.4644944369792938,0.7263497710227966,0.6162522435188293,0.5084266662597656,0.7080898880958557,0.4468706250190735,0.49523723125457764,0.649975597858429,0.6096066236495972,0.512669563293457,0.7243537306785583,0.45401328802108765,0.4948870837688446,0.6665395498275757,0.6043312549591064,0.5011594295501709,0.7111324667930603,0.45929375290870667,0.4851919412612915,0.6560602784156799,0.5604490637779236,0.4732241630554199,0.9993540644645691,0.49204307794570923,0.4664585590362549,0.9996814727783203,0.5049726963043213,0.6287413239479065,0.9178797602653503,0.5052943825721741,0.6290849447250366,0.9481062889099121,0.4302859902381897,0.7713557481765747,0.9397485256195068,0.5427110195159912,0.775254487991333,0.9320115447044373,0.4138301908969879,0.7876347899436951,0.8548924326896667,0.543354332447052,0.792401909828186,0.8136776685714722,0.46589231491088867,0.8235921263694763,0.9398658275604248,0.5432659983634949,0.8444975018501282,0.9266157746315002
232,0.545386016368866,0.14151713252067566,0.9999746084213257,0.5522189736366272,0.1277635395526886,0.999923050403595,0.5578988194465637,0.12783107161521912,0.9999234080314636,0.5632449984550476,0.12804897129535675,0.999923586845398,0.5358481407165527,0.12820036709308624,0.9999188780784607,0.5311040282249451,0.12893714010715485,0.9999018907546997,0.5260660648345947,0.13011525571346283,0.9998888969421387,0.5705265402793884,0.1384645253419876,0.9998338222503662,0.5201544761657715,0.14073128998279572,0.9997156858444214,0.5576284527778625,0.15841661393642426,0.9999532103538513,0.5353589057922363,0.15901625156402588,0.9999331831932068,0.6188271045684814,0.2515456974506378,0.9998154044151306,0.47767630219459534,0.2436142861843109,0.999818742275238,0.6193564534187317,0.37190330028533936,0.9223887920379639,0.461092472076416,0.3573577105998993,0.8831709623336792,0.6073036193847656,0.4734804928302765,0.7870022058486938,0.4491484463214874,0.46187350153923035,0.7464942336082458,0.6100913882255554,0.5044069290161133,0.7169336676597595,0.44443991780281067,0.4929314851760864,0.6724380254745483,0.6003834009170532,0.5043761134147644,0.7331957221031189,0.4545736014842987,0.4927135109901428,0.6877734065055847,0.595367968082428,0.49592268466949463,0.7184087038040161,0.45947182178497314,0.4828324317932129,0.6764844059944153,0.5618752241134644,0.4656257927417755,0.999355137348175,0.4951905906200409,0.4596196413040161,0.9997029304504395,0.507249116897583,0.6255357265472412,0.892886221408844,0.5120304822921753,0.6285755634307861,0.9499841928482056,0.4344766438007355,0.7637660503387451,0.9364908337593079,0.5324929356575012,0.8022266030311584,0.9371767640113831,0.4158373475074768,0.7840349078178406,0.856253981590271,0.52414870262146,0.8269811868667603,0.8231631517410278,0.47082075476646423,0.8190066814422607,0.9384236931800842,0.5733659267425537,0.8666034936904907,0.9316432476043701
233,0.5468010306358337,0.12684477865695953,0.9999766945838928,0.5534783005714417,0.11305070668458939,0.9999294281005859,0.5590673089027405,0.11314045637845993,0.9999294877052307,0.5643573999404907,0.11336785554885864,0.999929666519165,0.5374482274055481,0.11350975185632706,0.9999257326126099,0.5326055884361267,0.11429841071367264,0.9999103546142578,0.5275369882583618,0.11515223234891891,0.9998987317085266,0.5719073414802551,0.12387377768754959,0.9998441934585571,0.5215574502944946,0.12619277834892273,0.9997416734695435,0.5587843656539917,0.14374513924121857,0.9999574422836304,0.5369659662246704,0.14413344860076904,0.999939501285553,0.6195271611213684,0.23754751682281494,0.9998289346694946,0.4782005250453949,0.2286663055419922,0.9998359680175781,0.6191295981407166,0.36187583208084106,0.9171435236930847,0.46056586503982544,0.350480854511261,0.89254230260849,0.6053300499916077,0.4597722887992859,0.7883205413818359,0.44996264576911926,0.45662418007850647,0.7640607953071594,0.6085748672485352,0.49174708127975464,0.7192636132240295,0.4432950019836426,0.4907087981700897,0.692061185836792,0.5980339646339417,0.49062374234199524,0.7359191179275513,0.45410409569740295,0.4896082580089569,0.7063581347465515,0.5932310223579407,0.48179197311401367,0.7193968892097473,0.4597429633140564,0.48061028122901917,0.6938831210136414,0.5622548460960388,0.45680394768714905,0.9993517994880676,0.4963088929653168,0.45153871178627014,0.9997219443321228,0.5123482942581177,0.6224147081375122,0.8734862208366394,0.5142712593078613,0.6267838478088379,0.9516892433166504,0.43020790815353394,0.7561447024345398,0.9324362277984619,0.5333227515220642,0.8042418360710144,0.9421055912971497,0.40544015169143677,0.7752978801727295,0.8567337989807129,0.5297979712486267,0.8293263912200928,0.8328049778938293,0.46194887161254883,0.8142989873886108,0.9361000657081604,0.6078956127166748,0.8520137071609497,0.9364619255065918
234,0.5478401184082031,0.11987630277872086,0.9999780654907227,0.5544974207878113,0.10601703822612762,0.9999338984489441,0.560096800327301,0.10615085810422897,0.999933660030365,0.5653665661811829,0.10659804940223694,0.9999340176582336,0.5384410619735718,0.10695870965719223,0.9999305009841919,0.533250093460083,0.10789160430431366,0.9999161958694458,0.5284347534179688,0.10917286574840546,0.9999060034751892,0.5728203654289246,0.11781094968318939,0.9998506903648376,0.5223422646522522,0.1203639805316925,0.9997614622116089,0.5595978498458862,0.13659819960594177,0.999960720539093,0.5377612709999084,0.13728216290473938,0.9999446272850037,0.6201910376548767,0.23076342046260834,0.9998392462730408,0.4790835380554199,0.22322368621826172,0.9998494982719421,0.6178357005119324,0.34743598103523254,0.9110251069068909,0.46017616987228394,0.3442213237285614,0.8995506763458252,0.6050310134887695,0.43902626633644104,0.7868962287902832,0.4494606554508209,0.44805699586868286,0.774536669254303,0.6068518161773682,0.473784863948822,0.7190107703208923,0.44153597950935364,0.4819939434528351,0.7029528617858887,0.5994178652763367,0.47316664457321167,0.7356014847755432,0.4512783885002136,0.4802165627479553,0.7165569067001343,0.594856858253479,0.4625854194164276,0.7180890440940857,0.4574783444404602,0.471454918384552,0.7031411528587341,0.5609605312347412,0.44964396953582764,0.9993574023246765,0.49435606598854065,0.4435899555683136,0.9997333288192749,0.5224953889846802,0.6175508499145508,0.8656115531921387,0.5188532471656799,0.6235983371734619,0.9532716870307922,0.42835915088653564,0.7244389057159424,0.932478129863739,0.5451235771179199,0.7980775833129883,0.9466570615768433,0.40233030915260315,0.7327892780303955,0.8611741065979004,0.5324122905731201,0.8206616044044495,0.8425878882408142,0.4466468095779419,0.801511824131012,0.9354318380355835,0.6127925515174866,0.8452541828155518,0.9407976865768433
235,0.5480238795280457,0.11901159584522247,0.999979555606842,0.5547119975090027,0.10448506474494934,0.9999383687973022,0.5603505373001099,0.10467752069234848,0.9999378323554993,0.5656442642211914,0.10511395335197449,0.9999381899833679,0.5390458106994629,0.10604549199342728,0.9999353289604187,0.5338420271873474,0.10700520128011703,0.9999220371246338,0.5290362238883972,0.10808513313531876,0.9999130368232727,0.5732174515724182,0.11519717425107956,0.9998578429222107,0.5228964686393738,0.1189170628786087,0.9997802972793579,0.560100257396698,0.13654570281505585,0.9999639391899109,0.5382223129272461,0.13834545016288757,0.99994957447052,0.620830774307251,0.22724996507167816,0.9998506903648376,0.4798133075237274,0.22435380518436432,0.999862790107727,0.6189551949501038,0.3460639417171478,0.9073435068130493,0.4625474810600281,0.345359206199646,0.9056787490844727,0.6056697964668274,0.4410040080547333,0.7863255739212036,0.4522136151790619,0.44862455129623413,0.7850916981697083,0.6092114448547363,0.4731968641281128,0.7196139693260193,0.4447813630104065,0.48206058144569397,0.7141832113265991,0.6003387570381165,0.47307896614074707,0.7362706661224365,0.45335087180137634,0.48103445768356323,0.7272577881813049,0.5955162644386292,0.4633745551109314,0.717034637928009,0.45927566289901733,0.47216618061065674,0.7129389047622681,0.5619533658027649,0.4495721459388733,0.9993693828582764,0.4952698051929474,0.44261229038238525,0.9997487664222717,0.5380780100822449,0.617289662361145,0.8614038825035095,0.5377432703971863,0.6213670372962952,0.9550275206565857,0.42495617270469666,0.6985317468643188,0.9296045899391174,0.5541878342628479,0.7917938232421875,0.9508055448532104,0.3972206115722656,0.7004836797714233,0.8631789684295654,0.5370181798934937,0.8144039511680603,0.849351167678833,0.4434472322463989,0.7819804549217224,0.9325041770935059,0.6019865870475769,0.8452536463737488,0.944725513458252
236,0.5498347282409668,0.11827016621828079,0.9999811053276062,0.5572161674499512,0.1043238714337349,0.9999427795410156,0.5631957054138184,0.10443280637264252,0.9999420046806335,0.5678468346595764,0.10463571548461914,0.9999424815177917,0.5402587652206421,0.1054055318236351,0.999940037727356,0.5349183678627014,0.10603600740432739,0.999927818775177,0.5293934941291809,0.10702261328697205,0.9999199509620667,0.5746915340423584,0.11389189958572388,0.9998661279678345,0.5236944556236267,0.11761078238487244,0.999798059463501,0.5619804859161377,0.13642869889736176,0.999967098236084,0.5395764708518982,0.13832791149616241,0.9999542236328125,0.6242842078208923,0.22686752676963806,0.9998630285263062,0.48073017597198486,0.2260250747203827,0.9998742341995239,0.6194268465042114,0.34702450037002563,0.9110823273658752,0.4639493227005005,0.34565436840057373,0.9117755889892578,0.6078873872756958,0.4449617564678192,0.7975949645042419,0.454397976398468,0.45550841093063354,0.7958982586860657,0.6114777326583862,0.47643569111824036,0.73212069272995,0.44896337389945984,0.4871750771999359,0.7252653241157532,0.6030064225196838,0.4772772490978241,0.7481809258460999,0.4553025960922241,0.48728176951408386,0.7380248308181763,0.598051130771637,0.4673285484313965,0.7281651496887207,0.4614061713218689,0.4782922863960266,0.7228406071662903,0.5647478103637695,0.4503628611564636,0.9994159936904907,0.49627989530563354,0.4435769021511078,0.9997687935829163,0.547203004360199,0.6172540187835693,0.8687446713447571,0.5399227142333984,0.6213001608848572,0.9571525454521179,0.43065911531448364,0.7087846994400024,0.9328608512878418,0.5676231980323792,0.7907686233520508,0.9547552466392517,0.4052385687828064,0.7156034708023071,0.8662595748901367,0.5724157691001892,0.813031792640686,0.8543672561645508,0.44956129789352417,0.7832516431808472,0.9347195625305176,0.577914297580719,0.8412391543388367,0.9489409327507019
237,0.556674599647522,0.12038599699735641,0.9999825954437256,0.5643236637115479,0.10661112517118454,0.9999470114707947,0.5690866112709045,0.10678897798061371,0.9999460577964783,0.5728446841239929,0.1071106344461441,0.9999465346336365,0.5469217300415039,0.10778841376304626,0.9999446868896484,0.5400440096855164,0.1086617261171341,0.9999336004257202,0.5341129899024963,0.10985958576202393,0.999926745891571,0.5792977213859558,0.11707863211631775,0.9998741149902344,0.5258007049560547,0.12082842737436295,0.9998161196708679,0.5667866468429565,0.13899536430835724,0.9999698400497437,0.5453904867172241,0.14093683660030365,0.9999583959579468,0.6292354464530945,0.2291780263185501,0.9998696446418762,0.4818453788757324,0.22750172019004822,0.999885082244873,0.6229187846183777,0.3476577401161194,0.9121286869049072,0.4691389203071594,0.35270965099334717,0.9175934195518494,0.6211634874343872,0.46326082944869995,0.7969037294387817,0.4619583487510681,0.45813673734664917,0.8077511787414551,0.6263389587402344,0.4994473457336426,0.7287563681602478,0.45492225885391235,0.49069517850875854,0.7382872700691223,0.6234830617904663,0.5037463307380676,0.7449763417243958,0.4644601047039032,0.4906822144985199,0.7508364319801331,0.6146904826164246,0.4904128313064575,0.7254603505134583,0.47059619426727295,0.48124244809150696,0.7356957793235779,0.5740728974342346,0.45434677600860596,0.9994305968284607,0.5021639466285706,0.4482704699039459,0.9997750520706177,0.5459444522857666,0.6256545186042786,0.8653313517570496,0.5397232174873352,0.6279007196426392,0.9551325440406799,0.4450739920139313,0.7724761366844177,0.9349427223205566,0.5827146172523499,0.7876189947128296,0.9558560252189636,0.42173025012016296,0.7922421097755432,0.8664088249206543,0.5912185907363892,0.8094301819801331,0.8542699217796326,0.47791439294815063,0.8261834979057312,0.9355480670928955,0.5752078294754028,0.8399120569229126,0.9504693746566772
238,0.5657392144203186,0.1253553330898285,0.9999841451644897,0.5711053013801575,0.11088165640830994,0.9999517202377319,0.5755130052566528,0.11097584664821625,0.9999507069587708,0.5802250504493713,0.11124039441347122,0.9999511241912842,0.5549607872962952,0.11158525943756104,0.9999496936798096,0.5478640794754028,0.11243759840726852,0.9999396800994873,0.5404629111289978,0.11402669548988342,0.9999336004257202,0.5851843953132629,0.11956297606229782,0.9998844861984253,0.5298464298248291,0.12741757929325104,0.9998337030410767,0.5733085870742798,0.14466306567192078,0.9999725818634033,0.5538374781608582,0.14799945056438446,0.9999623894691467,0.6374934315681458,0.23068669438362122,0.9998762607574463,0.48854443430900574,0.23062455654144287,0.9998956322669983,0.6322452425956726,0.3535754382610321,0.9121094346046448,0.47516772150993347,0.3527325391769409,0.9232771992683411,0.6305068731307983,0.47146302461624146,0.7973064184188843,0.4692537188529968,0.4576863944530487,0.8201795220375061,0.631702184677124,0.5035206079483032,0.7279271483421326,0.4629555642604828,0.4897025227546692,0.752936840057373,0.6275702118873596,0.5067512392997742,0.7440205216407776,0.47185495495796204,0.4896293580532074,0.7649600505828857,0.6206884384155273,0.4943329691886902,0.724717915058136,0.47699958086013794,0.4802698493003845,0.749761164188385,0.584133505821228,0.463339239358902,0.9994415044784546,0.5146691799163818,0.45637449622154236,0.9997856020927429,0.5348862409591675,0.6337094306945801,0.8626573085784912,0.5394340753555298,0.6323537230491638,0.9556410908699036,0.4472571015357971,0.793050229549408,0.9376988410949707,0.5849290490150452,0.7955741286277771,0.9579628705978394,0.4238213300704956,0.8154128193855286,0.869541585445404,0.5944114923477173,0.8142232894897461,0.8579927086830139,0.4968276619911194,0.8424476385116577,0.9376275539398193,0.5724263787269592,0.862932562828064,0.9526441693305969
239,0.5723666548728943,0.12842923402786255,0.9999853372573853,0.5767689347267151,0.11476676911115646,0.9999551773071289,0.581534743309021,0.1148383766412735,0.9999539256095886,0.5862317085266113,0.11510871350765228,0.9999544024467468,0.5611240863800049,0.11540708690881729,0.9999537467956543,0.5540311336517334,0.11652539670467377,0.9999446868896484,0.5458240509033203,0.1182577908039093,0.9999394416809082,0.5897508859634399,0.12426601350307465,0.999890923500061,0.5337031483650208,0.13322629034519196,0.9998490810394287,0.5801627039909363,0.14880818128585815,0.9999748468399048,0.5611522793769836,0.1517733931541443,0.9999658465385437,0.6437763571739197,0.2391560822725296,0.9998695850372314,0.4941248297691345,0.23980095982551575,0.9999050498008728,0.6402860283851624,0.3652726411819458,0.9029126763343811,0.4824672341346741,0.359565407037735,0.9282785058021545,0.6405360698699951,0.47908228635787964,0.7742223143577576,0.4721090495586395,0.46423572301864624,0.8278459906578064,0.6411183476448059,0.5111883282661438,0.7039123773574829,0.4662126898765564,0.4940442740917206,0.7609622478485107,0.6362668871879578,0.5146709680557251,0.7200785875320435,0.4758095145225525,0.49469324946403503,0.7727616429328918,0.631721556186676,0.502453088760376,0.7024489045143127,0.4804847836494446,0.4847208559513092,0.7576938271522522,0.594761312007904,0.4775945842266083,0.99943608045578,0.5230410099029541,0.4671667814254761,0.9997955560684204,0.5318928360939026,0.6426047682762146,0.8617440462112427,0.5404663681983948,0.6408720016479492,0.9574165940284729,0.4486267566680908,0.7977820634841919,0.940542995929718,0.5842666029930115,0.8089430332183838,0.960287868976593,0.42513754963874817,0.8211092352867126,0.8731259703636169,0.5900644659996033,0.8258581161499023,0.8615267872810364,0.49968475103378296,0.8421957492828369,0.940089225769043,0.5728989243507385,0.8783590793609619,0.9549798965454102
240,0.5785800218582153,0.13075369596481323,0.999986469745636,0.582261323928833,0.11732622981071472,0.9999585747718811,0.5872088670730591,0.11741672456264496,0.9999572038650513,0.5914832949638367,0.11755499243736267,0.9999576210975647,0.5671834945678711,0.1179640144109726,0.9999573826789856,0.5601666569709778,0.11915011703968048,0.9999490976333618,0.5524811744689941,0.12114382535219193,0.9999445676803589,0.5936117172241211,0.12732936441898346,0.9998984336853027,0.5388027429580688,0.1368381232023239,0.9998622536659241,0.5867782235145569,0.15157201886177063,0.9999769330024719,0.5688858032226562,0.1538953185081482,0.9999688863754272,0.6486625671386719,0.24392881989479065,0.9998716115951538,0.5006148815155029,0.24461454153060913,0.9999123215675354,0.6448180079460144,0.36879056692123413,0.8981344699859619,0.49024632573127747,0.36016878485679626,0.9299601316452026,0.6431652903556824,0.4847041666507721,0.7663261890411377,0.4753929078578949,0.46351158618927,0.8339040279388428,0.6444695591926575,0.5194196701049805,0.6960855722427368,0.4675070345401764,0.49311184883117676,0.7685280442237854,0.6400367021560669,0.5226614475250244,0.7125225067138672,0.4750983417034149,0.49406078457832336,0.7803905606269836,0.6352301239967346,0.5092542171478271,0.6954159140586853,0.4801439642906189,0.4835575819015503,0.7649829387664795,0.6037092208862305,0.48438122868537903,0.9994411468505859,0.5311077237129211,0.4751374423503876,0.9998016357421875,0.5423988103866577,0.6550067663192749,0.865566074848175,0.549895703792572,0.6578257083892822,0.9586872458457947,0.46331727504730225,0.7885197401046753,0.9431638121604919,0.5850977301597595,0.8221879601478577,0.9626777172088623,0.43658608198165894,0.8107805848121643,0.8759475946426392,0.5891956686973572,0.8385773301124573,0.8643309473991394,0.49892085790634155,0.8364943861961365,0.9426658153533936,0.5724504590034485,0.8862420916557312,0.9573510885238647
241,0.5869418382644653,0.13283072412014008,0.9999867081642151,0.5909630060195923,0.11929413676261902,0.9999591112136841,0.5952774286270142,0.11933430284261703,0.9999570846557617,0.599373996257782,0.11932447552680969,0.9999575018882751,0.5750565528869629,0.12000031024217606,0.9999587535858154,0.5678074955940247,0.12124970555305481,0.9999507665634155,0.5602938532829285,0.12337009608745575,0.9999473094940186,0.6007406115531921,0.12931403517723083,0.9999006986618042,0.545235812664032,0.13880594074726105,0.9998704791069031,0.5942570567131042,0.15357369184494019,0.999977707862854,0.5762062668800354,0.15546736121177673,0.9999709129333496,0.6529456377029419,0.24481528997421265,0.9998562932014465,0.505456268787384,0.2465674877166748,0.9999146461486816,0.64812171459198,0.36859190464019775,0.8870288133621216,0.4941873252391815,0.36046186089515686,0.932388424873352,0.6432087421417236,0.48255810141563416,0.746109664440155,0.48284509778022766,0.4671887159347534,0.8380153179168701,0.6436901092529297,0.5145469307899475,0.6774038076400757,0.4766443371772766,0.4971825182437897,0.7732348442077637,0.6378666162490845,0.5174833536148071,0.6931509375572205,0.4825504720211029,0.49792835116386414,0.7849977016448975,0.6341316103935242,0.5048022270202637,0.677285373210907,0.48813608288764954,0.48824772238731384,0.7695919275283813,0.6152075529098511,0.4856646656990051,0.9994120597839355,0.5396555066108704,0.4792475700378418,0.9997857809066772,0.5964122414588928,0.6531816124916077,0.8762502670288086,0.5650569796562195,0.6666653156280518,0.9608287215232849,0.49886810779571533,0.7821097373962402,0.9450300931930542,0.5892654657363892,0.8313377499580383,0.9652125835418701,0.47600626945495605,0.7889807224273682,0.8747900724411011,0.5946730971336365,0.848828911781311,0.8675509095191956,0.5035615563392639,0.8302404880523682,0.9441636800765991,0.57874995470047,0.8930420875549316,0.9596790671348572
242,0.5922057628631592,0.13286882638931274,0.999986469745636,0.5965136885643005,0.11930297315120697,0.999958872795105,0.6008782982826233,0.11935525387525558,0.9999560117721558,0.6055141091346741,0.11936097592115402,0.9999566078186035,0.5800631046295166,0.12006933242082596,0.9999595880508423,0.5728380680084229,0.12131248414516449,0.9999520182609558,0.5656096339225769,0.12338071316480637,0.9999495148658752,0.6074997186660767,0.12897919118404388,0.9999024271965027,0.5511830449104309,0.1386219710111618,0.9998766779899597,0.6000214219093323,0.15355093777179718,0.9999778866767883,0.5816724896430969,0.15547209978103638,0.9999724626541138,0.6596624851226807,0.24487906694412231,0.9998288154602051,0.5130140781402588,0.24728313088417053,0.9999147057533264,0.6582117676734924,0.3678240180015564,0.875765860080719,0.500418484210968,0.3689754605293274,0.9361101388931274,0.6589715480804443,0.4799300730228424,0.7282539010047913,0.49364137649536133,0.47527748346328735,0.8437504172325134,0.6563334465026855,0.5121553540229797,0.6604253649711609,0.49039751291275024,0.5049048662185669,0.779423177242279,0.6533364057540894,0.5150794386863708,0.6755813360214233,0.4988550841808319,0.5074986219406128,0.7907100915908813,0.6476522088050842,0.5023716688156128,0.660111665725708,0.5030544996261597,0.497658371925354,0.774450421333313,0.6243670582771301,0.48460692167282104,0.9993971586227417,0.5489099025726318,0.4806475043296814,0.9997678399085999,0.6440718770027161,0.6488564610481262,0.8871548175811768,0.5664774775505066,0.6629235744476318,0.9632666110992432,0.5386737585067749,0.7394076585769653,0.9462490081787109,0.5902908444404602,0.8352029323577881,0.9676960110664368,0.5186335444450378,0.7429572343826294,0.8755870461463928,0.5948425531387329,0.85096675157547,0.8715718388557434,0.5294017195701599,0.8103440403938293,0.9454159736633301,0.583256185054779,0.8915674090385437,0.962036669254303
243,0.5964745283126831,0.1313740462064743,0.9999827742576599,0.599550724029541,0.11735126376152039,0.9999504685401917,0.6037202477455139,0.11719691753387451,0.9999467730522156,0.6080487370491028,0.1171426996588707,0.9999474287033081,0.5835786461830139,0.11901433020830154,0.9999522566795349,0.5764453411102295,0.12045868486166,0.9999444484710693,0.5693024396896362,0.12245607376098633,0.999942421913147,0.6097521185874939,0.12622089684009552,0.9998924732208252,0.5549634099006653,0.1362043172121048,0.9998646378517151,0.6042699217796326,0.15144427120685577,0.9999749064445496,0.5865964293479919,0.1540333479642868,0.9999710917472839,0.6634819507598877,0.24124763906002045,0.9998143315315247,0.5196506977081299,0.24681426584720612,0.9999050498008728,0.6685398817062378,0.36096876859664917,0.8715145587921143,0.507645308971405,0.3678340017795563,0.9395557045936584,0.6751059889793396,0.4642764627933502,0.7286520600318909,0.5033033490180969,0.4738747775554657,0.8493562936782837,0.6782918572425842,0.49371761083602905,0.661674976348877,0.49963027238845825,0.5039121508598328,0.7862710952758789,0.6761602759361267,0.4952775835990906,0.6763169765472412,0.5069026947021484,0.5061644315719604,0.7970041632652283,0.668945848941803,0.4863082766532898,0.6611630320549011,0.5111751556396484,0.4966703951358795,0.7799098491668701,0.6305888295173645,0.48392680287361145,0.9993605017662048,0.5533531308174133,0.47750481963157654,0.9997151494026184,0.664727509021759,0.6422978043556213,0.8952839374542236,0.5688539743423462,0.6587603092193604,0.9640531539916992,0.5735726356506348,0.720594048500061,0.9370289444923401,0.592156708240509,0.8268217444419861,0.967930018901825,0.5523735880851746,0.7219545841217041,0.8610315322875977,0.5968306660652161,0.844265341758728,0.8626230955123901,0.5853822827339172,0.8020429015159607,0.9377779364585876,0.5886363387107849,0.8878806829452515,0.9608777761459351
244,0.6012099981307983,0.12417405098676682,0.9999817609786987,0.6035889387130737,0.10959286987781525,0.9999468922615051,0.6074868440628052,0.10937095433473587,0.99994295835495,0.6116896867752075,0.10930326581001282,0.9999433755874634,0.5879063010215759,0.1113596260547638,0.9999485611915588,0.5804665684700012,0.11309771984815598,0.9999395608901978,0.5730165243148804,0.11578451842069626,0.9999370574951172,0.6128903031349182,0.11865755915641785,0.999891459941864,0.5582531690597534,0.12940052151679993,0.999859094619751,0.6084551215171814,0.1434173882007599,0.999974250793457,0.5911347270011902,0.14589659869670868,0.9999708533287048,0.6678964495658875,0.23446646332740784,0.9998196959495544,0.5231289863586426,0.24408474564552307,0.9999008178710938,0.6746606230735779,0.35389646887779236,0.8777773976325989,0.5099875330924988,0.3645612597465515,0.9418672919273376,0.6892850399017334,0.4635055661201477,0.7474261522293091,0.5047953128814697,0.4722992479801178,0.8559271097183228,0.6946109533309937,0.49318012595176697,0.6831761598587036,0.5022946000099182,0.5024010539054871,0.7946944236755371,0.6915469765663147,0.49457117915153503,0.6967893838882446,0.5092329978942871,0.5049176812171936,0.8048060536384583,0.6847869157791138,0.4858918786048889,0.682017982006073,0.5131703019142151,0.495197594165802,0.787719190120697,0.6416823863983154,0.4777205288410187,0.9993500709533691,0.560207724571228,0.4771932065486908,0.9996985197067261,0.6687189936637878,0.6383795142173767,0.9039357900619507,0.5740125775337219,0.6559152603149414,0.9662626385688782,0.6149839758872986,0.7382698059082031,0.9338805079460144,0.5990827083587646,0.8243701457977295,0.9692933559417725,0.600992739200592,0.7301565408706665,0.8528249263763428,0.6032559871673584,0.840056836605072,0.8593387007713318,0.6355562210083008,0.8105682134628296,0.9344265460968018,0.5883902311325073,0.8841089606285095,0.961188554763794
245,0.6052733659744263,0.11356396228075027,0.9999783635139465,0.6071762442588806,0.09952711313962936,0.999936044216156,0.6109647750854492,0.09928718209266663,0.999932050704956,0.6153446435928345,0.0991840660572052,0.9999313950538635,0.5914158225059509,0.10216610133647919,0.9999336004257202,0.5843347907066345,0.1038958951830864,0.9999221563339233,0.5768359899520874,0.10604579746723175,0.9999175071716309,0.616870641708374,0.10838170349597931,0.9998766779899597,0.5623999834060669,0.11938346177339554,0.9998360872268677,0.6126448512077332,0.1314341127872467,0.9999715685844421,0.5952285528182983,0.13483765721321106,0.9999662637710571,0.6722156405448914,0.22429978847503662,0.9998246431350708,0.5280675292015076,0.23333148658275604,0.9998900890350342,0.677733302116394,0.34657934308052063,0.8804996609687805,0.5145476460456848,0.344684362411499,0.9364111423492432,0.6907020807266235,0.45203277468681335,0.754640519618988,0.506615936756134,0.4502910077571869,0.8481090068817139,0.6937517523765564,0.4853622317314148,0.6895886063575745,0.5029573440551758,0.4781338572502136,0.7867103219032288,0.6894671320915222,0.4853845238685608,0.7028859257698059,0.5091260075569153,0.4790521264076233,0.796828031539917,0.6827765107154846,0.47449836134910583,0.6871461868286133,0.5148964524269104,0.47103527188301086,0.7808537483215332,0.6521348357200623,0.4675349295139313,0.9993764758110046,0.569311797618866,0.46778440475463867,0.9996954202651978,0.6699567437171936,0.6351106762886047,0.9127671718597412,0.5847898125648499,0.6502100825309753,0.9687967896461487,0.6501794457435608,0.7926264405250549,0.9393063187599182,0.6049381494522095,0.8200536966323853,0.9714969992637634,0.6390443444252014,0.8098925352096558,0.8570955395698547,0.6112199425697327,0.8389583230018616,0.8619571924209595,0.691926121711731,0.8538414835929871,0.9388787150382996,0.5805726647377014,0.8789789080619812,0.9635222554206848
246,0.6076846122741699,0.10589902848005295,0.9999679327011108,0.6098210215568542,0.09171842783689499,0.9999039769172668,0.6136652827262878,0.09155222773551941,0.9998989701271057,0.6182204484939575,0.09152933955192566,0.9998965859413147,0.5938123464584351,0.09459652006626129,0.9999025464057922,0.5868173837661743,0.09638258814811707,0.9998849034309387,0.5792745351791382,0.09838026016950607,0.9998772740364075,0.620527446269989,0.10075606405735016,0.999813437461853,0.5650724172592163,0.11189404875040054,0.99978107213974,0.6153782606124878,0.12368373572826385,0.9999583959579468,0.597836971282959,0.12711428105831146,0.9999502301216125,0.6760942935943604,0.21524760127067566,0.9998091459274292,0.5311407446861267,0.22788022458553314,0.9998757839202881,0.6795246601104736,0.33842161297798157,0.8709882497787476,0.520871102809906,0.3442874848842621,0.9258249402046204,0.6854241490364075,0.44198861718177795,0.7323263883590698,0.5153248310089111,0.44817620515823364,0.8285369873046875,0.6871739029884338,0.48052096366882324,0.6691398620605469,0.5134750604629517,0.47754615545272827,0.766133189201355,0.6819132566452026,0.4797285795211792,0.6820816993713379,0.5194445848464966,0.47777438163757324,0.7761071920394897,0.6756380200386047,0.4656227231025696,0.666233241558075,0.523756742477417,0.46970364451408386,0.7610744833946228,0.6579992771148682,0.45782312750816345,0.9993906021118164,0.5733890533447266,0.46039170026779175,0.9996659755706787,0.6723158359527588,0.6235836744308472,0.9200748801231384,0.5955473780632019,0.6431776881217957,0.9696493744850159,0.6617737412452698,0.7977395057678223,0.9438995122909546,0.6234995126724243,0.8010087013244629,0.9720381498336792,0.6542345881462097,0.8201183676719666,0.8588860630989075,0.6311095952987671,0.8232814073562622,0.8588092923164368,0.6980910301208496,0.8572678565979004,0.9425130486488342,0.5820482969284058,0.8579498529434204,0.9643362164497375
247,0.6114518642425537,0.1028631180524826,0.9999620914459229,0.6134074926376343,0.08836182951927185,0.9998903274536133,0.6175053715705872,0.08817490190267563,0.999884843826294,0.6222279071807861,0.08812914043664932,0.9998828768730164,0.5972158312797546,0.09053079783916473,0.9998869895935059,0.5900716185569763,0.09203270077705383,0.9998666644096375,0.5826378464698792,0.0938730239868164,0.9998588562011719,0.6235421299934387,0.0967387706041336,0.9997754693031311,0.5688327550888062,0.10732439160346985,0.9997643232345581,0.6189292669296265,0.12111023813486099,0.9999533891677856,0.6014742255210876,0.12397018074989319,0.9999430775642395,0.6786883473396301,0.21161624789237976,0.9998031854629517,0.5360289812088013,0.22301091253757477,0.9998690485954285,0.6816552877426147,0.3362082242965698,0.8534883260726929,0.5302992463111877,0.34281665086746216,0.9268156886100769,0.6865981817245483,0.43910831212997437,0.7118077278137207,0.5253069400787354,0.44982045888900757,0.8233419060707092,0.6850297451019287,0.47746288776397705,0.6498906016349792,0.5222364068031311,0.4790493845939636,0.7582584619522095,0.6803642511367798,0.47777074575424194,0.6626791954040527,0.5275673866271973,0.47923773527145386,0.7678902745246887,0.6759136319160461,0.46373677253723145,0.6470170617103577,0.531898558139801,0.47081395983695984,0.7533299326896667,0.6606903076171875,0.4480196535587311,0.9994333386421204,0.5772661566734314,0.4503456950187683,0.9996736645698547,0.6813927888870239,0.6206283569335938,0.9264494776725769,0.6023193597793579,0.6309059858322144,0.9704942107200623,0.6538851261138916,0.7961997389793396,0.9468380212783813,0.6458548307418823,0.7705541849136353,0.963460385799408,0.6367954611778259,0.8182246088981628,0.8570303916931152,0.6470203995704651,0.7838245034217834,0.8249805569648743,0.6924172043800354,0.8529109358787537,0.944206953048706,0.6265352964401245,0.8156901597976685,0.9564933776855469
248,0.6154696345329285,0.10070379078388214,0.9999517202377319,0.6183335185050964,0.08563645929098129,0.9998664855957031,0.6232780814170837,0.08551099896430969,0.9998602867126465,0.6284703016281128,0.08556108176708221,0.9998594522476196,0.6015284061431885,0.087700255215168,0.9998601078987122,0.5940632224082947,0.08946999162435532,0.9998363852500916,0.5866650342941284,0.09179037809371948,0.9998319745063782,0.6304140090942383,0.0951630026102066,0.9997034668922424,0.5734080672264099,0.10511588305234909,0.9997377395629883,0.6230983138084412,0.12003592401742935,0.999946653842926,0.6049861311912537,0.12301139533519745,0.9999336004257202,0.6838542819023132,0.21038417518138885,0.9997940063476562,0.5383322834968567,0.22180387377738953,0.9998622536659241,0.6863254904747009,0.33627694845199585,0.8308839797973633,0.5338445901870728,0.3428916931152344,0.9264204502105713,0.6895878314971924,0.4385640323162079,0.6749361157417297,0.5338584184646606,0.4485055208206177,0.8058757185935974,0.6862411499023438,0.4754537343978882,0.6172078847885132,0.5356073975563049,0.4795122444629669,0.7374220490455627,0.6822295784950256,0.4755082428455353,0.629751980304718,0.5396755933761597,0.47966277599334717,0.7470495700836182,0.6786367297172546,0.4626336693763733,0.6151703000068665,0.5434141159057617,0.47047725319862366,0.7343811392784119,0.6703011393547058,0.447997123003006,0.9994730949401855,0.5861079096794128,0.45058223605155945,0.9996737837791443,0.6859137415885925,0.6217473149299622,0.9316985011100769,0.6123551726341248,0.6248785853385925,0.9701501131057739,0.6595423817634583,0.7937949895858765,0.9488106966018677,0.655298113822937,0.6814503073692322,0.9148285984992981,0.6433437466621399,0.812964141368866,0.8485725522041321,0.6527220606803894,0.683402419090271,0.7657266855239868,0.6962257623672485,0.8499321937561035,0.9440436363220215,0.652833104133606,0.749790370464325,0.9140709042549133
249,0.6193106174468994,0.10066180676221848,0.9999513626098633,0.6222046613693237,0.08521714806556702,0.9998695254325867,0.6271165013313293,0.08512525260448456,0.9998632073402405,0.6321040987968445,0.08521273732185364,0.9998629093170166,0.6054925918579102,0.08727960288524628,0.9998626112937927,0.5978416800498962,0.08921299129724503,0.999839723110199,0.5902034044265747,0.09172123670578003,0.9998368620872498,0.6325808167457581,0.09521491825580597,0.9997034072875977,0.5765529870986938,0.10449478030204773,0.999748170375824,0.6263523697853088,0.1203160509467125,0.999946653842926,0.6085069179534912,0.12337593734264374,0.9999330043792725,0.6872292757034302,0.20974797010421753,0.9997857809066772,0.5400188565254211,0.2216634750366211,0.9998504519462585,0.6917886734008789,0.337868869304657,0.8126283288002014,0.5381592512130737,0.3430434763431549,0.9250977039337158,0.6950811743736267,0.4410609304904938,0.6419280767440796,0.5413933396339417,0.448785662651062,0.7870233654975891,0.6898107528686523,0.4754967987537384,0.5872329473495483,0.547278106212616,0.48016735911369324,0.7159361839294434,0.6868323087692261,0.47604116797447205,0.599720299243927,0.5504575371742249,0.4803953766822815,0.7257198691368103,0.6842750906944275,0.46405279636383057,0.5867930054664612,0.5542916059494019,0.471024751663208,0.7140498161315918,0.6761201620101929,0.4474045932292938,0.9994982481002808,0.5952567458152771,0.4510755240917206,0.9996469616889954,0.6808769106864929,0.6222836971282959,0.9350031018257141,0.6221819519996643,0.6217701435089111,0.9678826928138733,0.6560666561126709,0.7920142412185669,0.9505962133407593,0.6833560466766357,0.6659207940101624,0.8840420246124268,0.639938235282898,0.8144954442977905,0.8489834666252136,0.6990122199058533,0.6740255355834961,0.7282149195671082,0.6976059079170227,0.8463186621665955,0.9443327784538269,0.6780883073806763,0.7468149662017822,0.8864091634750366
250,0.6208555698394775,0.10309766232967377,0.9999551773071289,0.6233243346214294,0.08798041194677353,0.999880313873291,0.6279000043869019,0.08788172900676727,0.9998743534088135,0.6327512264251709,0.08793260157108307,0.9998740553855896,0.606756865978241,0.08997564017772675,0.9998737573623657,0.5994319915771484,0.09178212285041809,0.9998526573181152,0.5920529961585999,0.09410373121500015,0.999850332736969,0.6327518224716187,0.09737065434455872,0.9997239708900452,0.5784969329833984,0.10692280530929565,0.9997690320014954,0.6285159587860107,0.12249043583869934,0.9999509453773499,0.6108454465866089,0.12525644898414612,0.9999383687973022,0.6914337277412415,0.21216201782226562,0.9997912049293518,0.5417311191558838,0.22234511375427246,0.9998538494110107,0.6935489177703857,0.3380448520183563,0.8132495880126953,0.5415341258049011,0.3461337685585022,0.9303344488143921,0.7051770091056824,0.4467054009437561,0.6448584198951721,0.5490849018096924,0.46172693371772766,0.7975255250930786,0.700623095035553,0.4797646701335907,0.5880254507064819,0.5496661067008972,0.49491724371910095,0.7270869612693787,0.6977555751800537,0.48144057393074036,0.6004988551139832,0.5562413334846497,0.49642905592918396,0.736412525177002,0.6947520971298218,0.471189022064209,0.5881661176681519,0.5605592727661133,0.4860953390598297,0.724459707736969,0.6746668815612793,0.44388020038604736,0.9995343089103699,0.6009386777877808,0.44836804270744324,0.9996433854103088,0.6710019111633301,0.6160839200019836,0.9394034147262573,0.6320182681083679,0.6123067736625671,0.9672389626502991,0.6513491868972778,0.7925851345062256,0.9541655778884888,0.7036749124526978,0.6341572403907776,0.8749443888664246,0.638617753982544,0.8173931837081909,0.8594275712966919,0.7203108072280884,0.6297282576560974,0.7149531245231628,0.700722336769104,0.843209981918335,0.9479483962059021,0.7178191542625427,0.7005080580711365,0.8775097727775574
251,0.6217087507247925,0.1044909805059433,0.9999589323997498,0.6247631311416626,0.08955886960029602,0.9998906254768372,0.6295362114906311,0.08943425118923187,0.9998851418495178,0.6346713304519653,0.08943938463926315,0.9998849630355835,0.6078701615333557,0.0915515273809433,0.9998845458030701,0.6005804538726807,0.09327489882707596,0.9998652935028076,0.5933511257171631,0.0954449474811554,0.9998635053634644,0.6357420682907104,0.09859180450439453,0.9997465014457703,0.5805539488792419,0.10833562165498734,0.9997896552085876,0.630841851234436,0.12385119497776031,0.9999551177024841,0.6121702194213867,0.12661927938461304,0.9999435544013977,0.6965042352676392,0.21341337263584137,0.999799907207489,0.5437533259391785,0.22275061905384064,0.999859094619751,0.7002384662628174,0.33859995007514954,0.8123067617416382,0.5464823246002197,0.3474119305610657,0.9336114525794983,0.7067995071411133,0.4483674466609955,0.6340287327766418,0.5554503798484802,0.4633725881576538,0.7974703311920166,0.7040244340896606,0.4800487160682678,0.5764919519424438,0.5556657314300537,0.4965135455131531,0.7252415418624878,0.6996917128562927,0.4817824959754944,0.5887354612350464,0.5617586374282837,0.4979687035083771,0.7343629598617554,0.6974803805351257,0.4717633128166199,0.576535701751709,0.5653061866760254,0.4877294898033142,0.7221348881721497,0.6780334115028381,0.4448617398738861,0.9995647668838501,0.6014930009841919,0.44932276010513306,0.9996476173400879,0.6748857498168945,0.6169276833534241,0.9440810084342957,0.6311222314834595,0.6146005988121033,0.9690306782722473,0.6517548561096191,0.7905375957489014,0.9578328728675842,0.7190778255462646,0.6229172945022583,0.8757944107055664,0.6394715905189514,0.8132629990577698,0.868854820728302,0.7397094964981079,0.6176590323448181,0.714740514755249,0.7017722725868225,0.8326637148857117,0.9516615271568298,0.7422840595245361,0.696210503578186,0.8768934607505798
252,0.6245892643928528,0.10493414103984833,0.9999621510505676,0.6276574730873108,0.09032753854990005,0.9998993873596191,0.6325159072875977,0.09025892615318298,0.9998942613601685,0.6376557350158691,0.09030648320913315,0.9998942017555237,0.6104512810707092,0.09229138493537903,0.9998934864997864,0.6029813289642334,0.0939968079328537,0.9998758435249329,0.5955699682235718,0.09620221704244614,0.9998746514320374,0.6388289332389832,0.09946373850107193,0.999765157699585,0.5823971629142761,0.10858261585235596,0.9998067617416382,0.6336007714271545,0.12407036870718002,0.9999586343765259,0.6146860122680664,0.12709693610668182,0.9999479651451111,0.69806969165802,0.21431908011436462,0.9998120665550232,0.5470880270004272,0.2246323674917221,0.9998642206192017,0.7003306150436401,0.33885982632637024,0.8088135719299316,0.5476910471916199,0.3484158515930176,0.9366608262062073,0.7069252729415894,0.4499672055244446,0.6311843991279602,0.5553831458091736,0.46663224697113037,0.8028898239135742,0.7066481113433838,0.4819696545600891,0.574761688709259,0.5565356612205505,0.49950310587882996,0.7306572198867798,0.7024499773979187,0.4844963848590851,0.5867245197296143,0.5634337067604065,0.5008776187896729,0.7395302653312683,0.6998596787452698,0.4738748371601105,0.5740334391593933,0.5665013790130615,0.49085915088653564,0.7271467447280884,0.6826174259185791,0.44614219665527344,0.9995970129966736,0.6051941514015198,0.4506111145019531,0.9996604323387146,0.6897153854370117,0.6153275966644287,0.948421835899353,0.6449182629585266,0.6126145124435425,0.9706071019172668,0.6529723405838013,0.7795243263244629,0.9610968232154846,0.7316227555274963,0.6418365240097046,0.8791120052337646,0.6381728053092957,0.8004573583602905,0.8755963444709778,0.7534271478652954,0.639831006526947,0.7178817987442017,0.6980403661727905,0.8232689499855042,0.9549251794815063,0.7557955384254456,0.7147938013076782,0.8799903988838196
253,0.6252339482307434,0.11336813122034073,0.9999640583992004,0.6287330985069275,0.09838379919528961,0.9999038577079773,0.6331936717033386,0.09813465178012848,0.9998985528945923,0.6376702785491943,0.0980512797832489,0.9998984932899475,0.6118620038032532,0.10047305375337601,0.9998990893363953,0.6045351028442383,0.10191243141889572,0.9998830556869507,0.5966629981994629,0.10373273491859436,0.9998826384544373,0.6393722891807556,0.10677013546228409,0.9997726678848267,0.5832125544548035,0.1160804033279419,0.9998182058334351,0.6349929571151733,0.1329663097858429,0.9999591112136841,0.61539626121521,0.13597670197486877,0.9999502897262573,0.6979883313179016,0.2158961445093155,0.9997984170913696,0.5485426187515259,0.22899684309959412,0.9998684525489807,0.701272189617157,0.3390307128429413,0.8027968406677246,0.5467491745948792,0.35213541984558105,0.9395828247070312,0.707528829574585,0.4499874413013458,0.6212816834449768,0.5590222477912903,0.470855712890625,0.8049213290214539,0.7070894241333008,0.48221254348754883,0.5618213415145874,0.5622707009315491,0.5030476450920105,0.729651689529419,0.7027471661567688,0.48470908403396606,0.5732586979866028,0.5699752569198608,0.503862202167511,0.738425076007843,0.7002305388450623,0.4739798605442047,0.5604931116104126,0.5728075504302979,0.49375051259994507,0.7266348004341125,0.6833474040031433,0.44433754682540894,0.999569296836853,0.6099336743354797,0.4494401216506958,0.9996652603149414,0.7040969133377075,0.5981607437133789,0.9502067565917969,0.6683273315429688,0.6068804264068604,0.9711165428161621,0.6519908308982849,0.7384948134422302,0.9611374735832214,0.7342459559440613,0.6662644147872925,0.8876942992210388,0.6334044933319092,0.7521246075630188,0.8737596869468689,0.7548059225082397,0.6698609590530396,0.7265409827232361,0.6922400593757629,0.7933976054191589,0.953762948513031,0.7385784387588501,0.7236076593399048,0.8873259425163269
254,0.623838484287262,0.13291969895362854,0.9999662041664124,0.6268650889396667,0.11748658120632172,0.9999089241027832,0.6314641833305359,0.1171741932630539,0.99990314245224,0.6360556483268738,0.11689751595258713,0.9999023079872131,0.6108202934265137,0.11927875876426697,0.9999058246612549,0.6034941077232361,0.12078447639942169,0.9998912215232849,0.5960593819618225,0.12201951444149017,0.9998912811279297,0.637989342212677,0.12557914853096008,0.9997777938842773,0.5831863880157471,0.13426916301250458,0.9998311400413513,0.6337944269180298,0.1514607071876526,0.9999593496322632,0.6139737367630005,0.15397313237190247,0.9999533891677856,0.696096658706665,0.23287613689899445,0.9997701644897461,0.5494718551635742,0.24466656148433685,0.9998767971992493,0.7008224725723267,0.3524562418460846,0.7874904274940491,0.5440906286239624,0.35826021432876587,0.943066418170929,0.7103293538093567,0.45288777351379395,0.6093162298202515,0.5566338300704956,0.47191399335861206,0.8129294514656067,0.7155905961990356,0.4848005473613739,0.550040066242218,0.5570425391197205,0.5025796890258789,0.7373632192611694,0.7124686241149902,0.48818740248680115,0.5613370537757874,0.5664710402488708,0.503808319568634,0.745975136756897,0.7074393630027771,0.4786599576473236,0.5482594966888428,0.5704939365386963,0.493732750415802,0.7342931032180786,0.6877228617668152,0.446797251701355,0.9995483756065369,0.6141757369041443,0.45398327708244324,0.9996875524520874,0.7172460556030273,0.5908741354942322,0.9527061581611633,0.6745945811271667,0.6027029752731323,0.9730910658836365,0.6455099582672119,0.6955402493476868,0.959557294845581,0.7421230673789978,0.6880052089691162,0.8975654244422913,0.6247603893280029,0.7036585807800293,0.8734781742095947,0.7575932741165161,0.6999874711036682,0.7410598993301392,0.689876914024353,0.7668517827987671,0.9515817165374756,0.7397401332855225,0.731390118598938,0.8963272571563721
255,0.6233274936676025,0.14958952367305756,0.9999654293060303,0.625626802444458,0.13416150212287903,0.9999048113822937,0.6302923560142517,0.13403457403182983,0.9998994469642639,0.6349581480026245,0.13393010199069977,0.9998969435691833,0.6097917556762695,0.13610950112342834,0.9999058842658997,0.6024993658065796,0.13762785494327545,0.9998928308486938,0.595462441444397,0.13920053839683533,0.9998936057090759,0.6370059251785278,0.14375481009483337,0.9997579455375671,0.58211350440979,0.15224331617355347,0.9998323321342468,0.6328617334365845,0.16702382266521454,0.9999521374702454,0.6136449575424194,0.17008529603481293,0.9999529123306274,0.6946893930435181,0.24801689386367798,0.999722957611084,0.5485197901725769,0.26180770993232727,0.9998811483383179,0.6988298892974854,0.3631264567375183,0.7683020234107971,0.5429440140724182,0.3658193051815033,0.9410894513130188,0.7119700908660889,0.4573011100292206,0.5837996602058411,0.5526723265647888,0.47616666555404663,0.8023600578308105,0.7188228368759155,0.4849817156791687,0.5302332639694214,0.5528956651687622,0.5049012899398804,0.725711464881897,0.716510534286499,0.48832792043685913,0.5419282913208008,0.5615209341049194,0.505949079990387,0.7348611354827881,0.710364580154419,0.479300320148468,0.526506245136261,0.5655366778373718,0.49611058831214905,0.7244726419448853,0.6888794898986816,0.45484721660614014,0.9994789361953735,0.617194414138794,0.4636046886444092,0.9997100234031677,0.730074405670166,0.5869998335838318,0.9548038244247437,0.6707473993301392,0.6001787185668945,0.9750609993934631,0.6445133090019226,0.6528781652450562,0.9530064463615417,0.7433804273605347,0.6893837451934814,0.906775176525116,0.6114551424980164,0.6526870131492615,0.8644124269485474,0.7582681179046631,0.7040770053863525,0.7512266635894775,0.6545446515083313,0.7263014316558838,0.9443367123603821,0.7434025406837463,0.744497537612915,0.9047002792358398
256,0.6228868961334229,0.15652526915073395,0.999962329864502,0.6229417324066162,0.14161525666713715,0.9998937249183655,0.6265830397605896,0.14156559109687805,0.9998887181282043,0.6296111941337585,0.14130333065986633,0.9998881816864014,0.6075057983398438,0.143787682056427,0.9999003410339355,0.600782036781311,0.14522486925125122,0.9998877048492432,0.5942524671554565,0.14667941629886627,0.9998904466629028,0.631076455116272,0.15045055747032166,0.9997367858886719,0.5814916491508484,0.1602248251438141,0.999812126159668,0.6321936845779419,0.17416484653949738,0.999940037727356,0.6125191450119019,0.17792527377605438,0.999947190284729,0.6920800805091858,0.2547820210456848,0.999602735042572,0.5477709174156189,0.27301037311553955,0.9998655319213867,0.6956112384796143,0.36433905363082886,0.7527494430541992,0.5418665409088135,0.37487372756004333,0.9397695064544678,0.709736704826355,0.45712509751319885,0.5534317493438721,0.5521569848060608,0.4780920147895813,0.7892431616783142,0.7153513431549072,0.48258712887763977,0.5033239126205444,0.5521673560142517,0.5052830576896667,0.7112448811531067,0.7130504250526428,0.4844180941581726,0.5145676732063293,0.5604444742202759,0.5064190626144409,0.7211300134658813,0.7079818844795227,0.47768834233283997,0.49892669916152954,0.5633599758148193,0.49805182218551636,0.7116209268569946,0.6861419081687927,0.45635828375816345,0.9994500279426575,0.6149837374687195,0.4681476652622223,0.999721348285675,0.7412844300270081,0.571000337600708,0.9577805995941162,0.6694634556770325,0.5917307734489441,0.9760134220123291,0.6362773180007935,0.6041157841682434,0.9499334692955017,0.7432437539100647,0.6903439164161682,0.9136512279510498,0.605158805847168,0.6045783758163452,0.8633098602294922,0.7583848834037781,0.7054488062858582,0.7622385621070862,0.6308588981628418,0.6909064650535583,0.9411652684211731,0.7446606755256653,0.7476782202720642,0.910215437412262
257,0.6167111992835999,0.155148446559906,0.9999579787254333,0.6172596216201782,0.1407662332057953,0.9998803734779358,0.6207730770111084,0.14057958126068115,0.9998756647109985,0.6234042048454285,0.14052222669124603,0.9998766183853149,0.6018106341362,0.1422823965549469,0.999893844127655,0.5945993065834045,0.14386507868766785,0.9998810887336731,0.5883112549781799,0.1457512378692627,0.9998855590820312,0.6253817677497864,0.14979767799377441,0.9997164011001587,0.5777544975280762,0.1585785448551178,0.9997910857200623,0.6263973712921143,0.17321030795574188,0.9999269247055054,0.6060330271720886,0.17645598948001862,0.9999403357505798,0.6851711273193359,0.25419750809669495,0.9994493722915649,0.5423292517662048,0.2741483151912689,0.9998448491096497,0.6901828646659851,0.36248448491096497,0.7365954518318176,0.5370238423347473,0.37288808822631836,0.9411485195159912,0.708217442035675,0.45359140634536743,0.5281489491462708,0.546690821647644,0.47683185338974,0.78715580701828,0.7136266827583313,0.4781665802001953,0.4811250865459442,0.5460995435714722,0.5049342513084412,0.7076546549797058,0.7107686400413513,0.47816550731658936,0.49182847142219543,0.558030903339386,0.5056387186050415,0.7176761627197266,0.7059581279754639,0.4713376760482788,0.4763956665992737,0.5603175759315491,0.49723994731903076,0.7082201242446899,0.684929609298706,0.4568735659122467,0.9994547367095947,0.6119499802589417,0.4685765206813812,0.9997325539588928,0.7408206462860107,0.5629575252532959,0.9605810046195984,0.6442135572433472,0.5798660516738892,0.9765908122062683,0.625313401222229,0.5856665372848511,0.9471847414970398,0.7388237118721008,0.6908702254295349,0.9195360541343689,0.5999042987823486,0.5851643681526184,0.8644407391548157,0.7532922625541687,0.7061125636100769,0.7742606401443481,0.6163814067840576,0.6726842522621155,0.938789427280426,0.74089515209198,0.746281623840332,0.9148333668708801
258,0.6060298681259155,0.14981421828269958,0.9999564290046692,0.6068369746208191,0.1353779286146164,0.9998729228973389,0.6112325191497803,0.13537980616092682,0.9998693466186523,0.6143644452095032,0.1352963000535965,0.9998685717582703,0.5908717513084412,0.13677528500556946,0.9998919367790222,0.5841687321662903,0.1383531540632248,0.9998806715011597,0.5775399804115295,0.14007608592510223,0.9998857975006104,0.6162891983985901,0.1446579396724701,0.9997012615203857,0.5680340528488159,0.15343235433101654,0.9997896552085876,0.6167905330657959,0.16787321865558624,0.9999233484268188,0.5968665480613708,0.17098543047904968,0.9999414682388306,0.6728682518005371,0.25248825550079346,0.999427855014801,0.5292949080467224,0.26734721660614014,0.9998517036437988,0.6812150478363037,0.35665348172187805,0.7364940047264099,0.5245679616928101,0.37072381377220154,0.9413245916366577,0.703690230846405,0.4496678113937378,0.5183789730072021,0.5365623831748962,0.4759986400604248,0.7834019064903259,0.7107576727867126,0.4748016893863678,0.47335517406463623,0.5380005836486816,0.5044723749160767,0.7032228708267212,0.7090433239936829,0.47436395287513733,0.4844672381877899,0.5489307641983032,0.5053799748420715,0.7133887410163879,0.7040485143661499,0.46734505891799927,0.4680451452732086,0.5513127446174622,0.4966333508491516,0.7050310969352722,0.6682641506195068,0.4473024606704712,0.9994386434555054,0.5997985601425171,0.46114659309387207,0.9997523427009583,0.73103266954422,0.5622196793556213,0.9628987908363342,0.6446168422698975,0.5798647999763489,0.9782617092132568,0.6111530065536499,0.6025364398956299,0.9445790648460388,0.7331115007400513,0.6884855031967163,0.9270277619361877,0.5881335139274597,0.6047739386558533,0.8619954586029053,0.7459208965301514,0.6994150280952454,0.7888525128364563,0.6115549802780151,0.6799144744873047,0.9356012344360352,0.7414291501045227,0.7421963810920715,0.9222934246063232
259,0.5967393517494202,0.1332727074623108,0.9999592900276184,0.5977462530136108,0.11788545548915863,0.9998816847801208,0.6025635600090027,0.11758937686681747,0.9998780488967896,0.6061286330223083,0.11729428172111511,0.9998776316642761,0.581277072429657,0.12053067982196808,0.9998990893363953,0.5748891830444336,0.12182282656431198,0.9998884201049805,0.5682984590530396,0.12345927208662033,0.9998937845230103,0.6081726551055908,0.12671791017055511,0.9997224807739258,0.5585383176803589,0.13532845675945282,0.9998047351837158,0.6077753901481628,0.14904388785362244,0.999929666519165,0.5865652561187744,0.15280963480472565,0.9999464750289917,0.6617932915687561,0.2357349991798401,0.9994596242904663,0.5169103741645813,0.25325286388397217,0.9998552799224854,0.6728929877281189,0.34812211990356445,0.7409977912902832,0.5197440981864929,0.3673913776874542,0.945345938205719,0.6985864043235779,0.44778746366500854,0.5227752923965454,0.5310130715370178,0.4751971662044525,0.7921475172042847,0.707048237323761,0.47423502802848816,0.4772775173187256,0.5317032933235168,0.5043981075286865,0.711796760559082,0.7060483694076538,0.4740088880062103,0.4884011149406433,0.5428698062896729,0.5042209029197693,0.722122848033905,0.7009000778198242,0.4665047228336334,0.4725428819656372,0.5458818674087524,0.49556058645248413,0.714738667011261,0.6581443548202515,0.44011977314949036,0.9994762539863586,0.5867252945899963,0.45571720600128174,0.9997623562812805,0.7248667478561401,0.556786835193634,0.9660953283309937,0.6410865187644958,0.5808108448982239,0.9795554280281067,0.613968014717102,0.6356614828109741,0.9484148621559143,0.729349672794342,0.6619272232055664,0.9321271181106567,0.5894483923912048,0.6404402256011963,0.8691303730010986,0.7430174350738525,0.6664982438087463,0.7964538335800171,0.6213545203208923,0.7092449069023132,0.939422070980072,0.7570434808731079,0.7112933397293091,0.9268588423728943
260,0.589363694190979,0.11581829935312271,0.9999594688415527,0.5912664532661438,0.10087397694587708,0.9998843669891357,0.5955545902252197,0.10112958401441574,0.9998789429664612,0.5985560417175293,0.10149303823709488,0.9998794794082642,0.5743777751922607,0.10249712318181992,0.9999000430107117,0.5672855973243713,0.10387244820594788,0.9998888373374939,0.5604995489120483,0.10537081956863403,0.999894917011261,0.6000020503997803,0.11030064523220062,0.9997262954711914,0.549870491027832,0.1173483282327652,0.9998128414154053,0.5993867516517639,0.13282370567321777,0.999934196472168,0.5778735280036926,0.1360277235507965,0.9999499917030334,0.6530494689941406,0.22166331112384796,0.9994918704032898,0.5059260725975037,0.2376762330532074,0.9998598098754883,0.6658198833465576,0.3423580825328827,0.7348493933677673,0.5111806392669678,0.3576345145702362,0.9495849013328552,0.6882898211479187,0.44573232531547546,0.525371789932251,0.5242396593093872,0.46409857273101807,0.8029884696006775,0.6976531744003296,0.47504475712776184,0.4804896116256714,0.5232723951339722,0.4964728057384491,0.7232983708381653,0.6944381594657898,0.4749833345413208,0.49232912063598633,0.5346695780754089,0.49623316526412964,0.733741283416748,0.6877275109291077,0.466933935880661,0.4784385561943054,0.5390937924385071,0.48741739988327026,0.726889967918396,0.6472026705741882,0.43935859203338623,0.9995174407958984,0.5760517716407776,0.4529404044151306,0.9997658133506775,0.7142594456672668,0.5629176497459412,0.9675341248512268,0.6359601616859436,0.5909279584884644,0.9793330430984497,0.6156092286109924,0.6881559491157532,0.9500954747200012,0.6626778244972229,0.6565589308738708,0.9280788898468018,0.5916809439659119,0.6973051428794861,0.8744906783103943,0.6613420844078064,0.6567738652229309,0.7812293171882629,0.6234338283538818,0.7499604821205139,0.9417881965637207,0.6903166174888611,0.7137525677680969,0.9239621162414551
261,0.5842222571372986,0.10909140855073929,0.9999441504478455,0.5854155421257019,0.09405224025249481,0.9998490214347839,0.5889469385147095,0.09432292729616165,0.9998379349708557,0.5917151570320129,0.09467191994190216,0.9998323917388916,0.5692892670631409,0.09556856006383896,0.9998582005500793,0.5620290040969849,0.09706389904022217,0.999840497970581,0.5550401210784912,0.0988713800907135,0.9998502135276794,0.5923260450363159,0.10332055389881134,0.9996028542518616,0.5427022576332092,0.11114990711212158,0.9997808337211609,0.5929118990898132,0.1264035403728485,0.9999281764030457,0.5725273489952087,0.12968051433563232,0.9999432563781738,0.6466450691223145,0.21532154083251953,0.9995138645172119,0.5001201629638672,0.23021352291107178,0.9998591542243958,0.6568453311920166,0.3374950587749481,0.7135913372039795,0.5068557262420654,0.3499698340892792,0.9511327743530273,0.6747756004333496,0.4406936764717102,0.5047317743301392,0.5156476497650146,0.45711737871170044,0.7988475561141968,0.6796059608459473,0.471174955368042,0.46582743525505066,0.5164952874183655,0.48976314067840576,0.7182533144950867,0.6762300133705139,0.4713214933872223,0.47800761461257935,0.527055025100708,0.48923876881599426,0.7298504114151001,0.6709140539169312,0.4613809287548065,0.46653100848197937,0.5311203598976135,0.4804222881793976,0.7262952923774719,0.6377546787261963,0.4394272565841675,0.9995514154434204,0.5641796588897705,0.4498618543148041,0.9997084736824036,0.6769601106643677,0.593727171421051,0.957673966884613,0.6212509870529175,0.6033754348754883,0.9668514132499695,0.6258737444877625,0.7640200853347778,0.9482085704803467,0.6040515303611755,0.5399128198623657,0.8454598784446716,0.6110790967941284,0.7882054448127747,0.8716375827789307,0.6078183054924011,0.516971230506897,0.7161827087402344,0.6737152934074402,0.8129227757453918,0.9403330087661743,0.5984006524085999,0.5744063854217529,0.8496624231338501
262,0.5750170946121216,0.10410795360803604,0.9999436736106873,0.5769466757774353,0.0890158861875534,0.9998524785041809,0.5811846852302551,0.08894877880811691,0.9998410940170288,0.5843174457550049,0.08907247334718704,0.9998351335525513,0.5602938532829285,0.09088059514760971,0.9998573064804077,0.5531435012817383,0.09255272895097733,0.9998385310173035,0.5461915731430054,0.09462744742631912,0.9998482465744019,0.585910439491272,0.09767181426286697,0.9996083378791809,0.5350589156150818,0.10661875456571579,0.9997873306274414,0.5851603746414185,0.12135128676891327,0.9999321103096008,0.5636164546012878,0.12504428625106812,0.999945342540741,0.6421545743942261,0.21273767948150635,0.9995518326759338,0.4941166341304779,0.22798092663288116,0.9998646378517151,0.6519708037376404,0.33525875210762024,0.7011577486991882,0.4968264400959015,0.3456243872642517,0.950824499130249,0.6694537401199341,0.4374281167984009,0.49163195490837097,0.49989697337150574,0.45158374309539795,0.7889683842658997,0.674446165561676,0.4667358696460724,0.4558642506599426,0.5007224678993225,0.4834008812904358,0.7093755602836609,0.673524022102356,0.4665108621120453,0.4682729244232178,0.5112314224243164,0.4838431179523468,0.721302330493927,0.6675881743431091,0.45718255639076233,0.4592519700527191,0.514136016368866,0.474381685256958,0.7203419804573059,0.6333078145980835,0.4403911232948303,0.9995908737182617,0.5555875897407532,0.44950416684150696,0.9997050166130066,0.6640000939369202,0.6053318381309509,0.9549025893211365,0.5968796610832214,0.6174451112747192,0.9652130007743835,0.6313365697860718,0.7707812786102295,0.947517991065979,0.5805878639221191,0.5260087847709656,0.7769241333007812,0.6176950931549072,0.7965311408042908,0.8662281036376953,0.5847100019454956,0.4992709755897522,0.6593188047409058,0.6844783425331116,0.8197250366210938,0.9396718144416809,0.5715140700340271,0.5570074915885925,0.7898163199424744
263,0.5676590204238892,0.09964340925216675,0.9999414086341858,0.5703248977661133,0.08449694514274597,0.9998547434806824,0.5749383568763733,0.08440876752138138,0.9998433589935303,0.5782642960548401,0.08453992009162903,0.9998362064361572,0.5533440709114075,0.08647608757019043,0.9998530745506287,0.5463752150535583,0.08826621621847153,0.9998331665992737,0.5395579934120178,0.09038829803466797,0.9998419284820557,0.580616295337677,0.09335153549909592,0.9996147751808167,0.529338002204895,0.10222195833921432,0.9997918009757996,0.5786311626434326,0.11713150888681412,0.9999353289604187,0.5564269423484802,0.12048221379518509,0.9999464154243469,0.638759195804596,0.21053117513656616,0.9995865225791931,0.4869837462902069,0.22531379759311676,0.9998668432235718,0.6482255458831787,0.33421504497528076,0.6935827136039734,0.49146994948387146,0.3428631126880646,0.9488097429275513,0.663689911365509,0.43798911571502686,0.4771660268306732,0.49448686838150024,0.4492312967777252,0.7720496654510498,0.6650261878967285,0.4681551158428192,0.4443572461605072,0.49393513798713684,0.48092272877693176,0.6940203309059143,0.6639444828033447,0.46808868646621704,0.4568272531032562,0.5033228397369385,0.4813927412033081,0.7066792249679565,0.6598470211029053,0.45812734961509705,0.44975292682647705,0.5077717900276184,0.470853716135025,0.7085312604904175,0.6282925605773926,0.44089701771736145,0.9996261596679688,0.5460520386695862,0.45000967383384705,0.9996854662895203,0.658821702003479,0.6075555086135864,0.9533460140228271,0.5772466659545898,0.6223257184028625,0.9642069339752197,0.6368209719657898,0.7719396948814392,0.946699321269989,0.5520009994506836,0.4978269934654236,0.7136872410774231,0.6223067045211792,0.7948333621025085,0.8641722798347473,0.5568270683288574,0.4672755300998688,0.6064472198486328,0.6885439157485962,0.8216820359230042,0.9389061331748962,0.5413594841957092,0.5206106901168823,0.7326962947845459
264,0.561741292476654,0.08945467323064804,0.9999410510063171,0.5654106736183167,0.07402186095714569,0.9998610019683838,0.5697935819625854,0.07382573187351227,0.9998503923416138,0.5731666684150696,0.07388900965452194,0.9998431205749512,0.5472164750099182,0.07597489655017853,0.9998528957366943,0.5396098494529724,0.07775313407182693,0.9998318552970886,0.5326300859451294,0.07976782321929932,0.9998390078544617,0.5760347247123718,0.08365564048290253,0.9996336698532104,0.5224320888519287,0.09191548079252243,0.9997970461845398,0.5730332732200623,0.10923846811056137,0.9999393224716187,0.5492578148841858,0.11169862002134323,0.9999476671218872,0.6355677247047424,0.20568934082984924,0.9996220469474792,0.4806624948978424,0.21718387305736542,0.999862790107727,0.6453529596328735,0.32999932765960693,0.6970443725585938,0.48468682169914246,0.3345496356487274,0.942794919013977,0.6638070940971375,0.4361075460910797,0.4776284992694855,0.48824068903923035,0.4458954334259033,0.7480978965759277,0.6669973731040955,0.4678443372249603,0.44536301493644714,0.48997360467910767,0.4748956859111786,0.6733686327934265,0.6653913855552673,0.46794289350509644,0.4580981731414795,0.4957948327064514,0.47367939352989197,0.6867882609367371,0.6603306531906128,0.4572385251522064,0.4522288739681244,0.498155802488327,0.4619154632091522,0.6910475492477417,0.6197003126144409,0.44046953320503235,0.999659538269043,0.5322425365447998,0.4496801495552063,0.9996643662452698,0.6518958806991577,0.6099334955215454,0.9521978497505188,0.5594356656074524,0.6241719722747803,0.9630864262580872,0.6401894688606262,0.7721530199050903,0.9464880228042603,0.539242148399353,0.47926539182662964,0.6568858623504639,0.6275191307067871,0.7984344363212585,0.8636446595191956,0.5460512638092041,0.4473748505115509,0.5585228800773621,0.6934729814529419,0.8204740881919861,0.9388779401779175,0.5340403914451599,0.4971188008785248,0.6825053095817566
265,0.5566006302833557,0.08090795576572418,0.9999237656593323,0.5607737898826599,0.06548038870096207,0.9998377561569214,0.5656035542488098,0.06527312099933624,0.9998298287391663,0.56907719373703,0.06534551829099655,0.9998193979263306,0.5424066185951233,0.06754816323518753,0.9998025298118591,0.535081148147583,0.0690789520740509,0.9997724294662476,0.5279929041862488,0.07097069919109344,0.9997689127922058,0.5722614526748657,0.07497519254684448,0.9995836615562439,0.5187063813209534,0.08310390263795853,0.9997486472129822,0.5682535171508789,0.1003805473446846,0.9999350309371948,0.544459342956543,0.1026725247502327,0.9999352097511292,0.6322468519210815,0.1963416039943695,0.9996522665023804,0.4762727618217468,0.20193637907505035,0.9998593926429749,0.6421308517456055,0.320563942193985,0.7034430503845215,0.4701628088951111,0.3121074140071869,0.9422064423561096,0.6600313782691956,0.4287159740924835,0.49116837978363037,0.46891525387763977,0.4261292815208435,0.7429280281066895,0.6664892435073853,0.46099892258644104,0.45804503560066223,0.4702164828777313,0.4520528018474579,0.6679893732070923,0.663561999797821,0.4610639810562134,0.47085607051849365,0.4752553403377533,0.4518529176712036,0.6815820336341858,0.6577946543693542,0.45106664299964905,0.4649389088153839,0.47794681787490845,0.4437706768512726,0.687247633934021,0.6081011891365051,0.4382678270339966,0.999690592288971,0.5175660848617554,0.4423982501029968,0.9996641874313354,0.6349769830703735,0.6075394749641418,0.9490673542022705,0.5435038805007935,0.6210881471633911,0.962821900844574,0.6392340660095215,0.7735944390296936,0.9448378086090088,0.5212050676345825,0.4834353029727936,0.6060618162155151,0.6264355778694153,0.7969354391098022,0.8601126074790955,0.5262525677680969,0.45153164863586426,0.5137408375740051,0.6928118467330933,0.8182296752929688,0.9365437030792236,0.5026333332061768,0.5043579936027527,0.6349425315856934
266,0.5515345931053162,0.07148367911577225,0.9999274611473083,0.5551658868789673,0.05537960305809975,0.9998465776443481,0.5603709816932678,0.05531824380159378,0.9998400807380676,0.5650714039802551,0.05532524362206459,0.9998303055763245,0.5372604131698608,0.05749144032597542,0.9998098015785217,0.5301606059074402,0.059390872716903687,0.9997799396514893,0.5235530138015747,0.06140517815947533,0.9997738003730774,0.5682557821273804,0.06528580188751221,0.9996079206466675,0.5135455131530762,0.07394640892744064,0.9997521042823792,0.5635701417922974,0.09141753613948822,0.9999388456344604,0.5399476289749146,0.09359060972929001,0.9999369382858276,0.6270015835762024,0.18845950067043304,0.9996824860572815,0.468927800655365,0.19185346364974976,0.9998558759689331,0.6382089853286743,0.31628236174583435,0.7259120345115662,0.4629981219768524,0.30094584822654724,0.9434860944747925,0.656562089920044,0.4224191904067993,0.5258789658546448,0.46333402395248413,0.4144187569618225,0.742663562297821,0.663292407989502,0.45436394214630127,0.4914531111717224,0.46448901295661926,0.4404953122138977,0.6648892164230347,0.6612785458564758,0.4555385112762451,0.5039805173873901,0.46910926699638367,0.44019660353660583,0.6794387698173523,0.6545870304107666,0.4457087516784668,0.49653053283691406,0.47252583503723145,0.43239161372184753,0.6862545609474182,0.5968066453933716,0.4274929463863373,0.9997163414955139,0.5089818835258484,0.4285030663013458,0.9996476769447327,0.6171495914459229,0.6027673482894897,0.9513459205627441,0.5313680171966553,0.6104254126548767,0.9628711342811584,0.6391106247901917,0.7662894129753113,0.9484925270080566,0.5264416337013245,0.5153737664222717,0.5683573484420776,0.6242618560791016,0.7915030717849731,0.8671998381614685,0.5381928086280823,0.49157601594924927,0.48060595989227295,0.687077522277832,0.8148456811904907,0.940526008605957,0.5402253270149231,0.5523583292961121,0.6018328666687012
267,0.5479757785797119,0.06590063124895096,0.9999229311943054,0.5506167411804199,0.04960515722632408,0.9998297691345215,0.5555310845375061,0.04955236613750458,0.9998242855072021,0.5602735877037048,0.049550995230674744,0.9998136758804321,0.5332727432250977,0.05189124867320061,0.9997880458831787,0.5264168977737427,0.053535059094429016,0.9997527003288269,0.520246148109436,0.05520151928067207,0.9997338652610779,0.5626286268234253,0.06055000051856041,0.9995617270469666,0.5089593529701233,0.06740077584981918,0.9996863603591919,0.5596678256988525,0.0852029100060463,0.9999326467514038,0.5366381406784058,0.08741001784801483,0.9999270439147949,0.620383083820343,0.1840071827173233,0.9997009634971619,0.45986801385879517,0.18858669698238373,0.9998285174369812,0.6317226886749268,0.31719300150871277,0.7441511154174805,0.45468905568122864,0.2966161370277405,0.9399086833000183,0.6539847254753113,0.42097923159599304,0.5610888004302979,0.4554421305656433,0.3989907503128052,0.7414817810058594,0.6630398035049438,0.452950119972229,0.5262873768806458,0.45734497904777527,0.4297557473182678,0.6650033593177795,0.6596753597259521,0.45407599210739136,0.5383537411689758,0.46449610590934753,0.4275914430618286,0.6796327233314514,0.6524295210838318,0.44477540254592896,0.5296140909194946,0.46668025851249695,0.42003172636032104,0.6845341920852661,0.5875776410102844,0.4282881021499634,0.9997375011444092,0.5005833506584167,0.4264218509197235,0.9996594190597534,0.6107566952705383,0.6019127368927002,0.9555075168609619,0.511780321598053,0.5793758630752563,0.9651343822479248,0.6213741302490234,0.7608968019485474,0.9529944062232971,0.5376785397529602,0.6466343402862549,0.6062538623809814,0.6110779643058777,0.7840561866760254,0.8772061467170715,0.5460166335105896,0.6499837040901184,0.5038848519325256,0.678528904914856,0.8107060790061951,0.9456366300582886,0.5418583750724792,0.7235737442970276,0.6360315680503845
268,0.5452951788902283,0.06446460634469986,0.9999226927757263,0.5481517314910889,0.048358313739299774,0.9998250007629395,0.5530998110771179,0.04853266105055809,0.9998196959495544,0.5582102537155151,0.04891505837440491,0.9998104572296143,0.5306521654129028,0.050251927226781845,0.9997794032096863,0.523476779460907,0.05173483490943909,0.9997413158416748,0.5171154141426086,0.05369763821363449,0.9997145533561707,0.5607237219810486,0.060671355575323105,0.9995556473731995,0.5046054124832153,0.0665726438164711,0.9996288418769836,0.5562390089035034,0.08384265750646591,0.9999299049377441,0.5323432683944702,0.08578990399837494,0.9999200105667114,0.6157397031784058,0.18514347076416016,0.9997138381004333,0.4528966248035431,0.18715828657150269,0.9997578859329224,0.6269667148590088,0.3188721835613251,0.7607158422470093,0.4562629163265228,0.3020412027835846,0.9229729771614075,0.6473633050918579,0.4236779808998108,0.5905101299285889,0.45405057072639465,0.41114920377731323,0.7125910520553589,0.6582983136177063,0.45515716075897217,0.5519565939903259,0.45564329624176025,0.44269290566444397,0.6387587785720825,0.6529779434204102,0.45601028203964233,0.5642147660255432,0.4599645733833313,0.44105884432792664,0.6529020667076111,0.646129846572876,0.44520315527915955,0.5547986030578613,0.4638635814189911,0.43166089057922363,0.655813455581665,0.5834503769874573,0.4295123219490051,0.9997355937957764,0.4945128858089447,0.42939379811286926,0.9996331334114075,0.6079992651939392,0.6013465523719788,0.95842045545578,0.5170614719390869,0.5944857001304626,0.9669870138168335,0.592475414276123,0.7583068609237671,0.9560257196426392,0.538641095161438,0.7402349710464478,0.6437175273895264,0.5839238166809082,0.7810046076774597,0.8830551505088806,0.543999195098877,0.755954921245575,0.5337898135185242,0.6354347467422485,0.8075387477874756,0.9489586353302002,0.5317584872245789,0.8092799782752991,0.6698176264762878
269,0.540172815322876,0.07222449779510498,0.9999260902404785,0.5456101894378662,0.056074440479278564,0.999828040599823,0.5507454872131348,0.05615588650107384,0.9998226761817932,0.5558947920799255,0.05650793015956879,0.9998131990432739,0.5272098183631897,0.057662803679704666,0.9997846484184265,0.5199125409126282,0.05897602438926697,0.9997475743293762,0.5130478739738464,0.06077353283762932,0.9997208118438721,0.5582934617996216,0.06741966307163239,0.9995788335800171,0.5010250806808472,0.0729968249797821,0.9996210336685181,0.5498145818710327,0.09169988334178925,0.9999313950538635,0.5256177186965942,0.09400154650211334,0.9999209642410278,0.6111118197441101,0.18958690762519836,0.999722421169281,0.4488314688205719,0.19088171422481537,0.999750018119812,0.6258501410484314,0.32058146595954895,0.7770260572433472,0.44849589467048645,0.3036537766456604,0.9200797080993652,0.6412121057510376,0.42591750621795654,0.6195231080055237,0.445147842168808,0.41426604986190796,0.7168508172035217,0.6516788005828857,0.4605616331100464,0.5788158178329468,0.44320109486579895,0.44641372561454773,0.6449764966964722,0.645142138004303,0.4618382453918457,0.5906335711479187,0.45009443163871765,0.44435909390449524,0.6589288115501404,0.6381058096885681,0.4528600871562958,0.5806936025619507,0.4550532102584839,0.4348495900630951,0.6584576368331909,0.5794707536697388,0.434759259223938,0.9996679425239563,0.49076712131500244,0.4305836260318756,0.9996159076690674,0.5980660915374756,0.6070879697799683,0.9612652063369751,0.5024473667144775,0.6270021200180054,0.969285786151886,0.571565568447113,0.755672037601471,0.9561768770217896,0.5193822979927063,0.813293993473053,0.6783196330070496,0.5605301260948181,0.7722201943397522,0.8765920400619507,0.5281698703765869,0.8350318074226379,0.5623915791511536,0.5973675847053528,0.8116177320480347,0.9496432542800903,0.5129018425941467,0.9014202356338501,0.700861394405365
270,0.5357823967933655,0.076346255838871,0.999931275844574,0.5423299074172974,0.05754099413752556,0.9998383522033691,0.5478359460830688,0.05776181071996689,0.999833345413208,0.5530285835266113,0.05887893959879875,0.9998239874839783,0.5223802328109741,0.05790966376662254,0.9997989535331726,0.5145530700683594,0.060183942317962646,0.9997648000717163,0.5081619024276733,0.06251798570156097,0.999739408493042,0.5562949180603027,0.07417427748441696,0.9996110796928406,0.49632272124290466,0.073646679520607,0.9996387958526611,0.5474637746810913,0.10194700211286545,0.9999355673789978,0.5206184983253479,0.1028142049908638,0.9999256134033203,0.6098333597183228,0.20473353564739227,0.9997220039367676,0.44053298234939575,0.1989731639623642,0.9997380971908569,0.6278031468391418,0.33436205983161926,0.7920851707458496,0.44521886110305786,0.3154570162296295,0.9154911637306213,0.6389279961585999,0.44593021273612976,0.6426976919174194,0.4379216134548187,0.42899373173713684,0.7063573002815247,0.6473971605300903,0.4795331358909607,0.5991248488426208,0.43980374932289124,0.4661344289779663,0.6358854174613953,0.6388628482818604,0.47982293367385864,0.6103819012641907,0.4489661455154419,0.46481794118881226,0.6496723294258118,0.6315270066261292,0.46937039494514465,0.6005470752716064,0.454279363155365,0.45241105556488037,0.6475363373756409,0.5768259167671204,0.4582516551017761,0.9996165037155151,0.4862145781517029,0.4567320644855499,0.9996213912963867,0.587462306022644,0.6273944973945618,0.964205265045166,0.48952245712280273,0.6505991816520691,0.971743643283844,0.5603795051574707,0.7530909180641174,0.9571654200553894,0.4929095506668091,0.8485691547393799,0.7096583247184753,0.5493847727775574,0.771300196647644,0.872883141040802,0.5048382878303528,0.8690825700759888,0.5894528031349182,0.582002580165863,0.8180411458015442,0.9504429697990417,0.4837214946746826,0.9174545407295227,0.7288569211959839
271,0.5344628095626831,0.1054949089884758,0.9999363422393799,0.5400564074516296,0.08774421364068985,0.9998488426208496,0.5456173419952393,0.08783283084630966,0.9998442530632019,0.5506558418273926,0.0882444679737091,0.9998341798782349,0.521648645401001,0.08858270943164825,0.9998140931129456,0.5144329071044922,0.08917535841464996,0.9997828602790833,0.5076924562454224,0.08992494642734528,0.9997584223747253,0.5534340739250183,0.09928736090660095,0.9996331930160522,0.49591559171676636,0.10123717039823532,0.9996592402458191,0.5459985733032227,0.12556388974189758,0.9999374747276306,0.5211296677589417,0.12667594850063324,0.9999292492866516,0.60867840051651,0.22891250252723694,0.9997286796569824,0.440586119890213,0.22452381253242493,0.9997567534446716,0.6267815232276917,0.35895541310310364,0.8058299422264099,0.44129735231399536,0.3521381914615631,0.9183825850486755,0.6373400092124939,0.4685001075267792,0.6705986857414246,0.4383217692375183,0.46781638264656067,0.7206676602363586,0.6491431593894958,0.5007503032684326,0.6268306374549866,0.4398788809776306,0.5039929151535034,0.6520054936408997,0.6407837867736816,0.501892626285553,0.637618362903595,0.4481806457042694,0.5027506351470947,0.6658958792686462,0.6326563358306885,0.49075058102607727,0.6276866793632507,0.4522424340248108,0.4888872802257538,0.6615867018699646,0.5762856006622314,0.48167097568511963,0.9995985627174377,0.48558637499809265,0.4823983907699585,0.9996543526649475,0.586773157119751,0.6400728225708008,0.9665964841842651,0.4769236743450165,0.6648425459861755,0.9743006825447083,0.5648131370544434,0.7585113644599915,0.9592738747596741,0.47052302956581116,0.8654686808586121,0.7382757067680359,0.5555083155632019,0.7740821242332458,0.8781838417053223,0.48430827260017395,0.8954553604125977,0.6208702325820923,0.5890132784843445,0.826447606086731,0.9524298906326294,0.4417484998703003,0.9217645525932312,0.7547831535339355
272,0.531859278678894,0.12919145822525024,0.9999350905418396,0.536558210849762,0.11222603172063828,0.9998369216918945,0.5421968102455139,0.11227300763130188,0.9998319149017334,0.5471740365028381,0.11228600889444351,0.9998183250427246,0.5189945101737976,0.11320935189723969,0.9998111724853516,0.512451708316803,0.11396735161542892,0.9997791051864624,0.5055286288261414,0.11507327109575272,0.9997538924217224,0.550449013710022,0.12190394848585129,0.9995962977409363,0.4948199391365051,0.12630267441272736,0.9996082782745361,0.5431753993034363,0.14657598733901978,0.9999186396598816,0.5194304585456848,0.14836516976356506,0.9999165534973145,0.6083908677101135,0.24408376216888428,0.9997060894966125,0.44172579050064087,0.24176214635372162,0.9997618794441223,0.625540554523468,0.3678184151649475,0.8192334175109863,0.43829599022865295,0.3694022595882416,0.9165353775024414,0.6360470652580261,0.48205825686454773,0.6933948993682861,0.43878573179244995,0.48788219690322876,0.720241367816925,0.6474521160125732,0.5154366493225098,0.6477761268615723,0.4399098753929138,0.5217291712760925,0.6500822305679321,0.6387055516242981,0.5171982645988464,0.6580412983894348,0.4458296597003937,0.5229467749595642,0.6654472351074219,0.6310061812400818,0.5062280297279358,0.6472939252853394,0.4506525695323944,0.5088171362876892,0.6609086394309998,0.5768301486968994,0.4963448941707611,0.999518096446991,0.4846588969230652,0.4948764443397522,0.9996812343597412,0.5901750922203064,0.6513866782188416,0.9685631990432739,0.4622102975845337,0.672890305519104,0.976507306098938,0.575052797794342,0.7670613527297974,0.9605177044868469,0.45174962282180786,0.8677232265472412,0.7639086246490479,0.5646466016769409,0.7836398482322693,0.8779662847518921,0.4644280672073364,0.9070538282394409,0.650202751159668,0.599675714969635,0.8298215866088867,0.953069269657135,0.39031559228897095,0.901463508605957,0.7777657508850098
273,0.5279038548469543,0.13483819365501404,0.9999386072158813,0.533585250377655,0.11743728071451187,0.9998427629470825,0.5393970012664795,0.1172647476196289,0.9998380541801453,0.5448338985443115,0.11712606251239777,0.9998237490653992,0.5153830051422119,0.11913775652647018,0.9998212456703186,0.5086191296577454,0.12009485065937042,0.9997915029525757,0.5019441246986389,0.12109397351741791,0.9997670650482178,0.5485626459121704,0.12672322988510132,0.9996082782745361,0.49082526564598083,0.13287928700447083,0.9996129274368286,0.5401327610015869,0.15285862982273102,0.9999161958694458,0.5154757499694824,0.1546282321214676,0.9999158382415771,0.6066674590110779,0.2513951063156128,0.9996896386146545,0.43765509128570557,0.25134962797164917,0.9997701048851013,0.61992347240448,0.3759775459766388,0.8318811655044556,0.43581467866897583,0.3816722333431244,0.9155421257019043,0.6324538588523865,0.4924667775630951,0.7155112624168396,0.4345363676548004,0.49650371074676514,0.727266252040863,0.6433761119842529,0.5266742706298828,0.6686999797821045,0.43301329016685486,0.5341091752052307,0.6577781438827515,0.6345478892326355,0.5272152423858643,0.6786156296730042,0.43880021572113037,0.5334030389785767,0.6739885210990906,0.6274518966674805,0.5159456133842468,0.6670631766319275,0.44312116503715515,0.5181799530982971,0.6682777404785156,0.5711022615432739,0.49931684136390686,0.9994772672653198,0.4786648154258728,0.4998486340045929,0.9997068047523499,0.5951955318450928,0.6527404189109802,0.9704116582870483,0.45517340302467346,0.6745757460594177,0.97849440574646,0.5849722027778625,0.7710696458816528,0.9617487788200378,0.43941476941108704,0.8656917214393616,0.7870105504989624,0.5749813914299011,0.7908850908279419,0.8770127892494202,0.44944241642951965,0.9100882411003113,0.6762726306915283,0.6039332151412964,0.8306760191917419,0.9537391066551208,0.3698267638683319,0.888163149356842,0.7985656261444092
274,0.52235347032547,0.1348986029624939,0.9999423623085022,0.5302442908287048,0.11818203330039978,0.9998502135276794,0.5368048548698425,0.11851906031370163,0.9998455047607422,0.542677104473114,0.11867097020149231,0.9998312592506409,0.5098700523376465,0.1195073202252388,0.9998319745063782,0.5027978420257568,0.12072297185659409,0.9998037219047546,0.4967747926712036,0.1219078078866005,0.9997806549072266,0.547720193862915,0.12935838103294373,0.9996248483657837,0.4862975776195526,0.13522031903266907,0.9996213316917419,0.5366290807723999,0.15586616098880768,0.999914824962616,0.5098278522491455,0.15680570900440216,0.9999157190322876,0.6028968095779419,0.25680604577064514,0.9996861815452576,0.4323039650917053,0.25850924849510193,0.9997759461402893,0.6160932183265686,0.3827720582485199,0.8434101343154907,0.42982837557792664,0.3876349925994873,0.908897876739502,0.6276288628578186,0.5017063021659851,0.7337976098060608,0.42649155855178833,0.503157913684845,0.7222464084625244,0.6386151313781738,0.5342990159988403,0.6859082579612732,0.4268557131290436,0.5431347489356995,0.6518654823303223,0.6306830644607544,0.5356359481811523,0.6956453919410706,0.43303999304771423,0.5408569574356079,0.6699329018592834,0.623193085193634,0.5248811841011047,0.6831192374229431,0.435638427734375,0.5252682566642761,0.6640461087226868,0.5610858201980591,0.5111365914344788,0.9994664192199707,0.46783679723739624,0.5132191777229309,0.9997305274009705,0.5890688300132751,0.6583054661750793,0.9720680117607117,0.4506553113460541,0.6932126879692078,0.9803082942962646,0.5986794233322144,0.7745473980903625,0.963475227355957,0.4278140664100647,0.875720202922821,0.8078514933586121,0.593533456325531,0.7930145263671875,0.877877414226532,0.4343101978302002,0.9202277064323425,0.7013170719146729,0.623818576335907,0.8359551429748535,0.9555270671844482,0.35579901933670044,0.8894912004470825,0.8174518942832947
275,0.5178756713867188,0.12796089053153992,0.9999460577964783,0.5266993641853333,0.11134751886129379,0.9998589158058167,0.533403754234314,0.11161086708307266,0.9998545050621033,0.5398603081703186,0.11188074946403503,0.9998406767845154,0.5058174729347229,0.11272771656513214,0.999843418598175,0.49831661581993103,0.11402945965528488,0.9998165965080261,0.4924163520336151,0.1154802218079567,0.9997944831848145,0.5456483960151672,0.1225242167711258,0.9996458292007446,0.4802267849445343,0.12807220220565796,0.9996364712715149,0.5319461822509766,0.1497642546892166,0.9999164342880249,0.5046493411064148,0.15023335814476013,0.9999170303344727,0.5990630388259888,0.2500424385070801,0.9996885061264038,0.42496544122695923,0.2534264326095581,0.9997869729995728,0.6063883304595947,0.3760526776313782,0.8517462015151978,0.4286641478538513,0.381536066532135,0.8978263735771179,0.6264280676841736,0.4961349368095398,0.7437605261802673,0.42445164918899536,0.49593988060951233,0.708500862121582,0.6365795731544495,0.5301337242126465,0.6911661028862,0.42810460925102234,0.5317643284797668,0.638355016708374,0.6289365291595459,0.530756950378418,0.7014610171318054,0.43300801515579224,0.5295926928520203,0.6576471924781799,0.6214526891708374,0.5215107202529907,0.6882676482200623,0.43407100439071655,0.5159037113189697,0.648930549621582,0.5584753155708313,0.507542610168457,0.9994584918022156,0.46445953845977783,0.5119496583938599,0.999753475189209,0.5873974561691284,0.6586074829101562,0.9738004803657532,0.44865143299102783,0.7045990228652954,0.9821168780326843,0.6083535552024841,0.7784257531166077,0.9655804634094238,0.4324425160884857,0.9009230732917786,0.8268817067146301,0.6038090586662292,0.7982192039489746,0.8811524510383606,0.44399723410606384,0.9428620338439941,0.7249900698661804,0.6560968160629272,0.8366392254829407,0.9576933979988098,0.36623111367225647,0.9359445571899414,0.8351165056228638
276,0.5083779096603394,0.12480702996253967,0.9999497532844543,0.5181443691253662,0.10769525915384293,0.9998675584793091,0.5253503322601318,0.10856826603412628,0.9998635649681091,0.5317551493644714,0.10945773869752884,0.9998500943183899,0.4957854449748993,0.10784251987934113,0.9998540878295898,0.48925381898880005,0.10866352915763855,0.9998286366462708,0.48249974846839905,0.1098611056804657,0.9998068809509277,0.5388170480728149,0.1203499361872673,0.999670147895813,0.4713199734687805,0.12447407096624374,0.999653697013855,0.5223495364189148,0.148352712392807,0.9999203681945801,0.4940551221370697,0.14788302779197693,0.9999206066131592,0.5918476581573486,0.24518078565597534,0.9997059106826782,0.4146628975868225,0.24891190230846405,0.9997991323471069,0.6079656481742859,0.37604010105133057,0.8625133037567139,0.4164744019508362,0.37833061814308167,0.8918513655662537,0.6233670115470886,0.4935051500797272,0.7608413696289062,0.41776806116104126,0.4917752146720886,0.6990938782691956,0.6339535713195801,0.5297754406929016,0.7081153392791748,0.418559193611145,0.5290676355361938,0.628635585308075,0.622061550617218,0.529630720615387,0.7179133892059326,0.427327036857605,0.5258516669273376,0.6488591432571411,0.6146727204322815,0.5209064483642578,0.7044809460639954,0.42915618419647217,0.5127898454666138,0.6390381455421448,0.5535757541656494,0.5066525340080261,0.9994633197784424,0.4569295644760132,0.5124756097793579,0.9997738599777222,0.584537923336029,0.6626690030097961,0.9754222631454468,0.44899284839630127,0.7179123163223267,0.983684778213501,0.6069458723068237,0.7822661399841309,0.9670302271842957,0.4448126554489136,0.9280790686607361,0.8439195156097412,0.60163813829422,0.80420982837677,0.882720947265625,0.4563296437263489,0.9625184535980225,0.7449787855148315,0.655627429485321,0.8426269292831421,0.9590259194374084,0.3921125531196594,0.9789702296257019,0.850780725479126
277,0.5011579394340515,0.11872991919517517,0.9999536275863647,0.5114867687225342,0.10154305398464203,0.9998769164085388,0.5190864205360413,0.10273213684558868,0.9998725056648254,0.5254533886909485,0.10394957661628723,0.9998592138290405,0.48874685168266296,0.10113098472356796,0.9998661875724792,0.48273929953575134,0.10170557349920273,0.9998428821563721,0.47599542140960693,0.10282199829816818,0.9998233318328857,0.5331788659095764,0.11494546383619308,0.9996934533119202,0.4655598998069763,0.11846635490655899,0.9996838569641113,0.5155518054962158,0.1456463485956192,0.9999265670776367,0.48672184348106384,0.14287284016609192,0.9999275803565979,0.5853083729743958,0.24258075654506683,0.9997121095657349,0.406080961227417,0.24615773558616638,0.9998172521591187,0.6047731041908264,0.37801218032836914,0.8668808341026306,0.4053087532520294,0.3815847933292389,0.8989468812942505,0.6147630214691162,0.490584135055542,0.7624099254608154,0.40317246317863464,0.5073339939117432,0.7180102467536926,0.6204637289047241,0.5293244123458862,0.707204282283783,0.39821571111679077,0.5448960661888123,0.6493898630142212,0.6110053062438965,0.5291059017181396,0.7164600491523743,0.4063520133495331,0.544707179069519,0.6684498190879822,0.604926586151123,0.5185588002204895,0.7040228843688965,0.41049960255622864,0.5324217677116394,0.657956063747406,0.5495035648345947,0.5096851587295532,0.9994514584541321,0.4538201689720154,0.5183022618293762,0.9997887015342712,0.5869414210319519,0.6725244522094727,0.9769763946533203,0.45514199137687683,0.7338809370994568,0.9851207137107849,0.592567503452301,0.7964804768562317,0.9675552248954773,0.4570869505405426,0.9402483701705933,0.8591745495796204,0.578827440738678,0.8156759738922119,0.882721483707428,0.46822017431259155,0.9612051248550415,0.761364758014679,0.6418898105621338,0.8621978759765625,0.9593141078948975,0.39895328879356384,0.9973584413528442,0.8646934628486633
278,0.49610841274261475,0.11127499490976334,0.9999551177024841,0.5070123672485352,0.09352859109640121,0.9998784065246582,0.5145642757415771,0.09462183713912964,0.9998714923858643,0.5211422443389893,0.09585864096879959,0.9998571276664734,0.48298391699790955,0.09347601979970932,0.9998721480369568,0.4765205681324005,0.09411117434501648,0.999849796295166,0.4694923460483551,0.09536612778902054,0.9998329281806946,0.5291355848312378,0.10787489265203476,0.9996979236602783,0.45861372351646423,0.11154760420322418,0.9997029304504395,0.5112946033477783,0.1383727639913559,0.999929666519165,0.48065540194511414,0.13609719276428223,0.9999325275421143,0.5791051387786865,0.2410413771867752,0.9996957778930664,0.3992363512516022,0.2450614869594574,0.9998307824134827,0.588781476020813,0.3795761168003082,0.8598806858062744,0.398727148771286,0.3867277503013611,0.9040769934654236,0.6038996577262878,0.48860058188438416,0.7492533326148987,0.39498981833457947,0.5154224634170532,0.7329959273338318,0.6125692129135132,0.528232216835022,0.6937801241874695,0.391133189201355,0.5526857972145081,0.6657975316047668,0.6074835658073425,0.5285444855690002,0.7029204964637756,0.39970067143440247,0.5534481406211853,0.683882474899292,0.6001732349395752,0.5175004005432129,0.6921268105506897,0.40373483300209045,0.5417565703392029,0.6731640696525574,0.5487298965454102,0.5122556090354919,0.9993919134140015,0.4531342089176178,0.5222322940826416,0.9997850060462952,0.5827317237854004,0.6837603449821472,0.9777900576591492,0.46270689368247986,0.7412450909614563,0.9860205054283142,0.5649718046188354,0.8104709386825562,0.9651555418968201,0.47379985451698303,0.9219852089881897,0.8722942471504211,0.5483676195144653,0.8227086663246155,0.8767463564872742,0.47968974709510803,0.9434956312179565,0.7714068293571472,0.5935593843460083,0.8807077407836914,0.9574001431465149,0.47710561752319336,0.9850866794586182,0.8761797547340393
279,0.49102672934532166,0.1063096821308136,0.999954879283905,0.5024658441543579,0.08932820707559586,0.9998753070831299,0.5099182724952698,0.0905269905924797,0.9998681545257568,0.5171032547950745,0.09197410941123962,0.9998536109924316,0.4784057140350342,0.08890347182750702,0.9998694658279419,0.4708542823791504,0.08963591605424881,0.999846339225769,0.46429330110549927,0.09091385453939438,0.9998296499252319,0.5250162482261658,0.10431262105703354,0.9997066855430603,0.4533315896987915,0.10776478797197342,0.9996951818466187,0.5063432455062866,0.1337718367576599,0.9999322891235352,0.47503218054771423,0.1317445933818817,0.9999349117279053,0.5756654739379883,0.23983187973499298,0.9997102618217468,0.39946529269218445,0.24483147263526917,0.9998351335525513,0.5873305201530457,0.3802471458911896,0.8666122555732727,0.4024721384048462,0.3825659453868866,0.9035329222679138,0.5952487587928772,0.4930054545402527,0.7611735463142395,0.39408981800079346,0.5100943446159363,0.7385775446891785,0.6038861274719238,0.5332739353179932,0.7057875394821167,0.3894236981868744,0.547766923904419,0.6729182004928589,0.5998974442481995,0.5335803031921387,0.7149239778518677,0.39704805612564087,0.5483016967773438,0.6908688545227051,0.5937650203704834,0.5240442752838135,0.7041778564453125,0.4008161425590515,0.5375545620918274,0.6796799898147583,0.5443891882896423,0.5122748017311096,0.9993389844894409,0.45038995146751404,0.5221205353736877,0.9997617602348328,0.5700157880783081,0.6864718198776245,0.9758176207542419,0.4661308228969574,0.746208131313324,0.9854363203048706,0.5368192195892334,0.8183396458625793,0.9503238797187805,0.4926665723323822,0.9417675733566284,0.8822600841522217,0.5219228863716125,0.8244450688362122,0.8472241163253784,0.4953662157058716,0.9580349326133728,0.7686018943786621,0.5542508959770203,0.8921499252319336,0.9443206191062927,0.5053068995475769,1.0080199241638184,0.8833765983581543
280,0.48456871509552,0.10422874242067337,0.9999501705169678,0.4961053133010864,0.08755907416343689,0.9998586773872375,0.5037198662757874,0.08882025629281998,0.9998500347137451,0.5109670162200928,0.09041526913642883,0.9998356699943542,0.472398042678833,0.08677089959383011,0.9998514652252197,0.4650871753692627,0.08750030398368835,0.9998281598091125,0.459125816822052,0.08876796066761017,0.9998151659965515,0.5192041993141174,0.10364846885204315,0.99969881772995,0.44901856780052185,0.10580389201641083,0.9996749758720398,0.4998232424259186,0.13233992457389832,0.9999333620071411,0.4697829782962799,0.12980332970619202,0.9999347925186157,0.5734705924987793,0.23944203555583954,0.9997107982635498,0.3935588002204895,0.24382735788822174,0.9998306632041931,0.5899387001991272,0.385516494512558,0.8719713091850281,0.3888259530067444,0.38046929240226746,0.9075921177864075,0.5946563482284546,0.5002350807189941,0.7695675492286682,0.3854105770587921,0.5093444585800171,0.753631055355072,0.6023035049438477,0.5412507653236389,0.7143747806549072,0.3813609182834625,0.5489748120307922,0.6896898746490479,0.5962957739830017,0.5406826734542847,0.7234704494476318,0.3912932872772217,0.5491706132888794,0.706774890422821,0.5896474719047546,0.5314188003540039,0.7133954763412476,0.3954951763153076,0.5367698073387146,0.6958025693893433,0.5415084958076477,0.5214046239852905,0.9992286562919617,0.44447606801986694,0.5263744592666626,0.9996591210365295,0.5407702326774597,0.7095688581466675,0.9700354337692261,0.46087446808815,0.7474040389060974,0.977454662322998,0.5065346360206604,0.844931960105896,0.9237082004547119,0.5029168128967285,0.9233576655387878,0.8795691728591919,0.4980059862136841,0.8436409831047058,0.8041303157806396,0.5104773044586182,0.9416592717170715,0.742608904838562,0.516472578048706,0.9342217445373535,0.9165292978286743,0.5130781531333923,0.9977136254310608,0.8753225803375244
281,0.48182880878448486,0.10431590676307678,0.9999498128890991,0.4930005371570587,0.08767033368349075,0.9998581409454346,0.5004644393920898,0.08884493261575699,0.9998499751091003,0.5080971717834473,0.09051375091075897,0.9998376965522766,0.46849873661994934,0.08704659342765808,0.9998475909233093,0.46057286858558655,0.08777289092540741,0.9998236298561096,0.4550415873527527,0.08900363743305206,0.9998113512992859,0.5153025984764099,0.10369329154491425,0.9997128844261169,0.4436841607093811,0.10567489266395569,0.9996693730354309,0.4982306659221649,0.13221386075019836,0.9999366998672485,0.466669499874115,0.12981556355953217,0.9999358057975769,0.5715681910514832,0.24220089614391327,0.9997231364250183,0.38651689887046814,0.24433015286922455,0.9998022317886353,0.5894908905029297,0.39836251735687256,0.8797236084938049,0.392809122800827,0.38905543088912964,0.9003381729125977,0.593412458896637,0.5275550484657288,0.7792989611625671,0.38276785612106323,0.5247106552124023,0.7467628717422485,0.6003661751747131,0.5661806464195251,0.724222719669342,0.3799246847629547,0.5642810463905334,0.6834903955459595,0.5921266674995422,0.5671582818031311,0.7334401607513428,0.3870352804660797,0.5659069418907166,0.7007700204849243,0.585561215877533,0.555399477481842,0.7240408658981323,0.393076628446579,0.5537441372871399,0.6911609768867493,0.5334638953208923,0.5354117751121521,0.9991911053657532,0.43541255593299866,0.5358518362045288,0.9995421171188354,0.5270048379898071,0.7317071557044983,0.9652172923088074,0.4449082612991333,0.7522550225257874,0.9703278541564941,0.49760717153549194,0.8780154585838318,0.9099141359329224,0.5019571781158447,0.9087070226669312,0.871137261390686,0.4893074035644531,0.8872259259223938,0.7736620306968689,0.5126233100891113,0.9279367327690125,0.7190853357315063,0.508445143699646,0.960512101650238,0.899328887462616,0.51018226146698,0.9775344133377075,0.8625006079673767
282,0.47813546657562256,0.10712578892707825,0.9999513030052185,0.4894927442073822,0.09118886291980743,0.9998624920845032,0.49704301357269287,0.09209197014570236,0.9998559951782227,0.5045157670974731,0.09331509470939636,0.9998450875282288,0.46511387825012207,0.09074374288320541,0.9998494982719421,0.45739051699638367,0.09143286943435669,0.9998267292976379,0.451873779296875,0.09245423227548599,0.9998139142990112,0.5119295120239258,0.10629059374332428,0.9997311234474182,0.4419505298137665,0.1092614158987999,0.9996777772903442,0.49573659896850586,0.13458195328712463,0.9999403357505798,0.46380093693733215,0.1331569105386734,0.9999372363090515,0.5716301202774048,0.2497675120830536,0.9997376203536987,0.3845371603965759,0.2476661205291748,0.9997540712356567,0.5877159833908081,0.40814992785453796,0.8863871097564697,0.3897859454154968,0.3954981565475464,0.8886863589286804,0.593489408493042,0.5375363826751709,0.7849978804588318,0.38309597969055176,0.5344904661178589,0.720672607421875,0.6018506288528442,0.5753624439239502,0.7283424735069275,0.3767175078392029,0.5757609009742737,0.657158613204956,0.5940581560134888,0.5771638751029968,0.7380684018135071,0.3868599236011505,0.5753283500671387,0.6742643713951111,0.5864805579185486,0.5653728246688843,0.7291487455368042,0.3917076885700226,0.5625508427619934,0.667432427406311,0.5300328731536865,0.5388343334197998,0.9991293549537659,0.4304211139678955,0.5382812023162842,0.9993656277656555,0.525337278842926,0.733843982219696,0.9617806077003479,0.4255581796169281,0.7494295835494995,0.9647257924079895,0.508406400680542,0.9121279120445251,0.905664324760437,0.49739333987236023,0.9163656234741211,0.8664990663528442,0.5058624744415283,0.9271374344825745,0.7482197284698486,0.5115768313407898,0.9338820576667786,0.6971659064292908,0.514847457408905,0.97943514585495,0.8899481296539307,0.5000571608543396,0.9815672039985657,0.8529481291770935
283,0.47568070888519287,0.10921727120876312,0.9999494552612305,0.4876215159893036,0.09373882412910461,0.9998586177825928,0.4954960346221924,0.09466903656721115,0.9998535513877869,0.5032453536987305,0.09592179208993912,0.9998438954353333,0.46312621235847473,0.09250795841217041,0.9998422861099243,0.4549870491027832,0.09288828074932098,0.9998202919960022,0.44934701919555664,0.09356082230806351,0.9998055696487427,0.5114794969558716,0.11004571616649628,0.9997332096099854,0.4384744465351105,0.11065219342708588,0.9996656775474548,0.49364620447158813,0.13764098286628723,0.999940812587738,0.46077585220336914,0.1356184482574463,0.9999353885650635,0.5707697868347168,0.2538587152957916,0.9997454881668091,0.3793153464794159,0.2519865334033966,0.9997284412384033,0.5843220353126526,0.4135901629924774,0.8939113616943359,0.37891024351119995,0.40448829531669617,0.8890780806541443,0.59369957447052,0.5433198809623718,0.7991986870765686,0.3765130043029785,0.5405843257904053,0.7123838663101196,0.6032983064651489,0.5790541768074036,0.7434400320053101,0.3739131987094879,0.5818339586257935,0.6477518081665039,0.5949957370758057,0.5797617435455322,0.7528988718986511,0.38413184881210327,0.5823270678520203,0.6646074652671814,0.5875141620635986,0.568168580532074,0.7440101504325867,0.38901129364967346,0.5685442090034485,0.6596114039421082,0.5297320485115051,0.5456404089927673,0.9990699291229248,0.4277021288871765,0.5444080233573914,0.999279260635376,0.5352267622947693,0.7474163770675659,0.9623326659202576,0.4123232960700989,0.756130039691925,0.965777575969696,0.5211158990859985,0.9113101363182068,0.9070949554443359,0.4518302381038666,0.9252513647079468,0.8719779849052429,0.515381932258606,0.9227566123008728,0.7396214008331299,0.468016654253006,0.936518669128418,0.6843434572219849,0.5369329452514648,0.9834266901016235,0.8871431946754456,0.4487534761428833,1.00591242313385,0.8530445694923401
284,0.47188809514045715,0.10906244069337845,0.999952495098114,0.48396873474121094,0.09356842935085297,0.9998672604560852,0.49225062131881714,0.0946306437253952,0.9998626708984375,0.5005397200584412,0.09583964943885803,0.9998542070388794,0.45863625407218933,0.09213625639677048,0.999851405620575,0.45003247261047363,0.09255484491586685,0.9998306632041931,0.44438689947128296,0.0933237373828888,0.9998166561126709,0.5098040699958801,0.1097351461648941,0.9997518062591553,0.432815819978714,0.11057806760072708,0.9996838569641113,0.49033015966415405,0.13731151819229126,0.9999446272850037,0.4564056396484375,0.13554321229457855,0.99993896484375,0.567722737789154,0.25470712780952454,0.9997588992118835,0.376425564289093,0.25382477045059204,0.9997235536575317,0.5829562544822693,0.41442281007766724,0.9012905359268188,0.37600329518318176,0.40824568271636963,0.8891993165016174,0.5923458337783813,0.5463971495628357,0.8130967617034912,0.37607014179229736,0.5396823287010193,0.7087195515632629,0.6024221181869507,0.5814602971076965,0.7587088942527771,0.3734327554702759,0.5811634659767151,0.6425488591194153,0.593352198600769,0.5820208787918091,0.7678253054618835,0.38499608635902405,0.5808301568031311,0.659466028213501,0.5862039923667908,0.5709417462348938,0.7586522698402405,0.3894394338130951,0.5676692724227905,0.655289351940155,0.5316770672798157,0.5489475131034851,0.9990726709365845,0.42775729298591614,0.550810694694519,0.9992762207984924,0.5523754954338074,0.7507477402687073,0.96485835313797,0.40367797017097473,0.7688888311386108,0.968421220779419,0.5637176632881165,0.9233599901199341,0.9124777317047119,0.40575096011161804,0.9532466530799866,0.8828285336494446,0.5536466240882874,0.9392004013061523,0.7370532155036926,0.4056481122970581,0.9839223027229309,0.6878179311752319,0.581506073474884,0.9939025044441223,0.8909974098205566,0.384220153093338,1.0443527698516846,0.86290043592453
285,0.47011202573776245,0.10369586944580078,0.9999556541442871,0.4822823703289032,0.08741195499897003,0.9998754858970642,0.4906274676322937,0.08852365612983704,0.9998713135719299,0.4978953003883362,0.08987779915332794,0.9998634457588196,0.45640021562576294,0.08651932328939438,0.9998608827590942,0.4474329948425293,0.08712665736675262,0.9998423457145691,0.44070693850517273,0.08813640475273132,0.9998294115066528,0.5064213871955872,0.10454680025577545,0.999767541885376,0.42865535616874695,0.10550142824649811,0.9997062087059021,0.4874769449234009,0.1321588158607483,0.9999482035636902,0.45350396633148193,0.1302008032798767,0.9999428987503052,0.5643836259841919,0.2530318796634674,0.9997724294662476,0.37080174684524536,0.25267335772514343,0.9997402429580688,0.5798717141151428,0.4097348153591156,0.9068091511726379,0.37464460730552673,0.4036235511302948,0.8955233097076416,0.5911380052566528,0.5424579381942749,0.8228279948234558,0.3688070476055145,0.5335988998413086,0.7235921025276184,0.6018058657646179,0.5793168544769287,0.769071102142334,0.36467769742012024,0.5749647617340088,0.6583834290504456,0.5929009318351746,0.5797593593597412,0.7779736518859863,0.3734116852283478,0.5742971897125244,0.6747105121612549,0.5858342051506042,0.5687828660011292,0.7685765624046326,0.3787827789783478,0.5612820386886597,0.6703936457633972,0.5323773622512817,0.5454856753349304,0.9991271495819092,0.4265599846839905,0.5497691035270691,0.9993190765380859,0.575032114982605,0.7423676252365112,0.9679393768310547,0.3981049358844757,0.7738437056541443,0.9713073968887329,0.6045994758605957,0.9071187973022461,0.9202733635902405,0.356174498796463,0.9488809108734131,0.8939145803451538,0.5940476059913635,0.9270888566970825,0.7499387264251709,0.3636833727359772,0.9621787071228027,0.703711986541748,0.6251363754272461,0.9810394048690796,0.8995237350463867,0.34575414657592773,1.0271551609039307,0.8747540712356567
286,0.4646030068397522,0.09541250765323639,0.9999578595161438,0.4774622619152069,0.07992906123399734,0.9998815059661865,0.48610779643058777,0.080918088555336,0.9998775720596313,0.4932413399219513,0.0821491926908493,0.9998703598976135,0.45199474692344666,0.07996337860822678,0.9998683333396912,0.44307979941368103,0.08129936456680298,0.999851405620575,0.43622350692749023,0.08248091489076614,0.9998394250869751,0.5023868083953857,0.09611599892377853,0.999777615070343,0.4266534447669983,0.09891390055418015,0.9997227191925049,0.48204976320266724,0.12246764451265335,0.9999493956565857,0.4478839933872223,0.12153967469930649,0.9999443888664246,0.5596813559532166,0.24653935432434082,0.999772846698761,0.368203729391098,0.2447851449251175,0.9997531771659851,0.5736238956451416,0.40006038546562195,0.9070590734481812,0.370486319065094,0.39904823899269104,0.8978538513183594,0.5831099152565002,0.5403072834014893,0.8212516903877258,0.36187413334846497,0.5222158432006836,0.7279929518699646,0.5964785218238831,0.5733082890510559,0.7658119201660156,0.3589562773704529,0.5686153769493103,0.663048267364502,0.5874404311180115,0.5742574334144592,0.7745834589004517,0.3668617308139801,0.5664318203926086,0.6792669892311096,0.5793741345405579,0.5632629990577698,0.7646048665046692,0.3711167275905609,0.5523220896720886,0.6745468378067017,0.5322259068489075,0.5414077639579773,0.9991573691368103,0.42502111196517944,0.5467076897621155,0.9993616342544556,0.582021176815033,0.7391749620437622,0.9706372022628784,0.3826679289340973,0.7714922428131104,0.9739986062049866,0.6294251680374146,0.9059799909591675,0.9273431897163391,0.34174224734306335,0.9624099731445312,0.9041091203689575,0.6163843870162964,0.9276578426361084,0.7617071866989136,0.34892454743385315,0.9750524163246155,0.7183403968811035,0.6610817313194275,0.9767071008682251,0.9072699546813965,0.3276962339878082,1.04545259475708,0.8858458399772644
287,0.4610045850276947,0.08146686106920242,0.9999598264694214,0.47383612394332886,0.06546682864427567,0.9998875260353088,0.48231127858161926,0.06658598780632019,0.9998837113380432,0.48920774459838867,0.06805549561977386,0.9998771548271179,0.44952261447906494,0.06648124754428864,0.9998751282691956,0.4415779411792755,0.06815370172262192,0.9998588562011719,0.4340081214904785,0.06996416300535202,0.999847412109375,0.5008001327514648,0.08301205188035965,0.9997878670692444,0.4265965223312378,0.08644302189350128,0.999737560749054,0.4787590801715851,0.10619894415140152,0.9999508857727051,0.44573473930358887,0.10639198124408722,0.9999457597732544,0.5585780739784241,0.2313479781150818,0.9997813701629639,0.36984705924987793,0.23168309032917023,0.9997668862342834,0.5736386775970459,0.3847171664237976,0.9088813662528992,0.3652082681655884,0.391338974237442,0.9000126123428345,0.5776166915893555,0.5358189344406128,0.8270640969276428,0.36088502407073975,0.5217732191085815,0.7347260117530823,0.5912774801254272,0.5718444585800171,0.770826518535614,0.3589203357696533,0.5674425959587097,0.6692196726799011,0.5821657776832581,0.5733273029327393,0.7793147563934326,0.36760321259498596,0.5655220150947571,0.684941828250885,0.5741461515426636,0.5620845556259155,0.7684967517852783,0.3722105324268341,0.5510721206665039,0.6794415712356567,0.528695821762085,0.5393205881118774,0.9992049932479858,0.4199357032775879,0.5464085340499878,0.9994069337844849,0.58006352186203,0.7348504066467285,0.9728084206581116,0.37986767292022705,0.7699408531188965,0.9763566255569458,0.6322478652000427,0.9068229794502258,0.933417797088623,0.355324923992157,0.9614908695220947,0.9132145047187805,0.6158591508865356,0.9316747784614563,0.7726840972900391,0.3690468668937683,0.9677151441574097,0.731441855430603,0.6878658533096313,0.9739691615104675,0.9138367772102356,0.3353949785232544,1.0455816984176636,0.8957675695419312
288,0.46302250027656555,0.0725654810667038,0.9999588131904602,0.47536319494247437,0.05692984163761139,0.9998854994773865,0.48326921463012695,0.05796461179852486,0.9998814463615417,0.48992055654525757,0.05951089784502983,0.9998751282691956,0.45164841413497925,0.05765465646982193,0.9998739957809448,0.4437364339828491,0.05916402488946915,0.9998576045036316,0.43633562326431274,0.06093365326523781,0.9998465180397034,0.5015349388122559,0.07390113919973373,0.9997849464416504,0.4279545545578003,0.07683587819337845,0.9997392296791077,0.4800964891910553,0.09665506333112717,0.9999480247497559,0.4478408098220825,0.09702090173959732,0.9999436736106873,0.5584966540336609,0.22047987580299377,0.9997678399085999,0.37019750475883484,0.2159140706062317,0.9997712969779968,0.5705479383468628,0.3760485053062439,0.9068018198013306,0.36021295189857483,0.377855122089386,0.8994976282119751,0.575238823890686,0.5351184606552124,0.8231099843978882,0.3567492961883545,0.5182102918624878,0.7284188270568848,0.5885499715805054,0.5698680281639099,0.764922559261322,0.35576096177101135,0.5643503665924072,0.6623809337615967,0.579699695110321,0.571841299533844,0.7735986709594727,0.3657422363758087,0.5621487498283386,0.6780492663383484,0.5715805292129517,0.5607342720031738,0.763171374797821,0.3699191212654114,0.5492151379585266,0.6734266877174377,0.5255938172340393,0.5341366529464722,0.9991613626480103,0.4148605763912201,0.5425081849098206,0.9994086623191833,0.5781405568122864,0.7354055047035217,0.9730283617973328,0.3898930847644806,0.7769438624382019,0.9778761863708496,0.6138467788696289,0.9060087203979492,0.9339625239372253,0.3758428692817688,0.9714630842208862,0.9197506308555603,0.6028940081596375,0.931351363658905,0.7665978074073792,0.3895079791545868,0.9730736017227173,0.7287295460700989,0.6590667963027954,0.969731330871582,0.9106977581977844,0.35566943883895874,1.0536020994186401,0.8999035954475403
289,0.4639081358909607,0.06826533377170563,0.9999533295631409,0.47671738266944885,0.052921708673238754,0.9998720288276672,0.48462334275245667,0.053749602288007736,0.9998677968978882,0.49151453375816345,0.05473056435585022,0.999860942363739,0.45260900259017944,0.054187461733818054,0.999860405921936,0.44441312551498413,0.055627964437007904,0.9998415112495422,0.43684887886047363,0.05720467120409012,0.9998275637626648,0.5032864212989807,0.0691043958067894,0.9997594356536865,0.4286178648471832,0.07264374941587448,0.9997196197509766,0.4815238118171692,0.09444068372249603,0.9999395608901978,0.4488844871520996,0.09465251863002777,0.9999355673789978,0.5598854422569275,0.21900178492069244,0.9997547268867493,0.3705365061759949,0.2108619511127472,0.9997704029083252,0.5676368474960327,0.37752610445022583,0.9057786464691162,0.3623937964439392,0.3677980303764343,0.8952094912528992,0.5784849524497986,0.5324456691741943,0.8225055932998657,0.3593065142631531,0.5143660306930542,0.712073564529419,0.5906955003738403,0.5701397657394409,0.7634986639022827,0.358907014131546,0.5588801503181458,0.6469503045082092,0.5819178819656372,0.5710704922676086,0.7722574472427368,0.36953726410865784,0.5576835870742798,0.6624515652656555,0.5741090178489685,0.5605656504631042,0.7621703743934631,0.37370720505714417,0.5462406873703003,0.6593916416168213,0.5230948328971863,0.5338704586029053,0.9991489052772522,0.4110249876976013,0.5411211252212524,0.9994196891784668,0.5636149644851685,0.7379519939422607,0.9719993472099304,0.39468324184417725,0.7759910821914673,0.9788655042648315,0.5926769971847534,0.9140005111694336,0.9334555864334106,0.38856858015060425,0.9667671918869019,0.9242839813232422,0.5723675489425659,0.9437768459320068,0.7679480314254761,0.39878401160240173,0.9695895910263062,0.7243549227714539,0.6445276141166687,0.9777219295501709,0.9055914878845215,0.37066882848739624,1.0490797758102417,0.9006126523017883
290,0.4620722532272339,0.06746307760477066,0.9999399781227112,0.4767046570777893,0.050644513219594955,0.9998332858085632,0.48483216762542725,0.051302067935466766,0.9998289346694946,0.4920539855957031,0.05220610648393631,0.9998229742050171,0.45210787653923035,0.05108650401234627,0.9998195171356201,0.44393229484558105,0.05190837010741234,0.9997900128364563,0.4363304674625397,0.05291390046477318,0.9997693300247192,0.5043786764144897,0.06605362147092819,0.9996946454048157,0.4296056628227234,0.06711633503437042,0.9996209740638733,0.48029109835624695,0.09483148902654648,0.9999220967292786,0.44733598828315735,0.09427566826343536,0.99991774559021,0.5609330534934998,0.22085194289684296,0.9997242093086243,0.3685292899608612,0.20895043015480042,0.9997395277023315,0.568762481212616,0.3850322663784027,0.906251847743988,0.3654891848564148,0.36556461453437805,0.8796195387840271,0.5783421397209167,0.5407756567001343,0.8194897174835205,0.3645695149898529,0.5143600106239319,0.6730917692184448,0.5887510180473328,0.5793542861938477,0.7588820457458496,0.3708035349845886,0.5589961409568787,0.612030029296875,0.5797920823097229,0.5809764862060547,0.7677597999572754,0.3777509331703186,0.557978093624115,0.6267202496528625,0.5723707675933838,0.5696149468421936,0.7581918835639954,0.3820015490055084,0.5459356307983398,0.6259182691574097,0.5169470310211182,0.5361647605895996,0.9990684390068054,0.4072849154472351,0.540393590927124,0.9993593096733093,0.5374336838722229,0.7419142127037048,0.9652813673019409,0.40409421920776367,0.7760335206985474,0.9771970510482788,0.553868293762207,0.9156262874603271,0.9251427054405212,0.4196680784225464,0.9602864384651184,0.9212759137153625,0.5375535488128662,0.9428513646125793,0.7633386254310608,0.4235614836215973,0.9752247333526611,0.707833468914032,0.6147768497467041,0.9778499007225037,0.8929722309112549,0.40705910325050354,1.042601466178894,0.8896752595901489
291,0.4601668417453766,0.06722982972860336,0.9999085664749146,0.47620996832847595,0.04860140383243561,0.9997711777687073,0.48461201786994934,0.04895520582795143,0.9997703433036804,0.49205291271209717,0.04967399686574936,0.9997811913490295,0.4515194892883301,0.049295537173748016,0.9997249841690063,0.44362547993659973,0.05001438409090042,0.9996519684791565,0.4362912178039551,0.05114554241299629,0.999612033367157,0.5051164627075195,0.06256123632192612,0.9996533393859863,0.4304427206516266,0.06485772877931595,0.9993096590042114,0.47849512100219727,0.09366417676210403,0.9998976588249207,0.44596612453460693,0.09391406178474426,0.9998719692230225,0.5603820085525513,0.21656633913516998,0.9996773600578308,0.36961203813552856,0.2044782042503357,0.9994345307350159,0.5701348781585693,0.3850729763507843,0.9040248394012451,0.3883834481239319,0.3599037230014801,0.8037673830986023,0.5769261121749878,0.5460866689682007,0.796019434928894,0.39224085211753845,0.4862768054008484,0.6086021065711975,0.5832904577255249,0.5828307271003723,0.7316081523895264,0.39359161257743835,0.5298612713813782,0.5543563961982727,0.5735188722610474,0.5848501920700073,0.7404484152793884,0.39603346586227417,0.5281807780265808,0.5677095055580139,0.5664725303649902,0.5736843943595886,0.7316878437995911,0.40346860885620117,0.5222826600074768,0.567622184753418,0.5069097876548767,0.5296554565429688,0.9988635182380676,0.4034104645252228,0.5295865535736084,0.9990407824516296,0.5176805257797241,0.7394439578056335,0.9595971703529358,0.4170701801776886,0.7737043499946594,0.9755104184150696,0.5186545848846436,0.9187280535697937,0.9202333092689514,0.4629434049129486,0.9577051997184753,0.9209671020507812,0.5109856724739075,0.9451792240142822,0.7594898343086243,0.47060614824295044,0.9732726216316223,0.6992067694664001,0.579121470451355,0.9825953841209412,0.8857263326644897,0.4681360125541687,1.0398000478744507,0.8854681253433228
292,0.451543927192688,0.06459452211856842,0.9998976588249207,0.4689282178878784,0.045122936367988586,0.9997616410255432,0.47697913646698,0.04542996734380722,0.9997654557228088,0.4846324920654297,0.046085041016340256,0.9997825622558594,0.45030179619789124,0.04533245787024498,0.999702513217926,0.44406068325042725,0.04568103328347206,0.9996125102043152,0.43733516335487366,0.046195872128009796,0.9995604753494263,0.5047804117202759,0.06107581406831741,0.9996738433837891,0.44629576802253723,0.0588897243142128,0.9992060661315918,0.4677657186985016,0.0901511162519455,0.9998946785926819,0.4436839520931244,0.09055130183696747,0.9998530149459839,0.5579038262367249,0.21314865350723267,0.9996914863586426,0.3955751061439514,0.19987964630126953,0.9992350339889526,0.5709946751594543,0.3850982189178467,0.9113271832466125,0.41617512702941895,0.35558587312698364,0.7279451489448547,0.5779001712799072,0.5466834306716919,0.8037678003311157,0.41292041540145874,0.46765458583831787,0.5517421960830688,0.5831248164176941,0.5851144790649414,0.7381234765052795,0.4122868478298187,0.5085788369178772,0.5044717192649841,0.5713872313499451,0.585560142993927,0.7463568449020386,0.4068184196949005,0.510979950428009,0.5168737173080444,0.566075325012207,0.5744064450263977,0.7389257550239563,0.4112716317176819,0.49612078070640564,0.5172388553619385,0.4951097369194031,0.5262452363967896,0.9987329840660095,0.407135546207428,0.5192131996154785,0.998615026473999,0.47516047954559326,0.7380338907241821,0.9223850965499878,0.4244686961174011,0.7513981461524963,0.9479559063911438,0.4926292896270752,0.9212375283241272,0.8822415471076965,0.48913028836250305,0.9555009603500366,0.8942388296127319,0.49464428424835205,0.9559816122055054,0.7327021956443787,0.5048385858535767,0.9714117050170898,0.6801531910896301,0.5118418335914612,1.0052212476730347,0.8500044345855713,0.49132969975471497,1.0396772623062134,0.8547154068946838
293,0.45002081990242004,0.05758633092045784,0.9998974204063416,0.4679310619831085,0.039009351283311844,0.9997726678848267,0.4750896394252777,0.03937804326415062,0.9997778534889221,0.48230499029159546,0.04013802856206894,0.9997966289520264,0.4510364532470703,0.039037056267261505,0.9997097849845886,0.44585466384887695,0.039227019995450974,0.9996194839477539,0.44233280420303345,0.039609722793102264,0.999568521976471,0.504906415939331,0.05743654444813728,0.9997009038925171,0.462009459733963,0.05328207463026047,0.9992161989212036,0.462738037109375,0.08106403797864914,0.9999004602432251,0.44396430253982544,0.081291064620018,0.9998536109924316,0.5560598373413086,0.20938420295715332,0.9997162818908691,0.42173656821250916,0.19399990141391754,0.9991121888160706,0.5711224675178528,0.3891791105270386,0.9197659492492676,0.4357122778892517,0.3578090965747833,0.6607120037078857,0.5728503465652466,0.557729184627533,0.8200767040252686,0.4131332039833069,0.4707174599170685,0.5050048828125,0.5765019655227661,0.5950347185134888,0.7575443387031555,0.4092017412185669,0.5124504566192627,0.4645395874977112,0.5632612109184265,0.5955222845077515,0.7649248838424683,0.40694373846054077,0.5110344290733337,0.47636881470680237,0.5580587387084961,0.5832441449165344,0.7579959034919739,0.4109025001525879,0.5009946823120117,0.47738170623779297,0.4944617748260498,0.5226729512214661,0.9988201260566711,0.4078916013240814,0.5140706300735474,0.998626172542572,0.45394083857536316,0.7636268734931946,0.9233430624008179,0.4162231981754303,0.7475030422210693,0.9185425639152527,0.48973336815834045,0.9341779947280884,0.879630446434021,0.4921221137046814,0.9540433883666992,0.8790537714958191,0.5069172382354736,0.9545071721076965,0.7394225001335144,0.5240437984466553,0.9691487550735474,0.6809280514717102,0.4766865074634552,1.0314303636550903,0.8475418090820312,0.4686647951602936,1.0338013172149658,0.8438884019851685
294,0.45221295952796936,0.05266983062028885,0.9998955130577087,0.46926096081733704,0.03572128713130951,0.9997795820236206,0.4766564965248108,0.036500558257102966,0.9997866153717041,0.4838070869445801,0.03770103678107262,0.9998070001602173,0.4577524960041046,0.034692760556936264,0.9997158646583557,0.45673373341560364,0.034575916826725006,0.9996289014816284,0.45644649863243103,0.03458593040704727,0.9995816349983215,0.5081511735916138,0.05739817023277283,0.9997237324714661,0.4825130105018616,0.05039617046713829,0.9992634654045105,0.46289631724357605,0.07595712691545486,0.9999033808708191,0.444301575422287,0.07539115846157074,0.9998531341552734,0.5416837334632874,0.2014210820198059,0.9997401833534241,0.45540475845336914,0.1891045868396759,0.9990542531013489,0.5716198682785034,0.38965845108032227,0.9275811910629272,0.4573172628879547,0.3566040098667145,0.6009425520896912,0.5723146796226501,0.5610423684120178,0.8370872139930725,0.4227975606918335,0.4585382640361786,0.46757379174232483,0.5773851275444031,0.5983101725578308,0.7795806527137756,0.41614073514938354,0.4901931881904602,0.4334438145160675,0.5647652745246887,0.5994433760643005,0.7861645817756653,0.41735056042671204,0.4952130615711212,0.4447430372238159,0.5586639642715454,0.5860602855682373,0.7795407176017761,0.4213520586490631,0.48958349227905273,0.4459119141101837,0.49380332231521606,0.5229769945144653,0.9988355040550232,0.4309624433517456,0.5155903100967407,0.9985017776489258,0.4338383972644806,0.7648926377296448,0.9272693395614624,0.4064069986343384,0.7458658814430237,0.8888523578643799,0.4832700192928314,0.9489671587944031,0.8816491961479187,0.47998329997062683,0.9522560834884644,0.8451446890830994,0.5088043212890625,0.9685653448104858,0.754738450050354,0.5105343461036682,0.9681408405303955,0.6705106496810913,0.4488287568092346,1.0364197492599487,0.8495312929153442,0.46587616205215454,1.0250160694122314,0.8160048127174377
295,0.45300164818763733,0.05097050592303276,0.9998937249183655,0.4701402485370636,0.03298750892281532,0.9997876882553101,0.47713860869407654,0.033586274832487106,0.9997962117195129,0.4838337004184723,0.03454490751028061,0.999815821647644,0.4590733051300049,0.03178292140364647,0.9997294545173645,0.45903417468070984,0.031383804976940155,0.9996517896652222,0.45902442932128906,0.03105597198009491,0.9996099472045898,0.5091317296028137,0.05143490806221962,0.99974524974823,0.48750030994415283,0.04500904679298401,0.9993310570716858,0.4640376567840576,0.0750238224864006,0.9999071359634399,0.44567811489105225,0.07471366226673126,0.9998602867126465,0.5347856879234314,0.19915390014648438,0.9997508525848389,0.4879631996154785,0.19084316492080688,0.9990707635879517,0.5717726349830627,0.39095497131347656,0.934723973274231,0.5027402639389038,0.3627878725528717,0.545189380645752,0.5733528733253479,0.5614327192306519,0.8529494404792786,0.47281986474990845,0.4745852053165436,0.42831939458847046,0.5790230631828308,0.5999256372451782,0.8005238771438599,0.4702172875404358,0.4999326467514038,0.3985362946987152,0.5661693811416626,0.6006186008453369,0.806300938129425,0.4553334414958954,0.49758076667785645,0.40901681780815125,0.5600770711898804,0.5866007208824158,0.8001432418823242,0.46201327443122864,0.48997384309768677,0.41066884994506836,0.48192113637924194,0.5262726545333862,0.9984843730926514,0.481595516204834,0.5163198113441467,0.9980871081352234,0.38128191232681274,0.7597949504852295,0.9344536066055298,0.4375673830509186,0.7463158369064331,0.8620157241821289,0.4443497955799103,0.97947096824646,0.8880178332328796,0.48423436284065247,0.9655293822288513,0.8310778737068176,0.472800076007843,0.9940840005874634,0.7775114178657532,0.5056850910186768,0.9839232563972473,0.6898780465126038,0.3946222960948944,1.0405017137527466,0.8530436754226685,0.4615055024623871,0.9998729228973389,0.8063018918037415
296,0.45266592502593994,0.05401421710848808,0.9999008178710938,0.46997925639152527,0.03586556762456894,0.999803900718689,0.47656360268592834,0.036454133689403534,0.9998118877410889,0.48315954208374023,0.03728283941745758,0.9998304843902588,0.45932450890541077,0.03469974547624588,0.9997511506080627,0.4595527648925781,0.034384604543447495,0.9996804594993591,0.45953506231307983,0.03410244360566139,0.9996430277824402,0.510290801525116,0.05341262370347977,0.9997683167457581,0.4888712167739868,0.04778582602739334,0.9993941783905029,0.4633762240409851,0.07857413589954376,0.999914288520813,0.44614025950431824,0.07828971743583679,0.9998709559440613,0.5377230048179626,0.20134788751602173,0.9997684359550476,0.4926520586013794,0.1932319700717926,0.9991074204444885,0.5753660798072815,0.4009435772895813,0.9410470128059387,0.511287271976471,0.3680075705051422,0.4943109452724457,0.5768849849700928,0.5725546479225159,0.8669896125793457,0.48753127455711365,0.4922124147415161,0.392977237701416,0.5823431015014648,0.6138121485710144,0.8189132213592529,0.4787635803222656,0.5318647623062134,0.36773237586021423,0.5674492120742798,0.6136708855628967,0.823907196521759,0.4626343548297882,0.5262355208396912,0.3772992789745331,0.5610220432281494,0.5983875393867493,0.8181643486022949,0.46683454513549805,0.5057827234268188,0.37986263632774353,0.4790148138999939,0.5402154922485352,0.9983474016189575,0.4947848320007324,0.527109682559967,0.9978929758071899,0.373147577047348,0.7709531784057617,0.9394908547401428,0.463093101978302,0.7505021095275879,0.8192193508148193,0.343438982963562,0.97315514087677,0.879169762134552,0.513483464717865,0.9629495143890381,0.797551155090332,0.36504727602005005,0.9892505407333374,0.7945149540901184,0.53822261095047,0.9831863641738892,0.6991755366325378,0.25507521629333496,1.0270869731903076,0.8337386250495911,0.4712672829627991,0.9843065142631531,0.7748860120773315
297,0.44839274883270264,0.05739886313676834,0.9999072551727295,0.4662400484085083,0.03817318007349968,0.9998179078102112,0.4717601239681244,0.038418885320425034,0.9998260140419006,0.47744500637054443,0.03853413462638855,0.9998438358306885,0.4583066701889038,0.036890726536512375,0.9997695088386536,0.4594287872314453,0.036348581314086914,0.9997053146362305,0.45871153473854065,0.035488829016685486,0.9996717572212219,0.5079209804534912,0.0545625202357769,0.9997889995574951,0.4856736361980438,0.04870409518480301,0.999448835849762,0.458633691072464,0.08104664832353592,0.9999207854270935,0.44632911682128906,0.08088843524456024,0.9998800754547119,0.5299784541130066,0.2108057290315628,0.999786376953125,0.4937102794647217,0.20461097359657288,0.9991044402122498,0.5800147652626038,0.4150983691215515,0.9465352296829224,0.5244742035865784,0.39035889506340027,0.4461000859737396,0.5815079808235168,0.5864700078964233,0.8791012167930603,0.5111875534057617,0.5343437790870667,0.3561803698539734,0.5884124040603638,0.6296066045761108,0.8346331119537354,0.5010982751846313,0.568519651889801,0.334751695394516,0.5688568353652954,0.6296142339706421,0.8388006091117859,0.49290376901626587,0.5788947939872742,0.34337833523750305,0.5628904104232788,0.6141930818557739,0.8332224488258362,0.4995359778404236,0.5615695714950562,0.3462996482849121,0.4832797050476074,0.5681268572807312,0.9981303215026855,0.5083838105201721,0.5546461939811707,0.9976100921630859,0.35373494029045105,0.7759863138198853,0.9436467885971069,0.4974481761455536,0.7659122943878174,0.7894340753555298,0.2419969141483307,0.9659034013748169,0.8817285299301147,0.5833694338798523,0.9604550004005432,0.7851988077163696,0.255412757396698,0.984472393989563,0.810530424118042,0.6036146283149719,0.9820616841316223,0.714348554611206,0.16120880842208862,1.0086489915847778,0.8286765813827515,0.5561274290084839,0.9820693731307983,0.7593639492988586
298,0.44831475615501404,0.058544158935546875,0.999915361404419,0.46563613414764404,0.039305802434682846,0.9998342394828796,0.4708576500415802,0.039229657500982285,0.9998419284820557,0.4762532114982605,0.0387338362634182,0.9998584389686584,0.45831647515296936,0.037776462733745575,0.9997895359992981,0.4594251811504364,0.03683583065867424,0.999731183052063,0.4592614471912384,0.03600533679127693,0.9997014403343201,0.5077142119407654,0.0553152933716774,0.9998091459274292,0.48859503865242004,0.049381330609321594,0.9994993209838867,0.4586229622364044,0.08120658993721008,0.9999279379844666,0.44657769799232483,0.08132168650627136,0.9998900294303894,0.5284478664398193,0.2131398469209671,0.9998067617416382,0.4942053556442261,0.2085963785648346,0.9991263151168823,0.5825068354606628,0.4143235981464386,0.9515592455863953,0.4947165250778198,0.388544499874115,0.4057166278362274,0.5923216342926025,0.5948020219802856,0.8902531266212463,0.4603970944881439,0.5121563673019409,0.32678738236427307,0.6045699715614319,0.6359542012214661,0.8491560220718384,0.43914151191711426,0.5341811180114746,0.3093860149383545,0.5877903699874878,0.6370677351951599,0.8527257442474365,0.4255027770996094,0.5375518202781677,0.317524254322052,0.579343855381012,0.622714102268219,0.8471304178237915,0.4353325366973877,0.5287724733352661,0.32163602113723755,0.4850585460662842,0.5736631751060486,0.998096227645874,0.5171381831169128,0.5621635913848877,0.9974372982978821,0.3202803432941437,0.7723035216331482,0.9409235119819641,0.5318986773490906,0.7819603681564331,0.7710839509963989,0.15847252309322357,0.9591457843780518,0.8897919654846191,0.6379649639129639,0.9685617089271545,0.7834515571594238,0.1630164086818695,0.978442907333374,0.8257319927215576,0.6634002923965454,0.9860042333602905,0.728457510471344,0.07238946855068207,0.9852672815322876,0.836695671081543,0.6226129531860352,1.0428822040557861,0.7538526654243469
299,0.4490910768508911,0.05405626446008682,0.9999225735664368,0.4662504494190216,0.03616959601640701,0.9998488426208496,0.4715648293495178,0.036461349576711655,0.9998562932014465,0.47682130336761475,0.03658011928200722,0.9998716115951538,0.46054917573928833,0.034546200186014175,0.9998067617416382,0.4624697268009186,0.03381028398871422,0.9997535943984985,0.46378496289253235,0.03305455669760704,0.999727189540863,0.5077483057975769,0.05348554626107216,0.9998272061347961,0.49380171298980713,0.04837074130773544,0.9995434880256653,0.4588592052459717,0.07600925862789154,0.9999341368675232,0.44813746213912964,0.07438147813081741,0.9998981952667236,0.5274104475975037,0.21316231787204742,0.9998254776000977,0.499019593000412,0.2077474147081375,0.9991450905799866,0.582468569278717,0.413460373878479,0.9561195373535156,0.48558083176612854,0.3772130012512207,0.36743536591529846,0.6021230220794678,0.599259078502655,0.9004943370819092,0.4409444034099579,0.44809260964393616,0.29963773488998413,0.6170536279678345,0.6377543210983276,0.8626632690429688,0.41999688744544983,0.4644535779953003,0.2861379086971283,0.6008743643760681,0.6404158473014832,0.8658103942871094,0.4066302478313446,0.46418654918670654,0.29392263293266296,0.591649055480957,0.6274660229682922,0.8602681159973145,0.414278507232666,0.4599548876285553,0.2990407347679138,0.49091923236846924,0.5705519914627075,0.9981848001480103,0.5172080397605896,0.5598023533821106,0.9975164532661438,0.30468475818634033,0.75426185131073,0.9402064681053162,0.5637363195419312,0.7860549688339233,0.7662695050239563,0.12990117073059082,0.9205442070960999,0.8987331390380859,0.6913260221481323,0.965797483921051,0.7940501570701599,0.11849606782197952,0.9647001624107361,0.8403318524360657,0.717272937297821,0.9838941097259521,0.747851550579071,0.0503874197602272,0.9122781753540039,0.848176121711731,0.6723095178604126,1.0499017238616943,0.7640736103057861
300,0.4486331045627594,0.044753968715667725,0.9999006986618042,0.46629542112350464,0.0275361780077219,0.9998244047164917,0.4714786410331726,0.028072413057088852,0.9998418688774109,0.4766056537628174,0.028533000499010086,0.9998623132705688,0.46061062812805176,0.026332417502999306,0.999761164188385,0.46244463324546814,0.025942865759134293,0.999720573425293,0.4637945890426636,0.025396235287189484,0.9996988773345947,0.5076658725738525,0.04448403790593147,0.9998230338096619,0.4947381317615509,0.040519535541534424,0.9994396567344666,0.45776429772377014,0.06803598254919052,0.9999089241027832,0.44837918877601624,0.0662476047873497,0.9998286366462708,0.5284991264343262,0.20039211213588715,0.9998410940170288,0.49984458088874817,0.1952744573354721,0.9986719489097595,0.5832427740097046,0.40357542037963867,0.960277795791626,0.5436638593673706,0.37711212038993835,0.33193886280059814,0.6039934158325195,0.5914444327354431,0.9099882245063782,0.5351662039756775,0.512225329875946,0.2714574337005615,0.6186962127685547,0.6317773461341858,0.875318706035614,0.5161846876144409,0.550315260887146,0.2596525549888611,0.6019749641418457,0.6353389024734497,0.878072202205658,0.5238965749740601,0.5582109689712524,0.2667621076107025,0.593375563621521,0.6214929223060608,0.8721024990081787,0.510284960269928,0.5437697768211365,0.2715356647968292,0.5134146213531494,0.5652686357498169,0.9983101487159729,0.5038965344429016,0.5578084588050842,0.9976415038108826,0.5786693692207336,0.7785802483558655,0.9457727670669556,0.31987613439559937,0.7510116696357727,0.7822598218917847,0.7150849103927612,0.9559087157249451,0.9084303379058838,0.14036715030670166,0.9136611819267273,0.8106213808059692,0.7441973090171814,0.9780636429786682,0.8487923741340637,0.13216917216777802,0.967814028263092,0.7576996088027954,0.6434954404830933,1.015100359916687,0.8622266054153442,0.051553383469581604,0.9421319961547852,0.7820754647254944
301,0.4473940432071686,0.02741715870797634,0.9999029636383057,0.464785635471344,0.007626266684383154,0.9998303651809692,0.4693428874015808,0.008045579306781292,0.9998486638069153,0.47387486696243286,0.008305417373776436,0.9998698830604553,0.4603976309299469,0.007620695047080517,0.9997674226760864,0.46221786737442017,0.00786906573921442,0.9997300505638123,0.46355411410331726,0.007738183718174696,0.9997152090072632,0.5055575370788574,0.022959018126130104,0.999835193157196,0.4948810040950775,0.020626530051231384,0.9994721412658691,0.4568592607975006,0.05049707740545273,0.9999126195907593,0.44851744174957275,0.04981565475463867,0.999835729598999,0.5278034210205078,0.17464689910411835,0.9998558163642883,0.5093705058097839,0.1713278591632843,0.998682975769043,0.5843719244003296,0.3838176429271698,0.9636909365653992,0.5438414812088013,0.36706995964050293,0.30027058720588684,0.6020102500915527,0.583331823348999,0.9174631237983704,0.542373776435852,0.5128160119056702,0.24741217494010925,0.6163609623908997,0.6276140809059143,0.8850319385528564,0.5431324243545532,0.5557320713996887,0.23787999153137207,0.5997966527938843,0.6314790844917297,0.8871862292289734,0.5363341569900513,0.5630926489830017,0.24435225129127502,0.5911176204681396,0.6166759133338928,0.880587100982666,0.5340915322303772,0.5473687648773193,0.2493063509464264,0.5136579871177673,0.5517088174819946,0.9983911514282227,0.5047693252563477,0.5378396511077881,0.9977013468742371,0.40685203671455383,0.7585701942443848,0.9486714601516724,0.5598644018173218,0.7502394914627075,0.7647741436958313,0.34946638345718384,0.9502124190330505,0.9162090420722961,0.6979283094406128,0.9286354780197144,0.8096379637718201,0.37415367364883423,0.9756369590759277,0.8598031401634216,0.7241630554199219,0.9697295427322388,0.7627882361412048,0.20202486217021942,1.0021915435791016,0.8728758692741394,0.6009154319763184,0.9643020033836365,0.7846722602844238
302,0.447783499956131,0.019564887508749962,0.9999011158943176,0.4641246795654297,0.0009267085115425289,0.9998311996459961,0.46798455715179443,0.001814414281398058,0.9998507499694824,0.47163063287734985,0.00258821714669466,0.9998734593391418,0.460477739572525,0.0013363684993237257,0.9997657537460327,0.46263694763183594,0.0022341993171721697,0.9997307062149048,0.4648853838443756,0.0026598095428198576,0.9997237920761108,0.5011604428291321,0.017659518867731094,0.9998435974121094,0.49542656540870667,0.01590915210545063,0.9994970560073853,0.45742717385292053,0.04178173467516899,0.9999135732650757,0.45218005776405334,0.04158336669206619,0.9998387694358826,0.5236949920654297,0.1646725982427597,0.9998679161071777,0.5131612420082092,0.1603390872478485,0.9986724853515625,0.5821350812911987,0.3798832297325134,0.9665891528129578,0.5448727607727051,0.3655643165111542,0.27248626947402954,0.5934433341026306,0.5692850947380066,0.9235756397247314,0.5369859933853149,0.5100341439247131,0.22640226781368256,0.6037091612815857,0.6166574358940125,0.8927382826805115,0.5389410257339478,0.5532453060150146,0.2189566045999527,0.5864114761352539,0.6187476515769958,0.8942379355430603,0.5262928009033203,0.557222843170166,0.22488142549991608,0.5787335634231567,0.6059905290603638,0.8869802951812744,0.5256327986717224,0.5421416163444519,0.2299947887659073,0.5081541538238525,0.5386379361152649,0.9983637928962708,0.5002798438072205,0.5254418253898621,0.9975568652153015,0.40801310539245605,0.7552987933158875,0.9476602673530579,0.5675312876701355,0.7454558610916138,0.7464907169342041,0.354367733001709,0.9489445090293884,0.9206945896148682,0.7109219431877136,0.932616651058197,0.7994250655174255,0.37330082058906555,0.9772807359695435,0.8673166036605835,0.7384161949157715,0.9680212140083313,0.7637199759483337,0.18542832136154175,1.000112533569336,0.878610372543335,0.6469677686691284,0.9983807802200317,0.7795004844665527
303,0.4512473940849304,0.007691336330026388,0.9999027848243713,0.4652290642261505,-0.010807051323354244,0.9998356699943542,0.4683360755443573,-0.009334004484117031,0.9998553395271301,0.47218555212020874,-0.007845822721719742,0.9998789429664612,0.4634872376918793,-0.010263086296617985,0.99977046251297,0.46601054072380066,-0.008793930523097515,0.9997372627258301,0.46886587142944336,-0.0078088692389428616,0.9997355937957764,0.5012552738189697,0.008770962245762348,0.9998530745506287,0.49739915132522583,0.005401002708822489,0.9995266795158386,0.46086981892585754,0.030313406139612198,0.9999170303344727,0.4588823914527893,0.030100202187895775,0.9998455047607422,0.5225574374198914,0.1504889279603958,0.9998794198036194,0.5139690041542053,0.1485087126493454,0.9986708164215088,0.5777823328971863,0.37290242314338684,0.9694474339485168,0.5535112023353577,0.3576080799102783,0.24863655865192413,0.5810825824737549,0.5597141981124878,0.9301289916038513,0.5344011187553406,0.5090579986572266,0.20901982486248016,0.5880699753761292,0.6039239168167114,0.9013646245002747,0.5284344553947449,0.5501176118850708,0.20335374772548676,0.5700953006744385,0.605108380317688,0.9024487733840942,0.5141999125480652,0.5551920533180237,0.20875822007656097,0.5642436742782593,0.5918160080909729,0.8951202630996704,0.5258365869522095,0.5401804447174072,0.21437940001487732,0.4996880292892456,0.5300271511077881,0.9983825087547302,0.4992028474807739,0.5175783634185791,0.9974545240402222,0.4179519712924957,0.7527409195899963,0.9490275979042053,0.5422570705413818,0.7416354417800903,0.7306804656982422,0.357920378446579,0.9497246742248535,0.9241694211959839,0.6828012466430664,0.9292550086975098,0.785196840763092,0.38132888078689575,0.985350489616394,0.8745660185813904,0.716925323009491,0.9615866541862488,0.7630282044410706,0.24611890316009521,0.9982621073722839,0.8819736838340759,0.6222118139266968,0.9921867251396179,0.7706284523010254
304,0.4547139108181,0.007526494562625885,0.9999042749404907,0.4690292477607727,-0.012692860327661037,0.9998398423194885,0.4719293415546417,-0.011688699945807457,0.9998591542243958,0.4752770662307739,-0.010648508556187153,0.9998828172683716,0.46743133664131165,-0.01198769174516201,0.9997761249542236,0.4698629677295685,-0.010835221037268639,0.999746561050415,0.47247666120529175,-0.01006778609007597,0.9997480511665344,0.5015518665313721,0.004861186724156141,0.9998607039451599,0.4978395104408264,0.0017118947580456734,0.9995626211166382,0.4646129608154297,0.029591483995318413,0.999920666217804,0.46253156661987305,0.029586460441350937,0.9998538494110107,0.5215479135513306,0.14533275365829468,0.999889075756073,0.5114614963531494,0.14686989784240723,0.9987447261810303,0.5725999474525452,0.3720475435256958,0.9721249938011169,0.5367592573165894,0.35890501737594604,0.23017218708992004,0.5694253444671631,0.5600801110267639,0.9363806843757629,0.517951488494873,0.51483154296875,0.19848909974098206,0.5698214769363403,0.6033952236175537,0.9097466468811035,0.512540876865387,0.5576653480529785,0.19419226050376892,0.5503702759742737,0.6042190790176392,0.9105576276779175,0.5023987889289856,0.5592369437217712,0.1992165595293045,0.5480450391769409,0.5905134677886963,0.9035575985908508,0.5088028311729431,0.5457375645637512,0.20522049069404602,0.4787362515926361,0.531279981136322,0.9984599351882935,0.49735239148139954,0.5180818438529968,0.997492790222168,0.42398685216903687,0.7714046239852905,0.9533435106277466,0.5264577865600586,0.7427621483802795,0.7235566973686218,0.388919860124588,0.9789094924926758,0.9287734031677246,0.6473450660705566,0.9144595861434937,0.7806223034858704,0.4416794180870056,1.0361242294311523,0.8847185373306274,0.6764336824417114,0.943963348865509,0.7742303013801575,0.33238688111305237,1.0429142713546753,0.8878782391548157,0.6013025045394897,0.9933022260665894,0.7742697596549988
305,0.454210489988327,0.002571507589891553,0.9998653531074524,0.4682410657405853,-0.01750531792640686,0.9998089075088501,0.47089624404907227,-0.015925073996186256,0.9998308420181274,0.47386622428894043,-0.014379685744643211,0.9998653531074524,0.46709197759628296,-0.01726497896015644,0.9997088313102722,0.4697519540786743,-0.015885015949606895,0.9996673464775085,0.47200363874435425,-0.014949063770473003,0.9996892213821411,0.4969967007637024,0.0032403746154159307,0.9998465776443481,0.49720466136932373,-0.00038902959204278886,0.9995124340057373,0.46399036049842834,0.028563043102622032,0.9998935461044312,0.4624507427215576,0.02826201729476452,0.9997935891151428,0.5135785341262817,0.14922301471233368,0.9998948574066162,0.5158889889717102,0.14938583970069885,0.9985474348068237,0.5625565648078918,0.3790949583053589,0.9742172360420227,0.5300782918930054,0.3596898019313812,0.21343621611595154,0.5606241226196289,0.561896026134491,0.9416542649269104,0.5153884291648865,0.5128803253173828,0.18927645683288574,0.5623696446418762,0.6035704016685486,0.916655957698822,0.5087504982948303,0.5562957525253296,0.187115877866745,0.5450012683868408,0.6044520139694214,0.9173064231872559,0.4956212043762207,0.557465672492981,0.19155924022197723,0.5435390472412109,0.590829610824585,0.9102784991264343,0.5025629997253418,0.5444345474243164,0.19775322079658508,0.48211291432380676,0.5327090620994568,0.9985093474388123,0.4972429573535919,0.5203981995582581,0.9974339008331299,0.4369276165962219,0.7742993831634521,0.9524019360542297,0.4508974254131317,0.7435674071311951,0.6933876872062683,0.5743387937545776,0.931097149848938,0.9250860810279846,0.5203604102134705,0.9197907447814941,0.7326220273971558,0.6097415089607239,0.9456419944763184,0.887462317943573,0.5922380685806274,0.9382155537605286,0.7356398701667786,0.5190508365631104,1.033518671989441,0.8861407041549683,0.495102196931839,0.9949418902397156,0.7379040718078613
306,0.44719526171684265,-0.0066703264601528645,0.9998227953910828,0.463773638010025,-0.025694848969578743,0.9997710585594177,0.4664546847343445,-0.024139856919646263,0.9997971057891846,0.46915486454963684,-0.02270825207233429,0.9998408555984497,0.46326157450675964,-0.025347385555505753,0.9996451735496521,0.46639078855514526,-0.023944523185491562,0.9995996952056885,0.46927574276924133,-0.023091832175850868,0.9996417164802551,0.4936274290084839,-0.003022741060703993,0.9998252987861633,0.49689123034477234,-0.0069944909773766994,0.9994727969169617,0.4577321708202362,0.023061977699398994,0.9998507499694824,0.4563579559326172,0.022430885583162308,0.9997133612632751,0.5125308632850647,0.1467496156692505,0.9998988509178162,0.5174044966697693,0.14803290367126465,0.9984511733055115,0.5561271905899048,0.37991252541542053,0.9761198163032532,0.5296979546546936,0.35726243257522583,0.19942165911197662,0.5636778473854065,0.5636221170425415,0.9463801383972168,0.5135533213615417,0.5117404460906982,0.1814507693052292,0.5674782991409302,0.6063398718833923,0.9229257106781006,0.5077521800994873,0.5558231472969055,0.18034254014492035,0.5509421825408936,0.6086405515670776,0.9234048128128052,0.5043637752532959,0.5560534000396729,0.18417470157146454,0.5482043623924255,0.5942212343215942,0.9162803292274475,0.509238064289093,0.5423266291618347,0.1906348615884781,0.5001850724220276,0.5253509283065796,0.9985817074775696,0.49938344955444336,0.5131886601448059,0.9975557923316956,0.4347163736820221,0.7732413411140442,0.9542443752288818,0.42617398500442505,0.7401286363601685,0.668984591960907,0.580155074596405,0.9310136437416077,0.9251919984817505,0.4719020128250122,0.9388584494590759,0.6962136030197144,0.6185367107391357,0.9392573833465576,0.8905504941940308,0.5179867744445801,0.960090696811676,0.7015125155448914,0.5412383675575256,1.0446465015411377,0.8886806964874268,0.42977282404899597,1.0067815780639648,0.7077374458312988
307,0.44747084379196167,-0.006229441612958908,0.9997986555099487,0.4636234641075134,-0.025207938626408577,0.9997467398643494,0.4662366509437561,-0.02359716407954693,0.9997773766517639,0.46879610419273376,-0.022137952968478203,0.999824583530426,0.46311691403388977,-0.02578766644001007,0.9996083974838257,0.4663320779800415,-0.02484121546149254,0.9995652437210083,0.4691096544265747,-0.024395260959863663,0.9996134638786316,0.4919949769973755,-0.002993629314005375,0.9998112320899963,0.49573859572410583,-0.0078627560287714,0.9994460940361023,0.45758384466171265,0.023614389821887016,0.9998273253440857,0.4557396471500397,0.021871691569685936,0.9996688961982727,0.509101927280426,0.1470394730567932,0.9999052286148071,0.513916552066803,0.15146169066429138,0.9984320402145386,0.5493226647377014,0.38057735562324524,0.9779992699623108,0.5286857485771179,0.3573611378669739,0.18870437145233154,0.562373161315918,0.5673406720161438,0.9509379863739014,0.5175318121910095,0.5194361209869385,0.17599545419216156,0.5668665766716003,0.6082859635353088,0.9290482997894287,0.5127426981925964,0.5658648014068604,0.17538844048976898,0.5528466105461121,0.611659586429596,0.9294345378875732,0.5186554193496704,0.5654876232147217,0.1787467896938324,0.550021767616272,0.597465455532074,0.9223011136054993,0.5106416940689087,0.5545886754989624,0.18522696197032928,0.5107718706130981,0.5262587070465088,0.9986028671264648,0.4998837411403656,0.5144461989402771,0.9975617527961731,0.44385817646980286,0.7712863683700562,0.9557768106460571,0.41526472568511963,0.7359940409660339,0.6425589919090271,0.586694598197937,0.9316734075546265,0.9254843592643738,0.40830081701278687,0.9446796178817749,0.665990948677063,0.6264480948448181,0.9461780190467834,0.8894075751304626,0.4230216443538666,0.9661138653755188,0.6725878715515137,0.5489000678062439,1.0475800037384033,0.8907156586647034,0.3533133268356323,1.0077694654464722,0.6850492358207703
308,0.4263390898704529,-0.001529431319795549,0.9998165965080261,0.4509747326374054,-0.021072108298540115,0.9997684955596924,0.45568907260894775,-0.019639262929558754,0.9997963905334473,0.4601842761039734,-0.018523190170526505,0.9998395442962646,0.4475375711917877,-0.020100601017475128,0.9996438026428223,0.4503539204597473,-0.018897823989391327,0.9996048212051392,0.4532369375228882,-0.018423793837428093,0.9996486902236938,0.4882965385913849,-0.00018075379193760455,0.999828040599823,0.48560163378715515,-0.002838736865669489,0.9994990229606628,0.43827301263809204,0.024901796132326126,0.9998432993888855,0.43215212225914,0.024551667273044586,0.9997002482414246,0.4946254789829254,0.1539124697446823,0.9999121427536011,0.5125333666801453,0.15492382645606995,0.998558521270752,0.5436270833015442,0.3970479369163513,0.9799785614013672,0.5293496251106262,0.37207695841789246,0.17722894251346588,0.5565103888511658,0.5807280540466309,0.955543041229248,0.5279507637023926,0.5326110124588013,0.17175595462322235,0.5575889348983765,0.6230031251907349,0.9354640245437622,0.5247794985771179,0.5795570611953735,0.1718975305557251,0.5416670441627502,0.6255472898483276,0.935705840587616,0.5204146504402161,0.5824362635612488,0.1748233288526535,0.5423285365104675,0.6088103652000427,0.9290052652359009,0.5201452374458313,0.5657297372817993,0.18236975371837616,0.5104592442512512,0.5426867604255676,0.9985558986663818,0.5134017467498779,0.5301058292388916,0.997570276260376,0.4212057888507843,0.77008056640625,0.9585830569267273,0.477170467376709,0.7650759220123291,0.6259751915931702,0.3558793365955353,0.9509907364845276,0.9165943264961243,0.5504717230796814,0.9726555943489075,0.6492936015129089,0.3761262595653534,0.9724960923194885,0.8933896422386169,0.5774694085121155,0.9905453324317932,0.6806979775428772,0.27136799693107605,1.0066674947738647,0.8724430799484253,0.4537813067436218,1.020451307296753,0.6655699014663696
309,0.4147164225578308,0.019315475597977638,0.9998321533203125,0.43949922919273376,0.0013411995023488998,0.9997884631156921,0.4442211985588074,0.002744751051068306,0.9998140335083008,0.4489001929759979,0.0038615355733782053,0.9998534321784973,0.4363682270050049,-0.0006138661410659552,0.999674916267395,0.4392145872116089,-0.0008456104551441967,0.9996398687362671,0.44234737753868103,-0.0013733645901083946,0.9996795058250427,0.4789707064628601,0.02157144993543625,0.9998431205749512,0.4750995934009552,0.016850018873810768,0.9995445609092712,0.42430344223976135,0.05002458393573761,0.9998568892478943,0.41892173886299133,0.04833687096834183,0.999726414680481,0.48150503635406494,0.17789186537265778,0.999919593334198,0.5006183385848999,0.1730278879404068,0.9986436367034912,0.5256554484367371,0.4126007854938507,0.9817407131195068,0.5223054885864258,0.3877725303173065,0.16679315268993378,0.5370973944664001,0.5980831384658813,0.9596830010414124,0.524463951587677,0.5547254085540771,0.16348683834075928,0.537761390209198,0.6433765888214111,0.9412145018577576,0.5209441781044006,0.6016544103622437,0.1641244739294052,0.5201466083526611,0.6476712822914124,0.9413776993751526,0.5140697956085205,0.6108884811401367,0.16677170991897583,0.5208666324615479,0.6304528713226318,0.9349368810653687,0.5153477191925049,0.5924456119537354,0.17471374571323395,0.5099031925201416,0.5734162926673889,0.9986470341682434,0.5106083154678345,0.5569310188293457,0.9977163076400757,0.49815255403518677,0.7968580722808838,0.9611451029777527,0.4781772196292877,0.7756294012069702,0.6310617327690125,0.4853149354457855,0.9564275741577148,0.9176920652389526,0.427915096282959,0.9745025038719177,0.6552539467811584,0.49858397245407104,0.9922726154327393,0.8967888951301575,0.44401419162750244,1.0122380256652832,0.6883291006088257,0.41469112038612366,0.9803547263145447,0.8718547821044922,0.3319805860519409,1.0005321502685547,0.6689411401748657
310,0.4088018238544464,0.038536835461854935,0.9998463988304138,0.4323866665363312,0.020735284313559532,0.9998054504394531,0.43697589635849,0.021929441019892693,0.9998289942741394,0.44163933396339417,0.022826500236988068,0.9998652935028076,0.4292842447757721,0.018178321421146393,0.9997019171714783,0.4320247173309326,0.01767781376838684,0.9996702671051025,0.4351174533367157,0.016865411773324013,0.9997072815895081,0.4717012643814087,0.03957897052168846,0.999856173992157,0.4670678973197937,0.034386079758405685,0.9995869994163513,0.4187923073768616,0.06929366290569305,0.9998692870140076,0.41302698850631714,0.06727857887744904,0.9997513294219971,0.47324883937835693,0.19710329174995422,0.9999247193336487,0.495850145816803,0.19017042219638824,0.9987578988075256,0.5193231105804443,0.434390127658844,0.9830918908119202,0.5220632553100586,0.39780598878860474,0.15638262033462524,0.5265465378761292,0.6181727647781372,0.9629140496253967,0.5221618413925171,0.5555459856987,0.15725551545619965,0.5313844084739685,0.6653869152069092,0.9455851912498474,0.519465446472168,0.5961546301841736,0.15934482216835022,0.5150525569915771,0.6712804436683655,0.9455490708351135,0.5105199217796326,0.6017321348190308,0.16171275079250336,0.5132209062576294,0.651768147945404,0.939231276512146,0.5122696161270142,0.5887790322303772,0.17024166882038116,0.5016714930534363,0.5840852856636047,0.9985262751579285,0.5087705254554749,0.5636294484138489,0.997738242149353,0.347819060087204,0.7861587405204773,0.9622809886932373,0.5116345882415771,0.7988361120223999,0.62562096118927,0.2641333043575287,0.9745230674743652,0.9158003926277161,0.6487168073654175,0.9803825616836548,0.6543852090835571,0.2626497447490692,0.9996954202651978,0.9007378816604614,0.6764365434646606,1.0017640590667725,0.702455461025238,0.18779262900352478,0.986545979976654,0.8631493449211121,0.6357423663139343,1.047511100769043,0.6603561639785767
311,0.4079478085041046,0.059024348855018616,0.9998471736907959,0.42857450246810913,0.039718423038721085,0.999809980392456,0.4325539469718933,0.040834393352270126,0.9998292922973633,0.43664753437042236,0.04157938063144684,0.999866783618927,0.42652302980422974,0.03725585341453552,0.999708354473114,0.42932265996932983,0.036830976605415344,0.9996742606163025,0.43249040842056274,0.03598520904779434,0.9997153282165527,0.46591436862945557,0.05683239921927452,0.9998536705970764,0.463945209980011,0.051645781844854355,0.9995962381362915,0.4175693988800049,0.0884164571762085,0.9998677372932434,0.4130564033985138,0.0873078852891922,0.9997485280036926,0.4607720375061035,0.20723673701286316,0.9999311566352844,0.5004708170890808,0.2058819830417633,0.9988477826118469,0.4873014986515045,0.44197022914886475,0.9844399690628052,0.5402718186378479,0.40948686003685,0.1616547405719757,0.49702727794647217,0.6300868391990662,0.9661148190498352,0.5342732667922974,0.5562834143638611,0.1785934567451477,0.4987875521183014,0.6735657453536987,0.9499501585960388,0.538381040096283,0.5940200090408325,0.17900288105010986,0.4863910377025604,0.6759476661682129,0.9498867392539978,0.5278801321983337,0.602794885635376,0.1809818297624588,0.48849666118621826,0.6570911407470703,0.943591296672821,0.5229626893997192,0.5903036594390869,0.18772271275520325,0.4820522665977478,0.59534752368927,0.9986628890037537,0.5015634894371033,0.5728792548179626,0.9979281425476074,0.4263564646244049,0.836498498916626,0.9632540941238403,0.4244477450847626,0.7959592938423157,0.6022070646286011,0.6702061295509338,0.9787026047706604,0.9181910157203674,0.31899493932724,0.976850152015686,0.6258752346038818,0.7123656272888184,0.9975205063819885,0.9037719964981079,0.325467050075531,0.9986044764518738,0.672873318195343,0.6729313731193542,1.0719881057739258,0.8686842918395996,0.2722718417644501,1.014587640762329,0.6403586268424988
312,0.4124514162540436,0.07609085738658905,0.999858021736145,0.4312193691730499,0.05572479963302612,0.9998239278793335,0.4341283142566681,0.05646306648850441,0.9998399615287781,0.4367937743663788,0.057020362466573715,0.9998745322227478,0.4301286041736603,0.054592110216617584,0.9997315406799316,0.4325052797794342,0.054523807018995285,0.9996996521949768,0.4348951578140259,0.054155196994543076,0.9997389912605286,0.46205300092697144,0.07369431108236313,0.9998601675033569,0.46535560488700867,0.07116257399320602,0.9996317625045776,0.420195609331131,0.10285670310258865,0.999873161315918,0.4174223244190216,0.10395257920026779,0.9997647404670715,0.4409305155277252,0.21820920705795288,0.9999370574951172,0.5388223528862,0.24459531903266907,0.9989583492279053,0.45178014039993286,0.44177043437957764,0.9853994846343994,0.5757808685302734,0.43130695819854736,0.21265427768230438,0.4570187032222748,0.6224339604377747,0.9681941270828247,0.5643543601036072,0.5832432508468628,0.2500991225242615,0.4693900942802429,0.6678290367126465,0.9525288343429565,0.5736799240112305,0.6247130632400513,0.24805842339992523,0.4637192189693451,0.671162486076355,0.9523414373397827,0.5637092590332031,0.6302303075790405,0.2493833601474762,0.45250317454338074,0.654451847076416,0.9461856484413147,0.5550068616867065,0.6166661977767944,0.2530766725540161,0.44284331798553467,0.58913254737854,0.9987943768501282,0.49855104088783264,0.5765079259872437,0.9981319904327393,0.37155967950820923,0.8381660580635071,0.9629305601119995,0.3733937442302704,0.8024765253067017,0.5697199702262878,0.6477421522140503,0.9499543905258179,0.9135265350341797,0.31726276874542236,0.9793475866317749,0.5996240973472595,0.6824747920036316,0.9351808428764343,0.9041846394538879,0.3265027701854706,0.994847297668457,0.6432061791419983,0.6787010431289673,1.0595859289169312,0.8695019483566284,0.2677309811115265,1.0545591115951538,0.6160526871681213
313,0.44895872473716736,0.08704470843076706,0.9998691082000732,0.44824671745300293,0.06799177825450897,0.9998360276222229,0.44324225187301636,0.06803479045629501,0.9998509883880615,0.4371970295906067,0.06796427816152573,0.9998812675476074,0.4647359251976013,0.06858021020889282,0.9997504353523254,0.47143301367759705,0.06914022564888,0.999721109867096,0.47845759987831116,0.06974475830793381,0.9997555017471313,0.4569832682609558,0.0828111320734024,0.9998682141304016,0.4958116412162781,0.08592844009399414,0.9996609091758728,0.43915796279907227,0.1097390204668045,0.9998775720596313,0.4561477303504944,0.1127765104174614,0.9997768998146057,0.40386900305747986,0.2249453216791153,0.9999422430992126,0.5579420924186707,0.2586408257484436,0.9990567564964294,0.42160579562187195,0.44471922516822815,0.9852962493896484,0.5875112414360046,0.4431236982345581,0.2630602717399597,0.4023098051548004,0.6243845224380493,0.9653053879737854,0.5746945738792419,0.5911785364151001,0.30585435032844543,0.3984376788139343,0.673061192035675,0.9470974802970886,0.5812061429023743,0.6359761357307434,0.30014076828956604,0.40175971388816833,0.6781598925590515,0.9463281631469727,0.5721908211708069,0.63969486951828,0.2996276021003723,0.40577659010887146,0.6595324277877808,0.9393841028213501,0.5646102428436279,0.6244072318077087,0.2989179790019989,0.42501381039619446,0.5871341228485107,0.9989118576049805,0.5015190839767456,0.5864271521568298,0.9983132481575012,0.3384392559528351,0.822643518447876,0.9640591740608215,0.3727830648422241,0.7965127825737,0.5289907455444336,0.5803629755973816,0.8806188106536865,0.9163084626197815,0.3585347831249237,0.9707690477371216,0.5814775824546814,0.6202056407928467,0.8770758509635925,0.9104496836662292,0.3628394603729248,0.9829514622688293,0.6312133073806763,0.6354599595069885,0.9882304072380066,0.8746894598007202,0.3412715196609497,1.0455546379089355,0.594733715057373
314,0.47580206394195557,0.07602689415216446,0.9998728632926941,0.469831258058548,0.05673333629965782,0.9998356699943542,0.46202847361564636,0.05705651268362999,0.9998515248298645,0.4523821473121643,0.05738428980112076,0.9998769164085388,0.4907616972923279,0.056999411433935165,0.9997525215148926,0.4985564649105072,0.05753198266029358,0.9997243881225586,0.5071678757667542,0.05818327143788338,0.9997518658638,0.45897072553634644,0.07240431755781174,0.9998692274093628,0.524154007434845,0.07381413131952286,0.9996765851974487,0.4637182950973511,0.09981454908847809,0.999876081943512,0.4850142300128937,0.10178066790103912,0.9997786283493042,0.38357049226760864,0.22371292114257812,0.9999449849128723,0.5765542387962341,0.2485990673303604,0.9991418719291687,0.3804105520248413,0.428347647190094,0.9854998588562012,0.6044498085975647,0.43558645248413086,0.33082088828086853,0.35861918330192566,0.6018337607383728,0.9619866013526917,0.5766668319702148,0.5871330499649048,0.3675076961517334,0.34834063053131104,0.6488820910453796,0.9387984871864319,0.5801055431365967,0.631102979183197,0.3572564423084259,0.3502298593521118,0.6526190638542175,0.9375808238983154,0.5708092451095581,0.6336705684661865,0.35547739267349243,0.35864681005477905,0.6368888020515442,0.9312722086906433,0.563484787940979,0.6188795566558838,0.3525400161743164,0.4116474688053131,0.5707330703735352,0.9990132451057434,0.5002759695053101,0.5791133642196655,0.9984739422798157,0.30478692054748535,0.7622104287147522,0.9656952023506165,0.37843987345695496,0.7728543877601624,0.5348840355873108,0.5024188756942749,0.8146628737449646,0.9181997179985046,0.3927004933357239,0.9518194198608398,0.6083751320838928,0.5577003359794617,0.8124814629554749,0.9150566458702087,0.40794265270233154,0.9828834533691406,0.6557943820953369,0.5603217482566833,0.9204362034797668,0.8804287910461426,0.3637763559818268,1.0423957109451294,0.6192436814308167
315,0.504408597946167,0.0584004707634449,0.9997818470001221,0.49830082058906555,0.040828946977853775,0.9997000694274902,0.4906645119190216,0.0397704541683197,0.9997249245643616,0.4817813038825989,0.03912099078297615,0.9997283220291138,0.5197045803070068,0.04509272053837776,0.9996030926704407,0.5276328325271606,0.04663384333252907,0.999586284160614,0.5363225936889648,0.048311520367860794,0.999588131904602,0.4677301049232483,0.05031720921397209,0.9997613430023193,0.549010694026947,0.058120328933000565,0.9995779991149902,0.4936317503452301,0.07419551908969879,0.9998134970664978,0.5145388841629028,0.07923218607902527,0.9997227191925049,0.3812413811683655,0.16838771104812622,0.9999295473098755,0.5998628735542297,0.243214413523674,0.9992121458053589,0.358976274728775,0.3758361339569092,0.9812995791435242,0.6125559210777283,0.4261200428009033,0.39061757922172546,0.3299759328365326,0.5548651218414307,0.9550662636756897,0.5837233662605286,0.5856050252914429,0.4108278155326843,0.32662132382392883,0.6015470027923584,0.9262020587921143,0.5829802751541138,0.6231361031532288,0.3923552930355072,0.33508527278900146,0.6024406552314758,0.9241935610771179,0.5727870464324951,0.616911768913269,0.3890281915664673,0.34062111377716064,0.5881139039993286,0.9146621227264404,0.5681677460670471,0.6044505834579468,0.3836369514465332,0.3920022249221802,0.5200081467628479,0.9989809989929199,0.49875980615615845,0.5390316843986511,0.9985817670822144,0.3381163775920868,0.6668660640716553,0.9376025199890137,0.41177070140838623,0.7577775716781616,0.5683096647262573,0.4159461557865143,0.7858021855354309,0.8847721815109253,0.40897950530052185,0.9535996317863464,0.6315069198608398,0.3877822756767273,0.8388816714286804,0.8877173066139221,0.4148623049259186,0.979008138179779,0.6718634366989136,0.41886740922927856,0.8427615761756897,0.836938202381134,0.3681269884109497,0.9898400902748108,0.6199532151222229
316,0.5088587403297424,0.02378297969698906,0.9996223449707031,0.5038092732429504,0.006883931811898947,0.9994487762451172,0.4965309500694275,0.007491196505725384,0.9994701147079468,0.48810043931007385,0.008823513053357601,0.9994499087333679,0.5233889818191528,0.006961573380976915,0.9993502497673035,0.5303454995155334,0.007496814709156752,0.9993218779563904,0.5380262136459351,0.008461328223347664,0.9993305802345276,0.47081053256988525,0.017524920403957367,0.9995253086090088,0.5506945848464966,0.017603684216737747,0.9993438720703125,0.4992774426937103,0.03705412149429321,0.9995874762535095,0.5176639556884766,0.036748893558979034,0.9995443820953369,0.3886255621910095,0.1063087061047554,0.999904990196228,0.610133707523346,0.15758949518203735,0.9992741346359253,0.3480231761932373,0.30595409870147705,0.9805604219436646,0.6046619415283203,0.3618936836719513,0.4440482258796692,0.3124035596847534,0.47478386759757996,0.9512356519699097,0.5749078392982483,0.527317225933075,0.4551123082637787,0.3055986166000366,0.5196863412857056,0.9178169965744019,0.5745676755905151,0.5728265047073364,0.429635614156723,0.3152342140674591,0.5234662294387817,0.9153656363487244,0.564103901386261,0.5698464512825012,0.4242820739746094,0.32354074716567993,0.5067377090454102,0.9027826189994812,0.559795618057251,0.5528984665870667,0.41601991653442383,0.38247060775756836,0.4469580054283142,0.9989869594573975,0.49526447057724,0.4756380617618561,0.9987000226974487,0.3214944005012512,0.6083914041519165,0.9312214851379395,0.4203636050224304,0.6985564827919006,0.6023886203765869,0.36651498079299927,0.7758893370628357,0.8767348527908325,0.4123302102088928,0.9662078022956848,0.6633612513542175,0.38412928581237793,0.8048462867736816,0.87502121925354,0.42600148916244507,0.9843845963478088,0.6969709992408752,0.32965511083602905,0.8348294496536255,0.8207013607025146,0.3799211382865906,0.994941771030426,0.6429421305656433
317,0.503472626209259,-0.05953265726566315,0.9995194673538208,0.4949197471141815,-0.08427663147449493,0.9993182420730591,0.4890627861022949,-0.08826964348554611,0.9993454813957214,0.48303893208503723,-0.08957304060459137,0.9993172883987427,0.51517653465271,-0.08065291494131088,0.9992030262947083,0.52295982837677,-0.07835770398378372,0.9991695880889893,0.5312500596046448,-0.07528071850538254,0.9991723299026489,0.4696834087371826,-0.07751637697219849,0.9994074106216431,0.545833170413971,-0.061130888760089874,0.9991947412490845,0.4951731860637665,-0.03255123645067215,0.999489426612854,0.5165984034538269,-0.03368140757083893,0.9994693398475647,0.3900494873523712,0.05951507389545441,0.9998800754547119,0.6132925748825073,0.09495197236537933,0.9993134140968323,0.33453336358070374,0.24974672496318817,0.9798486828804016,0.5980052351951599,0.29098477959632874,0.4899732768535614,0.29633498191833496,0.41028788685798645,0.9488813877105713,0.5664833784103394,0.4595945179462433,0.4864645302295685,0.2882784307003021,0.453454852104187,0.9127367734909058,0.5609495639801025,0.5135272145271301,0.45156386494636536,0.2982860207557678,0.4560919404029846,0.9097112417221069,0.5515552759170532,0.5121824145317078,0.44350531697273254,0.30730435252189636,0.44074663519859314,0.8938974142074585,0.5463463068008423,0.4920860826969147,0.4327998459339142,0.37134772539138794,0.3975510895252228,0.998949408531189,0.4943391680717468,0.4257689118385315,0.9987578988075256,0.33206209540367126,0.6028681397438049,0.9280911087989807,0.43068727850914,0.6658076643943787,0.6365730166435242,0.3259856700897217,0.8136889338493347,0.882256031036377,0.4093365967273712,0.9570131897926331,0.6932283639907837,0.3317713737487793,0.844861626625061,0.8764510154724121,0.3978646695613861,0.969409704208374,0.7203155159950256,0.2848917841911316,0.851585328578949,0.8205757141113281,0.3809753954410553,0.9683271646499634,0.664289653301239
318,0.5360131859779358,-0.11548971384763718,0.9993281364440918,0.5250990986824036,-0.1385597586631775,0.9991990923881531,0.5164474248886108,-0.14085566997528076,0.9992284178733826,0.5077481865882874,-0.1428832709789276,0.9991927146911621,0.5489267706871033,-0.13213634490966797,0.9990571737289429,0.5571029782295227,-0.12966449558734894,0.9990152716636658,0.5653840899467468,-0.1271073818206787,0.9990121126174927,0.48662397265434265,-0.1306905746459961,0.9992766380310059,0.577526867389679,-0.1217564269900322,0.9991321563720703,0.5198460817337036,-0.09688463062047958,0.9993937015533447,0.5437570214271545,-0.09070724993944168,0.9993859529495239,0.40099412202835083,0.02569531835615635,0.9998075366020203,0.6102615594863892,0.055216915905475616,0.9992657899856567,0.33745554089546204,0.20468208193778992,0.9749231934547424,0.5717841386795044,0.22885392606258392,0.517876148223877,0.29768574237823486,0.3589334785938263,0.9200851917266846,0.5442293286323547,0.3905876874923706,0.4509654641151428,0.2902591824531555,0.39471977949142456,0.8729904890060425,0.5332065224647522,0.43467825651168823,0.41579893231391907,0.2991473376750946,0.3954083323478699,0.8683065176010132,0.5297774076461792,0.43282368779182434,0.40754884481430054,0.3068911135196686,0.3834136426448822,0.8469253778457642,0.5265723466873169,0.4144367575645447,0.3976321220397949,0.36845076084136963,0.36487120389938354,0.9989133477210999,0.4866183400154114,0.39241451025009155,0.9987510442733765,0.3404527008533478,0.611968457698822,0.9249119758605957,0.43337368965148926,0.6565839648246765,0.6708096265792847,0.3073870837688446,0.8259821534156799,0.8873822689056396,0.3841612637042999,0.9293879270553589,0.720745861530304,0.2912759482860565,0.8751718401908875,0.8816249966621399,0.3588103950023651,0.9570360779762268,0.7434540390968323,0.31204450130462646,0.8830791711807251,0.8188298940658569,0.40293338894844055,0.9748280048370361,0.6816596984863281
319,0.532721221446991,-0.057837534695863724,0.9977461099624634,0.5235387086868286,-0.08000753819942474,0.9972659945487976,0.5191266536712646,-0.08129144459962845,0.9972386360168457,0.5146952271461487,-0.08231449872255325,0.9970422983169556,0.5335500240325928,-0.07687263190746307,0.9969196319580078,0.5373416543006897,-0.07581422477960587,0.9966623187065125,0.5435385704040527,-0.07473327964544296,0.9965608716011047,0.49245432019233704,-0.0746288150548935,0.9958241581916809,0.5393598675727844,-0.06741128116846085,0.99711674451828,0.5225377678871155,-0.03787054866552353,0.9979540109634399,0.5307309627532959,-0.03474368900060654,0.9982902407646179,0.41528090834617615,0.04028337448835373,0.9997358322143555,0.5239636301994324,0.04651562497019768,0.9993206262588501,0.34494221210479736,0.2028844654560089,0.8889345526695251,0.4617066979408264,0.20536935329437256,0.545945405960083,0.3382406234741211,0.33357325196266174,0.8449485898017883,0.47556403279304504,0.32631629705429077,0.4633980393409729,0.333692729473114,0.36774060130119324,0.8042389154434204,0.4810876250267029,0.3607560396194458,0.42444226145744324,0.33823686838150024,0.36403703689575195,0.8006134033203125,0.48170197010040283,0.3509296476840973,0.41475534439086914,0.34373974800109863,0.3526318073272705,0.7797292470932007,0.47465285658836365,0.34037721157073975,0.39921873807907104,0.3805750906467438,0.37621137499809265,0.9988895654678345,0.42710167169570923,0.37675076723098755,0.9987844228744507,0.39330270886421204,0.6193705201148987,0.8771857619285583,0.4071371853351593,0.6315829753875732,0.6977450251579285,0.3295463025569916,0.8383134603500366,0.8839332461357117,0.3412712812423706,0.8781846761703491,0.7459429502487183,0.30416086316108704,0.8774502873420715,0.8771824240684509,0.31439924240112305,0.9099187254905701,0.7620937824249268,0.3539859652519226,0.8972416520118713,0.827589750289917,0.404361754655838,0.952083170413971,0.7098549604415894
320,0.5466276407241821,-0.00020404822134878486,0.98992919921875,0.5422899723052979,-0.02389605902135372,0.9881237745285034,0.5414353013038635,-0.025196289643645287,0.9880197644233704,0.5405452847480774,-0.02653537318110466,0.9885021448135376,0.540701687335968,-0.023988643661141396,0.9873644709587097,0.5386090874671936,-0.026049647480249405,0.9865262508392334,0.5382762551307678,-0.02823334001004696,0.9862793684005737,0.518118679523468,-0.04016535356640816,0.983172595500946,0.5274466872215271,-0.04288816452026367,0.9883005023002625,0.5375087857246399,0.010114748030900955,0.9900069236755371,0.5336970686912537,0.009303448721766472,0.9913260340690613,0.45331573486328125,0.06016866862773895,0.9987109899520874,0.4922100007534027,0.05524810031056404,0.9992749691009521,0.3815474510192871,0.17485713958740234,0.8032892346382141,0.40802234411239624,0.17522171139717102,0.5774664878845215,0.41043609380722046,0.29363110661506653,0.7640371322631836,0.40365201234817505,0.290059894323349,0.48286667466163635,0.41379931569099426,0.3234925866127014,0.7287681102752686,0.39356696605682373,0.32008466124534607,0.44553065299987793,0.4280482530593872,0.3196263909339905,0.7256230711936951,0.402984082698822,0.32077714800834656,0.43536490201950073,0.42764800786972046,0.3103559911251068,0.7070475816726685,0.4026612937450409,0.31180673837661743,0.4164436459541321,0.3827730417251587,0.35947078466415405,0.9984201192855835,0.41833505034446716,0.3593600392341614,0.9985166788101196,0.398062527179718,0.603467583656311,0.8265572190284729,0.38047653436660767,0.624504029750824,0.724105954170227,0.3458253741264343,0.8241512775421143,0.8579391837120056,0.33682525157928467,0.8686599731445312,0.7682123184204102,0.32154127955436707,0.8668509721755981,0.8564016222953796,0.310342013835907,0.9026939272880554,0.7802839279174805,0.38722097873687744,0.874668538570404,0.81917405128479,0.4169551730155945,0.934092104434967,0.7348122000694275
321,0.5354852676391602,-0.010869072750210762,0.9882816672325134,0.5316901803016663,-0.033520035445690155,0.98554927110672,0.5325493812561035,-0.03378145769238472,0.9854766130447388,0.5337644815444946,-0.03406975045800209,0.986056387424469,0.5336305499076843,-0.035571545362472534,0.984761655330658,0.5302993059158325,-0.037653516978025436,0.9839991927146912,0.5190073251724243,-0.03973102942109108,0.9839560985565186,0.5149377584457397,-0.038367174565792084,0.9791430234909058,0.487291157245636,-0.042350850999355316,0.9853004813194275,0.5306217074394226,0.0046938639134168625,0.9866707921028137,0.525524377822876,0.002481074072420597,0.9887250661849976,0.48325079679489136,0.06743553280830383,0.9967495799064636,0.4496667683124542,0.04155045747756958,0.9991596937179565,0.4449639618396759,0.2095189392566681,0.7248875498771667,0.39819976687431335,0.17307958006858826,0.5856328010559082,0.4428483843803406,0.3218050003051758,0.6917452216148376,0.39128533005714417,0.2631646990776062,0.4748283922672272,0.44449806213378906,0.3588288128376007,0.6621984243392944,0.37892019748687744,0.29114630818367004,0.4425625801086426,0.4463285207748413,0.35407623648643494,0.6595126986503601,0.38681700825691223,0.2883984446525574,0.4316593110561371,0.4447369873523712,0.3407476544380188,0.6431338787078857,0.3875342905521393,0.28005722165107727,0.4126964509487152,0.3925841450691223,0.3612895905971527,0.9970617294311523,0.3898871839046478,0.3652545213699341,0.9980827569961548,0.39738866686820984,0.5787028670310974,0.7851718664169312,0.36360934376716614,0.615691602230072,0.747412919998169,0.3484790027141571,0.797150731086731,0.8419445157051086,0.3311346173286438,0.8645544052124023,0.7881128191947937,0.32957103848457336,0.8418142795562744,0.8408761620521545,0.30764240026474,0.8936538100242615,0.7924919128417969,0.4173973500728607,0.8280300498008728,0.8181608319282532,0.414366751909256,0.9226053953170776,0.7564647793769836
322,0.4766830503940582,-0.024236168712377548,0.9851087927818298,0.47168803215026855,-0.047447822988033295,0.981620728969574,0.4705681800842285,-0.04788205772638321,0.9812222123146057,0.46950864791870117,-0.048280712217092514,0.9825395345687866,0.475005179643631,-0.04816252738237381,0.9809153079986572,0.474643737077713,-0.049320098012685776,0.9795485138893127,0.47278234362602234,-0.050447914749383926,0.9803253412246704,0.45896080136299133,-0.046911727637052536,0.9744570255279541,0.4651925265789032,-0.04790691286325455,0.9808862209320068,0.4739971458911896,-0.007379474118351936,0.9836344718933105,0.474932998418808,-0.007838227786123753,0.986128568649292,0.43215319514274597,0.05642036348581314,0.9965285062789917,0.46520113945007324,0.041892752051353455,0.9991175532341003,0.399431049823761,0.20782370865345,0.6651241183280945,0.40992558002471924,0.1871979534626007,0.5754221677780151,0.39591550827026367,0.28895246982574463,0.647975742816925,0.37820085883140564,0.2540281116962433,0.4664216637611389,0.3962964713573456,0.3164313733577728,0.6251305341720581,0.3713872730731964,0.27582699060440063,0.4363064169883728,0.4001999795436859,0.3043815493583679,0.6226826906204224,0.36603614687919617,0.26310116052627563,0.4248802959918976,0.40382352471351624,0.29434388875961304,0.6049559116363525,0.3636714816093445,0.25659337639808655,0.40459567308425903,0.38540369272232056,0.3575012981891632,0.9965583682060242,0.40080955624580383,0.35792872309684753,0.9977431297302246,0.3941188454627991,0.5744780898094177,0.7498932480812073,0.3679044842720032,0.6033705472946167,0.7637262344360352,0.34049147367477417,0.8011323809623718,0.8306245803833008,0.3290776312351227,0.8412655591964722,0.8006165623664856,0.3242337703704834,0.842362105846405,0.8289510011672974,0.3115599453449249,0.8753811120986938,0.7985599637031555,0.4088873267173767,0.8227578997612,0.8123807907104492,0.39503753185272217,0.8568852543830872,0.7671199440956116
323,0.43968331813812256,-0.04608901962637901,0.9862934947013855,0.4401644766330719,-0.06551682949066162,0.9831266403198242,0.43980279564857483,-0.06529345363378525,0.9827021956443787,0.43939945101737976,-0.06502150744199753,0.9838858842849731,0.44302088022232056,-0.066445492208004,0.9823770523071289,0.44386735558509827,-0.06699737161397934,0.9810461401939392,0.44457438588142395,-0.06754552572965622,0.9818039536476135,0.4383430778980255,-0.0558694563806057,0.9765453338623047,0.44874903559684753,-0.05846631899476051,0.982367217540741,0.4402443468570709,-0.02699589543044567,0.9848825335502625,0.44032180309295654,-0.028058797121047974,0.9871715903282166,0.3987187147140503,0.053668539971113205,0.996810257434845,0.47671598196029663,0.04347281903028488,0.9990869164466858,0.30701377987861633,0.21040615439414978,0.6797722578048706,0.4374816119670868,0.17725998163223267,0.5548034906387329,0.3456220328807831,0.2400643229484558,0.6253489255905151,0.39333346486091614,0.18383215367794037,0.4422987699508667,0.3571610748767853,0.24824227392673492,0.6012238264083862,0.38630950450897217,0.1873246282339096,0.41542360186576843,0.3724386990070343,0.23400548100471497,0.5996271371841431,0.3745383322238922,0.1718219369649887,0.4049094021320343,0.37087032198905945,0.23058493435382843,0.5848044157028198,0.37466681003570557,0.17186081409454346,0.38672277331352234,0.37376222014427185,0.35474854707717896,0.9967668056488037,0.4092312157154083,0.3513365387916565,0.9977458119392395,0.3597278296947479,0.5891015529632568,0.7505413889884949,0.3692552447319031,0.5958037376403809,0.7512308955192566,0.31870684027671814,0.8276389837265015,0.8368878364562988,0.3363466262817383,0.8347683548927307,0.7956750392913818,0.3096682131290436,0.8445391058921814,0.8366035223007202,0.3246588110923767,0.8633657097816467,0.7895740270614624,0.30913347005844116,0.8539395928382874,0.8171371221542358,0.34529536962509155,0.8681725263595581,0.7616714835166931
324,0.4808802008628845,-0.10125699639320374,0.9872512221336365,0.4686598777770996,-0.12186265736818314,0.9844516515731812,0.4562492370605469,-0.12300916016101837,0.9839991927146912,0.4400123953819275,-0.12409783154726028,0.9850499629974365,0.49409475922584534,-0.11825074255466461,0.9837034940719604,0.5007869005203247,-0.11700718104839325,0.9824551343917847,0.5072752833366394,-0.11574823409318924,0.9831579327583313,0.4516998827457428,-0.1146140843629837,0.9785230159759521,0.5038939714431763,-0.10177268087863922,0.9838514924049377,0.4516846835613251,-0.0848221704363823,0.9861831665039062,0.48183673620224,-0.08132500946521759,0.9882346391677856,0.3726506531238556,0.00019332570082042366,0.9970971941947937,0.5197478532791138,0.029439827427268028,0.999113917350769,0.31666943430900574,0.15042343735694885,0.6918704509735107,0.4450022280216217,0.16560088098049164,0.5365278720855713,0.29496142268180847,0.270532488822937,0.5916622281074524,0.38978323340415955,0.2143530547618866,0.4130488932132721,0.3029493987560272,0.2890441417694092,0.5599755644798279,0.37050941586494446,0.23344595730304718,0.3871024250984192,0.3070474863052368,0.2831715941429138,0.5580461621284485,0.3594638407230377,0.2261265218257904,0.377511203289032,0.31282302737236023,0.2709401547908783,0.543866753578186,0.3622005879878998,0.21825262904167175,0.3617231845855713,0.36171871423721313,0.34169963002204895,0.9970220923423767,0.4169103503227234,0.3445371091365814,0.9978641271591187,0.3608528673648834,0.6013295650482178,0.7527744174003601,0.37281787395477295,0.6051180958747864,0.7399204969406128,0.3157058358192444,0.8444167375564575,0.8371498584747314,0.3256724178791046,0.843994140625,0.7957658767700195,0.306959331035614,0.8676900863647461,0.8359737396240234,0.3171214163303375,0.8729861974716187,0.7818652987480164,0.3176005780696869,0.878047525882721,0.8056948781013489,0.32858771085739136,0.8988211750984192,0.756157636642456
325,0.4944301247596741,-0.11336349695920944,0.9883089065551758,0.47630658745765686,-0.13528800010681152,0.9858590960502625,0.4580173194408417,-0.13738854229450226,0.9854333400726318,0.45270806550979614,-0.1394151747226715,0.9863613843917847,0.5097039937973022,-0.1465819627046585,0.9851416945457458,0.517697274684906,-0.14498421549797058,0.9839962720870972,0.5231356024742126,-0.1228901669383049,0.9846532344818115,0.45490774512290955,-0.1281852126121521,0.9805490970611572,0.5205338001251221,-0.10438637435436249,0.9853755235671997,0.45584213733673096,-0.09738738089799881,0.9874617457389832,0.4978756010532379,-0.09020701795816422,0.9893166422843933,0.3630737364292145,-0.016055487096309662,0.9973692893981934,0.5432289838790894,0.04343237727880478,0.9991178512573242,0.3054705262184143,0.14501625299453735,0.7019919157028198,0.4988529682159424,0.1942472606897354,0.510932445526123,0.2922533452510834,0.29098066687583923,0.5520226359367371,0.40021854639053345,0.25503912568092346,0.3774121403694153,0.29168424010276794,0.32079485058784485,0.5171399116516113,0.3734912574291229,0.2756718695163727,0.35371682047843933,0.2948138117790222,0.31801143288612366,0.5150280594825745,0.3876698911190033,0.2643457055091858,0.3449825644493103,0.29964083433151245,0.3050089478492737,0.5021207332611084,0.38732337951660156,0.2541581988334656,0.3314032256603241,0.3567887246608734,0.33912643790245056,0.9973008036613464,0.42131492495536804,0.3509599566459656,0.9980450868606567,0.34940069913864136,0.6082390546798706,0.7704885601997375,0.37342098355293274,0.6177766919136047,0.7478723526000977,0.3061577379703522,0.8573048114776611,0.8488421440124512,0.31709277629852295,0.854608416557312,0.807009756565094,0.2993164360523224,0.8829386234283447,0.8452661633491516,0.31246358156204224,0.8837407231330872,0.7855648398399353,0.25046318769454956,0.9081583619117737,0.8101890087127686,0.31608229875564575,0.9103074073791504,0.758804440498352
326,0.5009888410568237,-0.09757400304079056,0.9894070625305176,0.4864111542701721,-0.13363014161586761,0.9872175455093384,0.47059106826782227,-0.13489820063114166,0.9868154525756836,0.4620514214038849,-0.1356581598520279,0.9876573085784912,0.5130943059921265,-0.12193623930215836,0.9865611791610718,0.5193288326263428,-0.1166580393910408,0.9855116009712219,0.5242778658866882,-0.10903311520814896,0.9861236214637756,0.45743146538734436,-0.11127890646457672,0.9824280142784119,0.5215594172477722,-0.07629422843456268,0.9867836236953735,0.4675896465778351,-0.07756586372852325,0.9886662364006042,0.5025205612182617,-0.07484791427850723,0.9903380274772644,0.3720652759075165,0.010167639702558517,0.9975915551185608,0.5391554236412048,0.05157056450843811,0.9990860223770142,0.32855141162872314,0.17090269923210144,0.6821780800819397,0.5101350545883179,0.20536427199840546,0.48487141728401184,0.3827580213546753,0.28489384055137634,0.5042885541915894,0.4494325816631317,0.2513801157474518,0.3460586667060852,0.39605841040611267,0.3054865300655365,0.47176897525787354,0.4387359321117401,0.2653854489326477,0.3257099688053131,0.40869662165641785,0.2995886206626892,0.46981754899024963,0.4337446093559265,0.2546367347240448,0.317801296710968,0.4075821340084076,0.29180750250816345,0.45905694365501404,0.4321316182613373,0.24753038585186005,0.30622151494026184,0.35330718755722046,0.3515218496322632,0.9975271821022034,0.4227478802204132,0.36488038301467896,0.9981759786605835,0.3457821011543274,0.6274259090423584,0.7840040326118469,0.35731467604637146,0.6203927993774414,0.7530267238616943,0.30348870158195496,0.8687608242034912,0.8575117588043213,0.31121504306793213,0.8558813333511353,0.8142165541648865,0.30162906646728516,0.8991632461547852,0.8496174812316895,0.31319475173950195,0.8934929966926575,0.7794356942176819,0.2699819505214691,0.91783607006073,0.8142521977424622,0.25263985991477966,0.9152625799179077,0.7614181041717529
327,0.4640451967716217,-0.08085931837558746,0.9899877905845642,0.46118396520614624,-0.11782742291688919,0.9876853227615356,0.4561605155467987,-0.11784934252500534,0.9873009324073792,0.45296481251716614,-0.11774289608001709,0.9880310893058777,0.4713060259819031,-0.11432873457670212,0.9871423840522766,0.4797042906284332,-0.09974106401205063,0.9862035512924194,0.48202425241470337,-0.09459555149078369,0.9868356585502625,0.4580967426300049,-0.09319469332695007,0.9834291934967041,0.4933314323425293,-0.07155786454677582,0.9874429702758789,0.45439356565475464,-0.07372620701789856,0.9892694354057312,0.4637968838214874,-0.05824566259980202,0.9906526207923889,0.4434029161930084,0.015914568677544594,0.9977700114250183,0.4919642210006714,0.056743744760751724,0.9989469051361084,0.46627628803253174,0.21682517230510712,0.6752442717552185,0.4539894163608551,0.22692716121673584,0.4516127109527588,0.47412002086639404,0.3731972873210907,0.48101067543029785,0.4132438600063324,0.3549632132053375,0.3270823657512665,0.47276008129119873,0.4039994180202484,0.44887909293174744,0.40518391132354736,0.39200350642204285,0.3097439408302307,0.48538607358932495,0.407144159078598,0.4466198682785034,0.4002203941345215,0.39219120144844055,0.3026565909385681,0.4816422760486603,0.39505016803741455,0.43972188234329224,0.40112245082855225,0.3789270520210266,0.2928444445133209,0.36086320877075195,0.35405832529067993,0.9975756406784058,0.40087467432022095,0.3757939636707306,0.998031735420227,0.3413640260696411,0.6521572470664978,0.7949130535125732,0.342996209859848,0.6214751601219177,0.7221059799194336,0.30080732703208923,0.9016147255897522,0.8610993027687073,0.30634090304374695,0.8861678242683411,0.8014907240867615,0.3076067864894867,0.9265907406806946,0.8452803492546082,0.31554529070854187,0.9174042344093323,0.7654522657394409,0.23438675701618195,0.9473139643669128,0.8153667449951172,0.2284117341041565,0.9289155602455139,0.7552536129951477
328,0.4587899446487427,0.030402138829231262,0.9850510954856873,0.4594760537147522,0.019789133220911026,0.9815460443496704,0.45497992634773254,0.018722234293818474,0.9802582859992981,0.44866684079170227,0.016557157039642334,0.9789263010025024,0.47128137946128845,0.023059606552124023,0.9815405607223511,0.47700801491737366,0.024581613019108772,0.9806356430053711,0.48244303464889526,0.02657230757176876,0.981610119342804,0.44841617345809937,0.017397403717041016,0.9760783910751343,0.49041759967803955,0.037073489278554916,0.9841643571853638,0.44928479194641113,0.034441955387592316,0.9853115081787109,0.46052250266075134,0.03990558162331581,0.9880359768867493,0.4001151919364929,0.0330234095454216,0.997930109500885,0.4957037568092346,0.10292284190654755,0.998978316783905,0.3925428092479706,0.21886113286018372,0.6569401621818542,0.49472731351852417,0.2765468955039978,0.4828495681285858,0.3931455910205841,0.3689815402030945,0.4552803635597229,0.4802171587944031,0.43277519941329956,0.3447459936141968,0.39275628328323364,0.4001089632511139,0.424968957901001,0.4655969738960266,0.46397116780281067,0.32475075125694275,0.4085920453071594,0.3999561667442322,0.4230137765407562,0.4553697407245636,0.4625264108181,0.3163229525089264,0.4105663299560547,0.3883449137210846,0.41621288657188416,0.45770591497421265,0.44869866967201233,0.3047815263271332,0.3467935025691986,0.4056693911552429,0.997670590877533,0.40746620297431946,0.42275097966194153,0.9979380965232849,0.325046181678772,0.6651464700698853,0.8120508790016174,0.3481764495372772,0.6331374049186707,0.6892750263214111,0.30692258477211,0.9259833693504333,0.8683761954307556,0.30970922112464905,0.8920090794563293,0.7739254832267761,0.31241485476493835,0.9523544907569885,0.8574245572090149,0.31656578183174133,0.9232093691825867,0.7511399984359741,0.26508021354675293,0.9674875140190125,0.8203271627426147,0.26094043254852295,0.9355388879776001,0.7293776273727417
329,0.3770585060119629,0.08607020974159241,0.9858847260475159,0.3875093162059784,0.06075148656964302,0.9823717474937439,0.39237353205680847,0.05933128297328949,0.9813686609268188,0.3968878388404846,0.05796869099140167,0.9801391363143921,0.38269513845443726,0.061091795563697815,0.9820990562438965,0.3829382658004761,0.059845589101314545,0.981183648109436,0.3831515312194824,0.05865080654621124,0.9819677472114563,0.42253416776657104,0.05089899152517319,0.977698802947998,0.40545666217803955,0.052078112959861755,0.9843709468841553,0.39400047063827515,0.09846305102109909,0.9862082004547119,0.387647420167923,0.09930714219808578,0.988400936126709,0.4600521922111511,0.10357069224119186,0.9981262683868408,0.4208325743675232,0.1311633288860321,0.9988540410995483,0.5098454356193542,0.3002319037914276,0.690662145614624,0.39510786533355713,0.2842969298362732,0.43869006633758545,0.49529144167900085,0.46976301074028015,0.5076404213905334,0.3671492636203766,0.41760697960853577,0.3165263533592224,0.49370747804641724,0.5136522650718689,0.47839680314064026,0.3523043394088745,0.45145323872566223,0.3004266917705536,0.48469364643096924,0.5127904415130615,0.4765695333480835,0.3503568470478058,0.44185465574264526,0.2931261360645294,0.4790487587451935,0.4938908815383911,0.46936479210853577,0.35590308904647827,0.43687018752098083,0.28291216492652893,0.3714350759983063,0.46040111780166626,0.9976422786712646,0.3783133924007416,0.4562957286834717,0.9975926280021667,0.31298887729644775,0.679633617401123,0.8299223780632019,0.34028831124305725,0.6611319780349731,0.682988166809082,0.27775365114212036,0.9226228594779968,0.8795108199119568,0.324208527803421,0.8952162265777588,0.7807677984237671,0.30311667919158936,0.9499280452728271,0.8702739477157593,0.3436502516269684,0.9393240213394165,0.7624006271362305,0.21026380360126495,0.9781656861305237,0.8354445099830627,0.2676858901977539,0.9513804316520691,0.742312490940094
330,0.36514270305633545,0.09259160608053207,0.9872322082519531,0.3833879232406616,0.0686197280883789,0.9840427041053772,0.3981345295906067,0.04703400284051895,0.9831525087356567,0.3936740458011627,0.06884533911943436,0.9820583462715149,0.3799435794353485,0.0679684430360794,0.9837483167648315,0.38067466020584106,0.06730924546718597,0.9828904867172241,0.3813885450363159,0.06662643700838089,0.9835854172706604,0.4217914044857025,0.07562404125928879,0.9798829555511475,0.4068286120891571,0.07148215174674988,0.985755980014801,0.37893593311309814,0.1134517639875412,0.987544059753418,0.372273713350296,0.11282795667648315,0.9894586205482483,0.4574451744556427,0.1650533527135849,0.9983099102973938,0.4207356870174408,0.1607849895954132,0.9987235069274902,0.5078248977661133,0.35630476474761963,0.7210258841514587,0.3987445831298828,0.29547733068466187,0.3986993134021759,0.4959658682346344,0.5268949866294861,0.5555079579353333,0.3731369078159332,0.3934730589389801,0.29101499915122986,0.4944787323474884,0.5679401159286499,0.5278356075286865,0.36696019768714905,0.42396336793899536,0.27883920073509216,0.4825168251991272,0.5665560364723206,0.5260181427001953,0.3613048195838928,0.416593074798584,0.2725865840911865,0.47925248742103577,0.5497183203697205,0.5187502503395081,0.3645411729812622,0.40920767188072205,0.26399752497673035,0.37532857060432434,0.5083988904953003,0.997490406036377,0.37688443064689636,0.4990617036819458,0.9967886209487915,0.2769976258277893,0.7109244465827942,0.8386068344116211,0.34442374110221863,0.7003902196884155,0.6611506938934326,0.1924731731414795,0.9131951928138733,0.8833337426185608,0.3998812735080719,0.9180461168289185,0.7657821774482727,0.20019151270389557,0.9436393976211548,0.8785679936408997,0.41573014855384827,0.9568730592727661,0.7637335658073425,0.11473735421895981,0.9675734043121338,0.8406680822372437,0.348747581243515,0.9528244137763977,0.735143780708313
331,0.35310325026512146,0.053389761596918106,0.9884978532791138,0.37716925144195557,0.029968123883008957,0.9856223464012146,0.3839928209781647,0.022711131721735,0.9848226308822632,0.38776326179504395,0.029647689312696457,0.9838419556617737,0.3728235960006714,0.029166560620069504,0.9853537082672119,0.3746405243873596,0.02993672341108322,0.9845795631408691,0.37669050693511963,0.030734051018953323,0.985209584236145,0.41907843947410583,0.04197422042489052,0.9818844795227051,0.4088130593299866,0.039624638855457306,0.987157940864563,0.3645675778388977,0.07786646485328674,0.9887802004814148,0.3580658435821533,0.07817912101745605,0.9904963374137878,0.44980329275131226,0.18842406570911407,0.9984696507453918,0.42266812920570374,0.18363028764724731,0.9987120032310486,0.4830213189125061,0.3969395160675049,0.7469378709793091,0.412061870098114,0.37120309472084045,0.36201122403144836,0.47747960686683655,0.572747528553009,0.5949322581291199,0.3756701946258545,0.521421492099762,0.26605987548828125,0.4822406470775604,0.6181681156158447,0.5667453408241272,0.3760787844657898,0.5653349757194519,0.25643476843833923,0.465411514043808,0.6186598539352417,0.564353883266449,0.36633825302124023,0.5680069327354431,0.2507140040397644,0.4615762531757355,0.601859986782074,0.5558595061302185,0.37088829278945923,0.552400529384613,0.24382035434246063,0.3774639070034027,0.5586896538734436,0.9971879720687866,0.3808991312980652,0.5472878217697144,0.9964653253555298,0.22671006619930267,0.7530331015586853,0.8435994982719421,0.37586843967437744,0.7760123610496521,0.6449471712112427,0.09447094798088074,0.9209250807762146,0.8861230611801147,0.4599716067314148,0.9943865537643433,0.7517504692077637,0.0904623344540596,0.9596030116081238,0.8843635320663452,0.5093246102333069,1.0510718822479248,0.7629131078720093,0.013331836089491844,0.9583898782730103,0.8411111235618591,0.4240373373031616,1.044091820716858,0.7210819125175476
332,0.3456888198852539,0.057549089193344116,0.9896450042724609,0.36911219358444214,0.03918159008026123,0.9870559573173523,0.3739640414714813,0.03885870426893234,0.9863367080688477,0.37863171100616455,0.040749963372945786,0.9854551553726196,0.36672914028167725,0.03739842399954796,0.9868127107620239,0.36952346563339233,0.03739238902926445,0.9861151576042175,0.3728134036064148,0.0371994748711586,0.9866831302642822,0.40973272919654846,0.05908139422535896,0.9836938381195068,0.40464290976524353,0.054888803511857986,0.9884361028671265,0.35185375809669495,0.08478587865829468,0.9898999333381653,0.3490713834762573,0.08489566296339035,0.9914427995681763,0.44749441742897034,0.21224091947078705,0.9986203908920288,0.42072737216949463,0.20566502213478088,0.998773455619812,0.4635789692401886,0.4234331250190735,0.771788477897644,0.42155277729034424,0.3928249776363373,0.3319076597690582,0.4592047333717346,0.6108139753341675,0.6348963975906372,0.380656361579895,0.5594053864479065,0.24840526282787323,0.4616241455078125,0.6536450982093811,0.6088962554931641,0.38374951481819153,0.6080945134162903,0.24101850390434265,0.4538106620311737,0.6542094945907593,0.606616199016571,0.37287279963493347,0.6104831099510193,0.23567473888397217,0.4509083926677704,0.6381306052207947,0.59834885597229,0.39557015895843506,0.5896023511886597,0.23066918551921844,0.37777188420295715,0.5956564545631409,0.9970648288726807,0.3841384947299957,0.5852288007736206,0.9963884949684143,0.19871938228607178,0.7663600444793701,0.8486586213111877,0.3931366503238678,0.8055028915405273,0.6395545601844788,0.05621569976210594,0.918257474899292,0.8815126419067383,0.4806689918041229,0.9973556399345398,0.7363044619560242,0.04874464496970177,0.9590919613838196,0.8851392269134521,0.5354127883911133,1.0769284963607788,0.7617016434669495,0.005613795947283506,0.8946268558502197,0.8302943110466003,0.4540502429008484,1.0667563676834106,0.7043884992599487
333,0.33574530482292175,0.06749146431684494,0.9906784296035767,0.35472777485847473,0.04870231822133064,0.9883477687835693,0.35874536633491516,0.05017871409654617,0.9877008199691772,0.3630179166793823,0.051658131182193756,0.9869080185890198,0.3531464636325836,0.04717520624399185,0.9881277680397034,0.3558618426322937,0.04777956381440163,0.9874996542930603,0.359083354473114,0.048070281744003296,0.9880115389823914,0.39364340901374817,0.0725337415933609,0.9853227138519287,0.3906569480895996,0.06763847917318344,0.9895886778831482,0.3416292071342468,0.09961733222007751,0.9909085631370544,0.3393603563308716,0.1002107709646225,0.9922957420349121,0.431216299533844,0.2308805286884308,0.9987564086914062,0.41955041885375977,0.22150762379169464,0.9988531470298767,0.4551519751548767,0.4487491250038147,0.7942808270454407,0.42929166555404663,0.4210433065891266,0.30736127495765686,0.4510878324508667,0.6274431347846985,0.6710805892944336,0.4161178469657898,0.575642466545105,0.23676203191280365,0.4532179832458496,0.6724995374679565,0.6473122239112854,0.42294278740882874,0.6169884204864502,0.2320730835199356,0.45061445236206055,0.6746376156806946,0.6451975703239441,0.3953433036804199,0.6190707087516785,0.22701695561408997,0.4481199085712433,0.6595987677574158,0.6374178528785706,0.42298778891563416,0.606813907623291,0.22414271533489227,0.3816708028316498,0.6005340218544006,0.9969739317893982,0.3852611482143402,0.5813542008399963,0.9963980913162231,0.20093074440956116,0.7499293088912964,0.8573880195617676,0.3958964943885803,0.7957494854927063,0.63625168800354,0.04592912644147873,0.8780204057693481,0.8836615085601807,0.5027078986167908,0.9946648478507996,0.7278713583946228,0.03749078884720802,0.9125803709030151,0.8892110586166382,0.5364564657211304,1.0263500213623047,0.7647747993469238,-0.0281764455139637,0.8729504346847534,0.8289559483528137,0.4803876578807831,1.0737667083740234,0.694096565246582
334,0.3328208327293396,0.0671064555644989,0.9916045665740967,0.3500993847846985,0.04920514300465584,0.9895057678222656,0.3534262180328369,0.05023318529129028,0.9889246821403503,0.3569544553756714,0.05109088867902756,0.9882125854492188,0.34993866086006165,0.047963716089725494,0.9893053770065308,0.3530152142047882,0.048285387456417084,0.9887397289276123,0.3564583957195282,0.04835747554898262,0.9892023801803589,0.38695767521858215,0.06799755245447159,0.986785352230072,0.3869599997997284,0.0647524744272232,0.9906207919120789,0.3388471305370331,0.0980137437582016,0.991813063621521,0.3385583162307739,0.09844428300857544,0.9930588006973267,0.4100564420223236,0.22370921075344086,0.9988781809806824,0.4238540530204773,0.21960756182670593,0.998920202255249,0.44688186049461365,0.437112420797348,0.8143945932388306,0.43078067898750305,0.4161636233329773,0.2871633768081665,0.42702925205230713,0.6232374310493469,0.7034451365470886,0.45090678334236145,0.5567189455032349,0.22954587638378143,0.43109020590782166,0.668678343296051,0.6815316081047058,0.465719997882843,0.5962386131286621,0.2266671359539032,0.4211809039115906,0.671216607093811,0.679524302482605,0.45759010314941406,0.5995153784751892,0.2220514416694641,0.4199443757534027,0.6528764367103577,0.6719765663146973,0.4525581896305084,0.5892200469970703,0.2196979522705078,0.38292765617370605,0.584994912147522,0.9969115257263184,0.39291709661483765,0.5599133372306824,0.9963870048522949,0.23320728540420532,0.7532281875610352,0.8682591915130615,0.3990412950515747,0.783230185508728,0.6353603601455688,0.11626657843589783,0.9083167910575867,0.8869981169700623,0.524208664894104,0.9880107641220093,0.7162461876869202,0.16569030284881592,0.9417449235916138,0.8916381001472473,0.556760311126709,1.0103906393051147,0.7621539235115051,0.06396803259849548,0.9255427718162537,0.8317554593086243,0.45944976806640625,1.053729772567749,0.6885169148445129
335,0.32645848393440247,0.060698043555021286,0.9924150705337524,0.3443424105644226,0.04175633192062378,0.9905230402946472,0.3478933870792389,0.04222552478313446,0.9900043606758118,0.3516114056110382,0.04308772459626198,0.9893700480461121,0.34335535764694214,0.04087784141302109,0.9903160333633423,0.3460503816604614,0.0411481112241745,0.9898077845573425,0.349078893661499,0.04131697490811348,0.9902285933494568,0.38234999775886536,0.05966326221823692,0.9880794286727905,0.38012808561325073,0.05697397515177727,0.99146968126297,0.3330526053905487,0.08932193368673325,0.9926128387451172,0.3312470018863678,0.08996627479791641,0.9937038421630859,0.40491431951522827,0.21087133884429932,0.9989897012710571,0.4182957112789154,0.20581437647342682,0.9989368319511414,0.43458127975463867,0.4236218333244324,0.832606852054596,0.43443119525909424,0.39746853709220886,0.26674363017082214,0.4197431802749634,0.6069250702857971,0.7327478528022766,0.45735427737236023,0.5364702939987183,0.22742289304733276,0.42840516567230225,0.6478291153907776,0.7126407027244568,0.4727604389190674,0.5728872418403625,0.22618314623832703,0.4174276888370514,0.6489320397377014,0.7108282446861267,0.4634573757648468,0.5788422226905823,0.2222781926393509,0.4151368737220764,0.6339393854141235,0.7034888863563538,0.4536808729171753,0.569922685623169,0.2193274348974228,0.38792601227760315,0.5713695287704468,0.9971974492073059,0.38189584016799927,0.5433972477912903,0.9966621994972229,0.3901110887527466,0.7837015986442566,0.8808678984642029,0.2348734736442566,0.7583357691764832,0.6507400870323181,0.5272133350372314,0.9739139080047607,0.8977304697036743,0.11065593361854553,0.8694995641708374,0.7291826009750366,0.569963812828064,0.9896173477172852,0.89799565076828,0.10225827246904373,0.9025933742523193,0.7621147632598877,0.4531708061695099,1.057426929473877,0.8474445343017578,0.028164617717266083,0.908777117729187,0.709153413772583
336,0.3258443772792816,0.05582268908619881,0.993168294429779,0.3441731333732605,0.03608444705605507,0.9914653897285461,0.3477092683315277,0.0359053909778595,0.9909994006156921,0.3515297472476959,0.037066325545310974,0.9904296398162842,0.34311121702194214,0.03523455560207367,0.9912734627723694,0.3457662761211395,0.03595246374607086,0.9908158779144287,0.34883973002433777,0.0365322045981884,0.9911954402923584,0.3820367157459259,0.052868910133838654,0.9892662167549133,0.37941884994506836,0.051134586334228516,0.992307186126709,0.3319348692893982,0.08240946382284164,0.993348240852356,0.3304555118083954,0.08376597613096237,0.9943252801895142,0.3877512216567993,0.20627306401729584,0.9990904331207275,0.41582947969436646,0.19701112806797028,0.9989994168281555,0.40186411142349243,0.4252687692642212,0.8490492105484009,0.4355834126472473,0.390179306268692,0.2579551637172699,0.38948342204093933,0.6072766780853271,0.7591195702552795,0.4545401334762573,0.5295942425727844,0.23610016703605652,0.3935907483100891,0.6479215025901794,0.7406274676322937,0.46879926323890686,0.568601131439209,0.23448173701763153,0.38248002529144287,0.6479881405830383,0.7390137314796448,0.4600529670715332,0.5758988857269287,0.2316543608903885,0.38440370559692383,0.631854772567749,0.7319382429122925,0.4498806893825531,0.5642960667610168,0.22730132937431335,0.38124024868011475,0.5653735995292664,0.9974676370620728,0.3724125027656555,0.535042941570282,0.9969437122344971,0.39784228801727295,0.7749240398406982,0.8922773003578186,0.24490678310394287,0.7440261244773865,0.6661317348480225,0.5478146076202393,0.9765994548797607,0.9075366854667664,0.1667482554912567,0.8648672103881836,0.7410653233528137,0.5836248397827148,0.9927177429199219,0.9052293300628662,0.17807528376579285,0.9063775539398193,0.7615405321121216,0.4756265878677368,1.054291844367981,0.8619211912155151,0.1041884496808052,0.918421745300293,0.7288255095481873
337,0.32358312606811523,0.04868723079562187,0.9938440918922424,0.34312766790390015,0.030455514788627625,0.992310106754303,0.34692367911338806,0.03193110227584839,0.9918919801712036,0.3508380651473999,0.03263246640563011,0.991380512714386,0.3417230248451233,0.029580531641840935,0.9921289086341858,0.34454089403152466,0.029371505603194237,0.9917163252830505,0.34767118096351624,0.02929261326789856,0.9920589327812195,0.38015758991241455,0.051532745361328125,0.9903300404548645,0.37878918647766113,0.04628003388643265,0.9930479526519775,0.32909947633743286,0.07695573568344116,0.994005560874939,0.3271503150463104,0.07650315761566162,0.9948769211769104,0.37703561782836914,0.19925880432128906,0.9991804361343384,0.41372150182724,0.19176965951919556,0.9990468621253967,0.3819361925125122,0.4191879332065582,0.8636190295219421,0.43271970748901367,0.3863866627216339,0.248866468667984,0.37108710408210754,0.5949507355690002,0.7824698686599731,0.45034706592559814,0.527061402797699,0.24142615497112274,0.3718026578426361,0.6391332745552063,0.765129566192627,0.46264228224754333,0.5686042308807373,0.24077150225639343,0.36584410071372986,0.6376883387565613,0.7637122273445129,0.4538349509239197,0.5756115317344666,0.2384123057126999,0.3672744631767273,0.6208229064941406,0.7566220164299011,0.4495750069618225,0.5637640357017517,0.2326822131872177,0.3604412078857422,0.5563863515853882,0.9976999163627625,0.35849809646606445,0.5318527817726135,0.9971859455108643,0.3704144358634949,0.7615557909011841,0.9021837711334229,0.2862183153629303,0.7433921694755554,0.6779811978340149,0.5408015251159668,0.9632037878036499,0.9161832332611084,0.23851411044597626,0.885144054889679,0.7548285126686096,0.5693991184234619,0.9828101396560669,0.9128702878952026,0.25260865688323975,0.9236776828765869,0.7701762914657593,0.48838457465171814,1.0363821983337402,0.8749711513519287,0.16655097901821136,0.9394266605377197,0.748927652835846
338,0.322031170129776,0.04580622911453247,0.99444580078125,0.3427686095237732,0.027971450239419937,0.9930633902549744,0.34688520431518555,0.030314167961478233,0.992689311504364,0.3510165810585022,0.030579622834920883,0.9922310709953308,0.34077954292297363,0.026700833812355995,0.9928880929946899,0.3435441553592682,0.025836331769824028,0.9925167560577393,0.34660226106643677,0.025244291871786118,0.9928262233734131,0.3808266818523407,0.05095699802041054,0.9912809133529663,0.3780388832092285,0.0433998703956604,0.9937013983726501,0.32864516973495483,0.075788214802742,0.9945850968360901,0.325715035200119,0.07422300428152084,0.995353639125824,0.36903873085975647,0.1969706267118454,0.9992591738700867,0.40817609429359436,0.18949323892593384,0.9990281462669373,0.3680892586708069,0.4180071949958801,0.8765416741371155,0.43157023191452026,0.3855496346950531,0.2429695576429367,0.35536304116249084,0.5928038954734802,0.802844226360321,0.44674500823020935,0.5267210602760315,0.24584347009658813,0.3541983366012573,0.6353387236595154,0.7858884930610657,0.4595421254634857,0.565169632434845,0.24599893391132355,0.3504924774169922,0.6320759057998657,0.7846373915672302,0.45086050033569336,0.5703288316726685,0.24344711005687714,0.35583966970443726,0.6148717403411865,0.7773042321205139,0.4466891884803772,0.5610982179641724,0.23681308329105377,0.34466978907585144,0.5507752895355225,0.9978731870651245,0.35095781087875366,0.5288896560668945,0.9973243474960327,0.3524550199508667,0.7574255466461182,0.911054253578186,0.29606109857559204,0.731050968170166,0.6891207695007324,0.5110235214233398,0.9524215459823608,0.9237034916877747,0.27632901072502136,0.8939654231071472,0.769157350063324,0.5379083156585693,0.9750069379806519,0.9198010563850403,0.2918716073036194,0.9287902116775513,0.7802222371101379,0.4355560839176178,1.0229299068450928,0.8864440321922302,0.19965782761573792,0.9485298991203308,0.7678810954093933
339,0.31711140275001526,0.0446973517537117,0.9949890375137329,0.33903229236602783,0.02707010693848133,0.9937416911125183,0.3432273864746094,0.030185887590050697,0.9934058785438538,0.3474927544593811,0.030173571780323982,0.992995023727417,0.33673954010009766,0.025231242179870605,0.9935786128044128,0.33933225274086,0.023887647315859795,0.9932454824447632,0.34230050444602966,0.022883929312229156,0.9935272932052612,0.377716064453125,0.04880648851394653,0.9921342134475708,0.3736678659915924,0.042416732758283615,0.9943176507949829,0.3245253562927246,0.07489612698554993,0.9951121807098389,0.3210447430610657,0.07401947677135468,0.995802640914917,0.3617342710494995,0.19826392829418182,0.999319314956665,0.40800172090530396,0.19146069884300232,0.9990757703781128,0.36590057611465454,0.4164351522922516,0.8870781660079956,0.4299962818622589,0.38404104113578796,0.23183771967887878,0.35877305269241333,0.5875734686851501,0.8189204931259155,0.442391961812973,0.5252918004989624,0.2425902932882309,0.36556461453437805,0.6301224231719971,0.800959587097168,0.45782995223999023,0.5615461468696594,0.24465608596801758,0.3646969795227051,0.6284103393554688,0.7994785904884338,0.4425920844078064,0.5651746392250061,0.24184243381023407,0.3635823130607605,0.6078199148178101,0.7919018268585205,0.4363875091075897,0.5568080544471741,0.23489318788051605,0.34328338503837585,0.5483149886131287,0.9979633688926697,0.35896018147468567,0.5283003449440002,0.9974405169487,0.3159903287887573,0.7534728050231934,0.9197723865509033,0.3166283965110779,0.7251219749450684,0.6974351406097412,0.3883749544620514,0.9420165419578552,0.9302566051483154,0.41577550768852234,0.8987621665000916,0.7834390997886658,0.44621437788009644,0.9644927382469177,0.927000105381012,0.4543307423591614,0.9336614608764648,0.7957255244255066,0.2864798605442047,0.98565673828125,0.8958954215049744,0.3478480577468872,0.9533383846282959,0.784506618976593
340,0.316473126411438,0.044637326151132584,0.9954673051834106,0.3381134271621704,0.0262855663895607,0.9943392872810364,0.3418990969657898,0.028474800288677216,0.9940398931503296,0.3456496596336365,0.02879098244011402,0.993675172328949,0.3359774053096771,0.02468891628086567,0.9941771626472473,0.3383467495441437,0.02369130216538906,0.993874728679657,0.34090232849121094,0.022905539721250534,0.9941337704658508,0.37336671352386475,0.046974923461675644,0.9928942322731018,0.3688858151435852,0.04152259975671768,0.9948393106460571,0.3232206702232361,0.07390543818473816,0.9955754280090332,0.31966432929039,0.0733766183257103,0.9961769580841064,0.35752183198928833,0.19804728031158447,0.9993838667869568,0.40751877427101135,0.19375765323638916,0.9990759491920471,0.35436031222343445,0.4175924062728882,0.8974856734275818,0.4283621907234192,0.38909438252449036,0.22497737407684326,0.3443678021430969,0.5908595323562622,0.8352848291397095,0.44109150767326355,0.5286804437637329,0.25044891238212585,0.3446729779243469,0.632541298866272,0.8176551461219788,0.45615094900131226,0.5675708651542664,0.2542659342288971,0.3442167639732361,0.6311683058738708,0.8162406086921692,0.4368569254875183,0.574718713760376,0.25114819407463074,0.34960034489631653,0.6138058304786682,0.8084056973457336,0.42761218547821045,0.5652393102645874,0.2430378943681717,0.3480960726737976,0.5523837208747864,0.99806809425354,0.3605228066444397,0.5275099873542786,0.9974578022956848,0.32317978143692017,0.7518618106842041,0.9268868565559387,0.29920533299446106,0.7247619032859802,0.7047383785247803,0.4110433757305145,0.9415283203125,0.9354379177093506,0.38259750604629517,0.9013997316360474,0.7834327220916748,0.44527652859687805,0.9666312336921692,0.9306784868240356,0.40753746032714844,0.9363964796066284,0.7951986789703369,0.3548312485218048,1.0058293342590332,0.9038463830947876,0.33198365569114685,0.9559701085090637,0.7921978235244751
341,0.3124751150608063,0.04593617469072342,0.9958685636520386,0.3347242474555969,0.02749311923980713,0.9948292374610901,0.3386034667491913,0.02903273142874241,0.9945704340934753,0.3423784375190735,0.029531100764870644,0.9942578673362732,0.33216652274131775,0.026143603026866913,0.9946601390838623,0.33446964621543884,0.02548656240105629,0.9943872690200806,0.3369063138961792,0.024985432624816895,0.994638204574585,0.3694101870059967,0.04771564155817032,0.9935448169708252,0.3642849922180176,0.04312360659241676,0.9952707886695862,0.31954827904701233,0.07438930124044418,0.9959589242935181,0.3158862292766571,0.07398998737335205,0.9964662194252014,0.3554311692714691,0.19957216084003448,0.9994409680366516,0.40538379549980164,0.19922049343585968,0.999030590057373,0.35458987951278687,0.42003393173217773,0.9069033265113831,0.42355871200561523,0.39419472217559814,0.21580009162425995,0.3430309295654297,0.6005929112434387,0.8500149250030518,0.4337422251701355,0.5354754328727722,0.24994662404060364,0.33622854948043823,0.6420557498931885,0.8326101899147034,0.4426245391368866,0.5712174773216248,0.2540404200553894,0.3353952467441559,0.6407545208930969,0.8311477899551392,0.42874234914779663,0.5798733830451965,0.25085756182670593,0.3400269150733948,0.6258643865585327,0.8226515650749207,0.42002609372138977,0.5696572065353394,0.24294063448905945,0.3495364487171173,0.560289740562439,0.9980952739715576,0.36302754282951355,0.5361561179161072,0.9972997307777405,0.33414414525032043,0.7574824690818787,0.9324977397918701,0.285445898771286,0.7240763306617737,0.6999711394309998,0.4085029065608978,0.9398320317268372,0.9388487935066223,0.3712201416492462,0.8929334282875061,0.76439368724823,0.4358643889427185,0.9665951132774353,0.9307319521903992,0.3905791938304901,0.9266078472137451,0.7827309370040894,0.3116706311702728,0.9866586327552795,0.9091350436210632,0.314411997795105,0.9524604082107544,0.7868252396583557
342,0.310824990272522,0.05532990023493767,0.9962557554244995,0.33205482363700867,0.03804636374115944,0.9953060150146484,0.33590927720069885,0.03907269239425659,0.9950787425041199,0.33967700600624084,0.0394812747836113,0.994805097579956,0.329687237739563,0.0364827923476696,0.995144248008728,0.3320712745189667,0.035930536687374115,0.9948982000350952,0.33456823229789734,0.03530105575919151,0.9951335787773132,0.3669642210006714,0.0556185357272625,0.994155764579773,0.36132100224494934,0.05136532709002495,0.9957093596458435,0.3194984793663025,0.08268087357282639,0.9963286519050598,0.3156663179397583,0.08182410150766373,0.9967683553695679,0.3576711118221283,0.2059326022863388,0.9994930624961853,0.40479210019111633,0.2105788290500641,0.9990416765213013,0.35505861043930054,0.4236772656440735,0.9154434204101562,0.42424872517585754,0.40011054277420044,0.20976054668426514,0.34278374910354614,0.6015653610229492,0.8633270859718323,0.43386316299438477,0.5401172041893005,0.2507137358188629,0.3328970670700073,0.6422371864318848,0.8461158275604248,0.44346779584884644,0.5750477313995361,0.25494134426116943,0.3332655131816864,0.6417021155357361,0.844584584236145,0.43124833703041077,0.5811423659324646,0.25156643986701965,0.34047478437423706,0.6275294423103333,0.835519552230835,0.4212242662906647,0.5711111426353455,0.2441474348306656,0.35423120856285095,0.5621850490570068,0.9982098937034607,0.36364221572875977,0.5390416383743286,0.9974168539047241,0.3417973816394806,0.7591753602027893,0.9382278323173523,0.26951831579208374,0.7239359617233276,0.7067781090736389,0.3995652198791504,0.9391615390777588,0.943180501461029,0.36178314685821533,0.8902343511581421,0.755454421043396,0.42716941237449646,0.9663489460945129,0.9336498379707336,0.386322945356369,0.9219962954521179,0.7760223150253296,0.3114393353462219,0.977780818939209,0.915288507938385,0.30983754992485046,0.9497483968734741,0.7832197546958923
343,0.30929702520370483,0.058496277779340744,0.9966171383857727,0.3301351070404053,0.04022906720638275,0.9957572221755981,0.3335655927658081,0.040812138468027115,0.9955537915229797,0.3369409143924713,0.04118000343441963,0.9953116178512573,0.3290444612503052,0.03928789868950844,0.9956075549125671,0.33189213275909424,0.038917165249586105,0.995384693145752,0.3348371386528015,0.03849809616804123,0.9956024289131165,0.3633733093738556,0.05730666220188141,0.9947208166122437,0.3608475625514984,0.05406233295798302,0.9961246848106384,0.31661850214004517,0.08476808667182922,0.9966791272163391,0.3142572045326233,0.08484300225973129,0.9970718026161194,0.35780444741249084,0.2069305181503296,0.999538779258728,0.4061135947704315,0.21472415328025818,0.999086856842041,0.3557353615760803,0.4205711781978607,0.9230393171310425,0.4268721342086792,0.3986412584781647,0.20613129436969757,0.3455515205860138,0.5972351431846619,0.8753182888031006,0.4442099332809448,0.5375133156776428,0.2483624517917633,0.33845725655555725,0.6378298401832581,0.8583453297615051,0.4552786946296692,0.5726519227027893,0.25251227617263794,0.3352396786212921,0.6381444931030273,0.8566848635673523,0.4464857280254364,0.5777426958084106,0.24943867325782776,0.3427055776119232,0.6235297322273254,0.8473802804946899,0.4359721839427948,0.5682694315910339,0.24272720515727997,0.354617178440094,0.5604828000068665,0.9983333945274353,0.37515169382095337,0.5389498472213745,0.9975862503051758,0.21428674459457397,0.7404343485832214,0.9439233541488647,0.3338707685470581,0.724336564540863,0.7118979692459106,0.34622111916542053,0.9009278416633606,0.9466642737388611,0.4020534157752991,0.8924294114112854,0.7558470368385315,0.39805614948272705,0.9354057908058167,0.9377260208129883,0.4370626211166382,0.9254208207130432,0.7796664237976074,0.2849244475364685,0.9649308323860168,0.919908344745636,0.33936455845832825,0.9512887001037598,0.7842605113983154
344,0.3069823086261749,0.05715684965252876,0.9969419836997986,0.3276325464248657,0.03983141854405403,0.9961637854576111,0.33158811926841736,0.04047511890530586,0.9959827065467834,0.3355534076690674,0.040373072028160095,0.9957683682441711,0.32664358615875244,0.03854409605264664,0.996024489402771,0.33002781867980957,0.03812047466635704,0.9958227276802063,0.33359095454216003,0.03767490014433861,0.9960249662399292,0.36369553208351135,0.054536595940589905,0.9952342510223389,0.3617834746837616,0.05259408801794052,0.9964966773986816,0.3155304491519928,0.08235038816928864,0.9969976544380188,0.31374678015708923,0.08262348175048828,0.9973490238189697,0.3605518639087677,0.20454327762126923,0.9995815753936768,0.4057471752166748,0.211281880736351,0.9991443157196045,0.35721921920776367,0.4199049770832062,0.9300409555435181,0.42736923694610596,0.39697006344795227,0.2007012516260147,0.3468511700630188,0.5965627431869507,0.8864721059799194,0.44695937633514404,0.5360079407691956,0.24499675631523132,0.339111864566803,0.6358753442764282,0.870111882686615,0.45606550574302673,0.5717530846595764,0.24904628098011017,0.3359622359275818,0.635407030582428,0.8683555126190186,0.4480363726615906,0.5756577849388123,0.24663929641246796,0.34407496452331543,0.6204747557640076,0.8589282631874084,0.4389842450618744,0.56685471534729,0.2401660978794098,0.3556981384754181,0.5566759705543518,0.9983891248703003,0.3802695870399475,0.5378068089485168,0.9976881146430969,0.2036338746547699,0.733805239200592,0.9489235281944275,0.3895455300807953,0.7343783974647522,0.7084842920303345,0.28930947184562683,0.9055125713348389,0.9498035907745361,0.4843635559082031,0.9401319622993469,0.7593266367912292,0.3406030535697937,0.9362488389015198,0.9409847855567932,0.510349452495575,0.9716948866844177,0.7873508930206299,0.2252923995256424,0.9705360531806946,0.9241510033607483,0.41251012682914734,0.9617049098014832,0.7895113229751587
345,0.30883049964904785,0.03836475685238838,0.9972342848777771,0.32913440465927124,0.020921912044286728,0.9965265393257141,0.3332267999649048,0.02210044115781784,0.9963663816452026,0.3372490108013153,0.022531164810061455,0.9961773753166199,0.3281400501728058,0.0203977283090353,0.9963979125022888,0.33166709542274475,0.02087276242673397,0.9962145090103149,0.335345596075058,0.02094218134880066,0.9964028000831604,0.36598896980285645,0.037549667060375214,0.9956933856010437,0.3639659881591797,0.035009872168302536,0.9968296885490417,0.31788381934165955,0.06331478804349899,0.9972835779190063,0.3161472976207733,0.0633356124162674,0.9975990653038025,0.36096328496932983,0.1874319463968277,0.9996199011802673,0.40922194719314575,0.19659015536308289,0.999205470085144,0.3552316427230835,0.405252069234848,0.9363917708396912,0.43293851613998413,0.37593549489974976,0.1999291479587555,0.33858177065849304,0.5827957391738892,0.8968089818954468,0.4474918246269226,0.515910267829895,0.2477981597185135,0.3254857063293457,0.6314507126808167,0.8813081383705139,0.4558890163898468,0.5492966771125793,0.2515506446361542,0.32346996665000916,0.629874587059021,0.8795326948165894,0.4480641186237335,0.5544360280036926,0.2502062916755676,0.33339723944664,0.61283278465271,0.8702114224433899,0.4400056302547455,0.5446303486824036,0.24304676055908203,0.3566376566886902,0.5300248861312866,0.9984298944473267,0.3969394266605377,0.5195934176445007,0.9978049397468567,0.23437027633190155,0.7313369512557983,0.9529584050178528,0.41484951972961426,0.7339205145835876,0.7105268836021423,0.27453139424324036,0.9197962284088135,0.9521701335906982,0.5139185786247253,0.9502931237220764,0.7651445865631104,0.29916128516197205,0.9488353133201599,0.9435312747955322,0.5347393751144409,0.9751641750335693,0.7948083877563477,0.20596098899841309,0.9751698970794678,0.9273848533630371,0.4513814151287079,0.9803195595741272,0.7943735122680664
346,0.31011468172073364,0.009942475706338882,0.9975033402442932,0.3309583067893982,-0.008131113834679127,0.9968624114990234,0.3350508511066437,-0.0054898872040212154,0.9967206716537476,0.33893924951553345,-0.0035072630271315575,0.9965519905090332,0.3298114240169525,-0.009273644536733627,0.9967427849769592,0.33319467306137085,-0.007543759886175394,0.9965777397155762,0.3368312120437622,-0.006552961189299822,0.9967495799064636,0.3673454225063324,0.0175954457372427,0.996116578578949,0.3642584979534149,0.01369487214833498,0.9971345663070679,0.3181098401546478,0.038520537316799164,0.9975489974021912,0.31797870993614197,0.03792453557252884,0.9978308081626892,0.3614702522754669,0.16205745935440063,0.9996567964553833,0.4094916582107544,0.16942793130874634,0.9992597103118896,0.35729798674583435,0.380880743265152,0.9425085783004761,0.43022972345352173,0.3517669141292572,0.19943509995937347,0.3409841060638428,0.5562573075294495,0.9067783951759338,0.44697126746177673,0.48650795221328735,0.2558404803276062,0.33130913972854614,0.6051605939865112,0.8924426436424255,0.4516967833042145,0.5204445123672485,0.25850069522857666,0.3294238746166229,0.604224443435669,0.8907632231712341,0.44461438059806824,0.526116669178009,0.2582244277000427,0.3368992507457733,0.5875411629676819,0.8819347620010376,0.43824267387390137,0.5154527425765991,0.25038063526153564,0.35672929883003235,0.4994061291217804,0.9984975457191467,0.39833587408065796,0.4892216622829437,0.9979029893875122,0.25615087151527405,0.725736677646637,0.9567866921424866,0.40710559487342834,0.7228814959526062,0.7117140293121338,0.3024085462093353,0.9238444566726685,0.9552919864654541,0.5194782018661499,0.9421766400337219,0.7749720215797424,0.32325226068496704,0.9589590430259705,0.9470709562301636,0.5466175079345703,0.9691909551620483,0.8056640028953552,0.22834742069244385,0.975523829460144,0.9321374893188477,0.47004079818725586,0.9842889308929443,0.8047824501991272
347,0.3181192874908447,-2.344036147405859e-05,0.9977271556854248,0.331743061542511,-0.017079105600714684,0.9971423149108887,0.3362254202365875,-0.014956719242036343,0.9970191121101379,0.3397769331932068,-0.013174006715416908,0.9968704581260681,0.3308925926685333,-0.018300747498869896,0.9970296621322632,0.33450430631637573,-0.017039014026522636,0.9968820214271545,0.33805549144744873,-0.016334736719727516,0.9970404505729675,0.3660135567188263,0.003806007793173194,0.9964795708656311,0.36600616574287415,0.00018617481691762805,0.9973878264427185,0.3263961672782898,0.022599030286073685,0.9977716207504272,0.32910484075546265,0.022462956607341766,0.9980210661888123,0.3623133897781372,0.12942855060100555,0.9996882081031799,0.4159526526927948,0.14371544122695923,0.999273419380188,0.3806556761264801,0.33926141262054443,0.94745272397995,0.4301021993160248,0.3203893303871155,0.18889451026916504,0.3956875205039978,0.5019589066505432,0.9148661494255066,0.44683507084846497,0.4605415463447571,0.24802592396736145,0.40665143728256226,0.5459415316581726,0.900784969329834,0.449960321187973,0.4948323667049408,0.25082412362098694,0.3885480761528015,0.5449490547180176,0.8989908695220947,0.44264060258865356,0.5006558299064636,0.2508247494697571,0.3734498620033264,0.5320738554000854,0.8899651765823364,0.43806585669517517,0.4888993203639984,0.24353604018688202,0.35722091794013977,0.47052252292633057,0.9985315203666687,0.404336541891098,0.4640306830406189,0.9979010820388794,0.30180758237838745,0.7089254856109619,0.9600965976715088,0.40401938557624817,0.6936352849006653,0.7015132308006287,0.3128572106361389,0.9250853657722473,0.9575681686401367,0.492660790681839,0.9124684929847717,0.7776305079460144,0.34042561054229736,0.9624195694923401,0.9501648545265198,0.513138473033905,0.950105607509613,0.8110178112983704,0.23315483331680298,0.9738364219665527,0.9349309206008911,0.4262346029281616,0.9480512142181396,0.8083131313323975
348,0.3184066414833069,-0.01564696617424488,0.9977057576179504,0.33260172605514526,-0.05104311928153038,0.9971247315406799,0.33595284819602966,-0.04758262261748314,0.9969983696937561,0.3374953269958496,-0.044693537056446075,0.9968759417533875,0.33167698979377747,-0.05321838706731796,0.9969858527183533,0.33550992608070374,-0.04995051026344299,0.9968163371086121,0.33831682801246643,-0.039949119091033936,0.9969648122787476,0.35564112663269043,-0.013438688591122627,0.9966046214103699,0.3664185106754303,-0.0322638601064682,0.9974283576011658,0.33988314867019653,-0.0006037038983777165,0.9978378415107727,0.3427262306213379,-0.00020136908278800547,0.9980747103691101,0.33871397376060486,0.09900875389575958,0.9997110962867737,0.4320123493671417,0.11186723411083221,0.9992535710334778,0.36894962191581726,0.3205690383911133,0.9500181078910828,0.4446181356906891,0.29457995295524597,0.18712209165096283,0.3664517402648926,0.49328261613845825,0.9189368486404419,0.4583877921104431,0.4401645362377167,0.2401953786611557,0.37691500782966614,0.5377848148345947,0.9028508067131042,0.45744383335113525,0.47206729650497437,0.24034364521503448,0.3733786642551422,0.5377368330955505,0.9005658030509949,0.44767993688583374,0.478882759809494,0.24008503556251526,0.36516493558883667,0.5244990587234497,0.8902280330657959,0.44400396943092346,0.4701235592365265,0.23401840031147003,0.3573630154132843,0.4434589743614197,0.9985141754150391,0.4213205873966217,0.44298219680786133,0.9978013634681702,0.3479089140892029,0.6905385851860046,0.9626109004020691,0.39454764127731323,0.6807001233100891,0.6641895174980164,0.36078813672065735,0.9198429584503174,0.9502132534980774,0.4466610848903656,0.8945505619049072,0.7493039965629578,0.38471466302871704,0.9507849216461182,0.9483321905136108,0.4584168791770935,0.936897873878479,0.7961704730987549,0.2842339277267456,0.9740049839019775,0.9208990335464478,0.3742496073246002,0.9494010806083679,0.7789012789726257
349,0.3307930529117584,0.08340984582901001,0.9943494200706482,0.33329370617866516,0.05850771814584732,0.9927762746810913,0.33604252338409424,0.04981289058923721,0.9929384589195251,0.3380524218082428,0.048229001462459564,0.9922242760658264,0.33321425318717957,0.055496565997600555,0.9918022155761719,0.3365214169025421,0.05325496941804886,0.9914257526397705,0.33956149220466614,0.05184529721736908,0.9911616444587708,0.3498449921607971,0.04782017692923546,0.9923508763313293,0.36563432216644287,0.03755670413374901,0.9928914904594421,0.3434976041316986,0.06358721852302551,0.9950162768363953,0.34987491369247437,0.06465017795562744,0.9946627020835876,0.3417011797428131,0.09865565598011017,0.9997369647026062,0.44194453954696655,0.1243521049618721,0.9992454648017883,0.35999053716659546,0.2895917594432831,0.9517368078231812,0.47081637382507324,0.2841044068336487,0.20152859389781952,0.3641805052757263,0.4683361351490021,0.9206011891365051,0.4810449481010437,0.4282107353210449,0.24492596089839935,0.37441322207450867,0.5141052603721619,0.9025970697402954,0.48098793625831604,0.46081215143203735,0.24279436469078064,0.36933454871177673,0.514242947101593,0.8999865651130676,0.4717541038990021,0.46748635172843933,0.24152852594852448,0.36501261591911316,0.5009558200836182,0.8874833583831787,0.4685991108417511,0.45626911520957947,0.2349480837583542,0.3603474199771881,0.44210273027420044,0.9985783100128174,0.419247567653656,0.4460912048816681,0.9976539015769958,0.36453577876091003,0.6914430260658264,0.9622700810432434,0.39041420817375183,0.6741586923599243,0.6289531588554382,0.3935326933860779,0.9203103184700012,0.9479543566703796,0.3844234347343445,0.8809449672698975,0.7174444198608398,0.4157404899597168,0.9507070183753967,0.9476948976516724,0.4041442573070526,0.9222874045372009,0.76934814453125,0.3102571368217468,0.9642404913902283,0.9175183176994324,0.3126273453235626,0.9291585087776184,0.7518335580825806
350,0.33950135111808777,0.07556375116109848,0.9941588640213013,0.3340708911418915,0.05700508877635002,0.9924405217170715,0.33652713894844055,0.05534070357680321,0.9925717711448669,0.3367895483970642,0.05466793477535248,0.9918208718299866,0.3402508795261383,0.05107598751783371,0.99141925573349,0.343557208776474,0.04876178130507469,0.991092324256897,0.34717485308647156,0.04672162979841232,0.9906173944473267,0.3470529615879059,0.053707677870988846,0.9916014075279236,0.3675948977470398,0.0381549596786499,0.99175626039505,0.3469272255897522,0.06980632245540619,0.9943468570709229,0.3540215492248535,0.07521405071020126,0.993393063545227,0.3428722023963928,0.11347843706607819,0.9997601509094238,0.4524374306201935,0.11965484917163849,0.999208390712738,0.3732185661792755,0.28434446454048157,0.9541649222373962,0.4865114390850067,0.27899613976478577,0.20070382952690125,0.3885497748851776,0.451977401971817,0.9215252995491028,0.4933646023273468,0.4220612347126007,0.23747897148132324,0.40403223037719727,0.4942799508571625,0.9006078243255615,0.4936228096485138,0.4568673372268677,0.23515281081199646,0.4091103971004486,0.5068379640579224,0.898236095905304,0.4817163348197937,0.464464396238327,0.2333567589521408,0.4035642445087433,0.4934088885784149,0.884468138217926,0.47848623991012573,0.45502129197120667,0.22694933414459229,0.39385396242141724,0.43269211053848267,0.9987001419067383,0.4304737150669098,0.4256666898727417,0.9977408647537231,0.37705469131469727,0.6735162734985352,0.9643105864524841,0.3781420886516571,0.6248922348022461,0.6035740375518799,0.4550734758377075,0.9075846076011658,0.9497855305671692,0.276731014251709,0.8110064268112183,0.7032445073127747,0.4861193895339966,0.9399721622467041,0.9461039304733276,0.2722605764865875,0.8457736372947693,0.7479692697525024,0.39194947481155396,0.9656484723091125,0.9193278551101685,0.2099965363740921,0.8514394164085388,0.7339469790458679
351,0.33957627415657043,0.09384305030107498,0.9936518669128418,0.33426302671432495,0.07387708872556686,0.9917281270027161,0.3363426625728607,0.07304307073354721,0.9921219944953918,0.33682113885879517,0.07243801653385162,0.9912099242210388,0.3393988609313965,0.06918574869632721,0.9905049800872803,0.3421940207481384,0.06596515327692032,0.9904506802558899,0.34531068801879883,0.06271780282258987,0.9894915223121643,0.34869125485420227,0.06294669210910797,0.9907792806625366,0.3627309203147888,0.048325903713703156,0.9899885654449463,0.3487030565738678,0.08901989459991455,0.9937322735786438,0.3533065617084503,0.08933154493570328,0.9918403625488281,0.3812254071235657,0.11811753362417221,0.9997832775115967,0.44764742255210876,0.11909667402505875,0.9991818070411682,0.4017179310321808,0.2777022421360016,0.9574659466743469,0.47542309761047363,0.276228129863739,0.19156840443611145,0.43046027421951294,0.4497932493686676,0.9247850775718689,0.48824790120124817,0.41950365900993347,0.22298957407474518,0.44624871015548706,0.4861695170402527,0.9026971459388733,0.48872584104537964,0.4535256326198578,0.22152170538902283,0.428951233625412,0.4914033114910126,0.900463879108429,0.47801661491394043,0.46574920415878296,0.21976687014102936,0.42705515027046204,0.48054376244544983,0.885292112827301,0.4764288663864136,0.4515466094017029,0.21415205299854279,0.4150421619415283,0.43624237179756165,0.9988201856613159,0.42435523867607117,0.42519843578338623,0.9978302121162415,0.3985638916492462,0.677263617515564,0.9671298265457153,0.3676998019218445,0.6053991317749023,0.5852982401847839,0.4954433739185333,0.9141339659690857,0.9531716108322144,0.22169092297554016,0.7641775608062744,0.6918910145759583,0.531519889831543,0.9477910995483398,0.9462941884994507,0.21388517320156097,0.7968729734420776,0.7301933169364929,0.4252852201461792,0.9724745154380798,0.9231958389282227,0.16052450239658356,0.8013104200363159,0.7233165502548218
352,0.33997538685798645,0.06544647365808487,0.9932655096054077,0.3347366750240326,0.05106345936655998,0.9911505579948425,0.33664757013320923,0.05322321876883507,0.9916463494300842,0.33703771233558655,0.054404061287641525,0.9906701445579529,0.33941346406936646,0.0437217615544796,0.9898491501808167,0.3422255516052246,0.03887798637151718,0.9900374412536621,0.3453201949596405,0.03391200676560402,0.9888201951980591,0.34998589754104614,0.043190788477659225,0.9901420474052429,0.3634750247001648,0.020198339596390724,0.9887272119522095,0.34866052865982056,0.0809972807765007,0.993489146232605,0.3515961170196533,0.07319669425487518,0.9911695718765259,0.37206941843032837,0.11091119050979614,0.9998035430908203,0.4445668160915375,0.11488129198551178,0.9991978406906128,0.3983366787433624,0.2944900691509247,0.9588850736618042,0.48445260524749756,0.2819775640964508,0.19698205590248108,0.41289523243904114,0.4658464193344116,0.9234042763710022,0.5073641538619995,0.4323115348815918,0.23331016302108765,0.41925129294395447,0.5072833895683289,0.8986464738845825,0.5108121037483215,0.4676472544670105,0.22935767471790314,0.4144148826599121,0.5070455074310303,0.8965535759925842,0.5005466341972351,0.4738122820854187,0.22672979533672333,0.4170995056629181,0.49264389276504517,0.8781796097755432,0.49122199416160583,0.460866242647171,0.2199360579252243,0.42373794317245483,0.4487360119819641,0.9989303350448608,0.42364993691444397,0.4347546398639679,0.9979820251464844,0.42036375403404236,0.6830989122390747,0.9700656533241272,0.3289324939250946,0.6162088513374329,0.5942685604095459,0.5127930641174316,0.9188060164451599,0.957284152507782,0.17688126862049103,0.7654826641082764,0.7081337571144104,0.5508782267570496,0.953955352306366,0.9473260641098022,0.1635548323392868,0.801422119140625,0.7299598455429077,0.4352671205997467,0.9805992245674133,0.9291329383850098,0.09481494873762131,0.7974542379379272,0.7362605929374695
353,0.340183287858963,0.06199633330106735,0.9934592247009277,0.33810508251190186,0.04775264486670494,0.9913854002952576,0.34348732233047485,0.04963795468211174,0.9919838309288025,0.3455186188220978,0.049497753381729126,0.9911479353904724,0.33951181173324585,0.04246204346418381,0.9899573922157288,0.3420948386192322,0.03821215406060219,0.990179717540741,0.3452574610710144,0.03345787152647972,0.9888789653778076,0.36621060967445374,0.03737468272447586,0.9906328320503235,0.3636612892150879,0.02101648598909378,0.9880011081695557,0.3524332344532013,0.07816565036773682,0.9937325119972229,0.35116246342658997,0.07158034294843674,0.9909982681274414,0.41260069608688354,0.11684448271989822,0.9998219609260559,0.4062484800815582,0.122271329164505,0.9990297555923462,0.44272974133491516,0.30449533462524414,0.9621333479881287,0.43927091360092163,0.29032883048057556,0.1830909699201584,0.4846590757369995,0.46511125564575195,0.9289867281913757,0.5047879815101624,0.4350620210170746,0.21953551471233368,0.49110695719718933,0.5102177262306213,0.905123770236969,0.49521154165267944,0.4682663679122925,0.2174777090549469,0.48072725534439087,0.5114942193031311,0.9032214283943176,0.4649500250816345,0.4854350984096527,0.21506032347679138,0.47677743434906006,0.4972573220729828,0.8850153684616089,0.4656842052936554,0.4684124290943146,0.20864497125148773,0.4288756847381592,0.4643283784389496,0.9990211129188538,0.418743759393692,0.4420689344406128,0.9980427026748657,0.4229356646537781,0.6898787021636963,0.9727680087089539,0.2898082733154297,0.612768828868866,0.6121365427970886,0.5027521252632141,0.9292412400245667,0.9611763954162598,0.17443318665027618,0.7684029340744019,0.7246972322463989,0.5332068204879761,0.9630928039550781,0.9495254755020142,0.1601966768503189,0.7991676926612854,0.7336868047714233,0.4221954345703125,0.9874069094657898,0.935203492641449,0.09878893941640854,0.8001191020011902,0.7526201009750366
354,0.37248489260673523,0.05957643315196037,0.9939911365509033,0.37236201763153076,0.045002784579992294,0.9921184182167053,0.3712242841720581,0.04624705761671066,0.9926669001579285,0.369183212518692,0.046380672603845596,0.991917610168457,0.3813742697238922,0.03916548192501068,0.9908109307289124,0.3860248625278473,0.035702358931303024,0.9910100698471069,0.3902699053287506,0.03212084621191025,0.9898090362548828,0.3768695294857025,0.03860199823975563,0.9914559721946716,0.40653377771377563,0.027416449040174484,0.9889994859695435,0.37508031725883484,0.07495429366827011,0.9942734241485596,0.38240233063697815,0.0713488981127739,0.9917652010917664,0.3916473090648651,0.14225180447101593,0.9998382925987244,0.4592534899711609,0.15027275681495667,0.9990348815917969,0.42381104826927185,0.3308936059474945,0.9643862843513489,0.5061861276626587,0.29938340187072754,0.18933680653572083,0.45256751775741577,0.5018240809440613,0.9331095218658447,0.527077317237854,0.4371812045574188,0.24099846184253693,0.46132516860961914,0.5475306510925293,0.9091392755508423,0.5245283246040344,0.48597779870033264,0.23788686096668243,0.4454484283924103,0.5472720265388489,0.907151460647583,0.5140982270240784,0.4958432912826538,0.23547978699207306,0.4434514343738556,0.5256654620170593,0.8889532089233398,0.509289026260376,0.4769779145717621,0.22599059343338013,0.42587170004844666,0.48536378145217896,0.9991039633750916,0.44143664836883545,0.4536660611629486,0.9981372356414795,0.41204842925071716,0.7075752019882202,0.9751970767974854,0.309308797121048,0.6218727231025696,0.6166977882385254,0.49422574043273926,0.9421669244766235,0.9641911387443542,0.20421409606933594,0.7800120115280151,0.7263104319572449,0.5215988159179688,0.9747934937477112,0.9504963755607605,0.1911618709564209,0.8094089031219482,0.7283478379249573,0.40557682514190674,0.9921378493309021,0.9383131861686707,0.14047957956790924,0.8227890729904175,0.7507379055023193
355,0.3703024685382843,0.047547243535518646,0.9945377111434937,0.3767988979816437,0.0283254012465477,0.9928615093231201,0.3778534233570099,0.029893217608332634,0.9933614134788513,0.3777656853199005,0.03033333830535412,0.9926945567131042,0.3804718852043152,0.025628454983234406,0.9916549921035767,0.3835822343826294,0.024635890498757362,0.9918314814567566,0.38600558042526245,0.022863594815135002,0.9907451868057251,0.39251646399497986,0.03642215207219124,0.9922802448272705,0.4063071310520172,0.026929916813969612,0.9900064468383789,0.37625765800476074,0.0742388591170311,0.9948168992996216,0.37959733605384827,0.07105223089456558,0.9925183057785034,0.40316280722618103,0.16108888387680054,0.9998538494110107,0.461544007062912,0.16147658228874207,0.9989440441131592,0.44431453943252563,0.35396817326545715,0.9675394296646118,0.502698540687561,0.32322779297828674,0.17822973430156708,0.4499243497848511,0.5242478251457214,0.9391793012619019,0.5162023901939392,0.4644334018230438,0.23758967220783234,0.47506341338157654,0.5723987817764282,0.9169489145278931,0.5165614485740662,0.508992075920105,0.236680805683136,0.4462682902812958,0.5671920776367188,0.9151079654693604,0.5065974593162537,0.5161553025245667,0.2343912422657013,0.4487321674823761,0.548365592956543,0.8980936408042908,0.5017077326774597,0.5001391768455505,0.22473841905593872,0.43332481384277344,0.5113656520843506,0.9991748929023743,0.44027456641197205,0.481690376996994,0.9981402158737183,0.4104693830013275,0.7242176532745361,0.9769562482833862,0.3411688208580017,0.6455482244491577,0.6122164130210876,0.5125147700309753,0.9492279291152954,0.966040313243866,0.23434728384017944,0.7961297631263733,0.7149131894111633,0.5448719263076782,0.9789497256278992,0.9510400891304016,0.2279348522424698,0.8268015384674072,0.7186427116394043,0.43632394075393677,1.0013312101364136,0.9412465691566467,0.175358846783638,0.8390977382659912,0.7487282156944275
356,0.36613768339157104,0.03681059926748276,0.9950298070907593,0.38018444180488586,0.015119874849915504,0.9935265183448792,0.3831653892993927,0.01633337140083313,0.9939886331558228,0.3858815133571625,0.0169988963752985,0.9933966994285583,0.3804680407047272,0.01402600109577179,0.9923952221870422,0.383522629737854,0.01393384300172329,0.9925583600997925,0.3863564729690552,0.013377949595451355,0.9915813207626343,0.4134981334209442,0.030808374285697937,0.9930261373519897,0.4138544797897339,0.02429397962987423,0.990889310836792,0.37363502383232117,0.06742135435342789,0.9953016638755798,0.37444689869880676,0.06646411120891571,0.9931749701499939,0.42663681507110596,0.17256295680999756,0.9998664855957031,0.457854300737381,0.16762804985046387,0.9987611770629883,0.4503448009490967,0.37768733501434326,0.9703347682952881,0.49377232789993286,0.3340655565261841,0.169415682554245,0.4464285671710968,0.5479310154914856,0.9444400072097778,0.5057682394981384,0.48963463306427,0.2273373007774353,0.4540497362613678,0.5937067270278931,0.9235308170318604,0.49702295660972595,0.5325674414634705,0.22734811902046204,0.4392341673374176,0.5915769338607788,0.921853244304657,0.4902433753013611,0.5384031534194946,0.22535370290279388,0.44393599033355713,0.5725551247596741,0.9056370258331299,0.49452728033065796,0.5224976539611816,0.21686144173145294,0.43514320254325867,0.528901219367981,0.9992296695709229,0.43628600239753723,0.49989670515060425,0.9981393218040466,0.41859468817710876,0.7482203245162964,0.9784318208694458,0.32967057824134827,0.6658306121826172,0.6234228610992432,0.5433160066604614,0.9518221616744995,0.9679587483406067,0.24679188430309296,0.8409586548805237,0.7125422358512878,0.5752773880958557,0.9776490330696106,0.9503076672554016,0.2417016625404358,0.8742576837539673,0.7088169455528259,0.47146016359329224,1.0037806034088135,0.9441813230514526,0.2208794504404068,0.8893716335296631,0.7520867586135864
357,0.36852705478668213,0.036384403705596924,0.9954709410667419,0.38614556193351746,0.014353197067975998,0.9941178560256958,0.389739453792572,0.01559164747595787,0.9945408701896667,0.3933483064174652,0.016488615423440933,0.9940210580825806,0.38529303669929504,0.013120475225150585,0.9930604100227356,0.38836151361465454,0.013095557689666748,0.9932023882865906,0.39149215817451477,0.01273714005947113,0.9923374652862549,0.4258395731449127,0.0309043750166893,0.9936859011650085,0.4237518310546875,0.02448444813489914,0.9916717410087585,0.37621358036994934,0.06711763888597488,0.9957334995269775,0.3745898902416229,0.06617514044046402,0.9937751293182373,0.4308488070964813,0.18255926668643951,0.9998754858970642,0.46249762177467346,0.17296458780765533,0.9987134337425232,0.44995245337486267,0.38385191559791565,0.9725672602653503,0.4921809434890747,0.35382935404777527,0.16068819165229797,0.4477016031742096,0.5575864911079407,0.9478545784950256,0.4916553199291229,0.5007821917533875,0.21467669308185577,0.44852957129478455,0.6042726039886475,0.9269633293151855,0.4795292317867279,0.5405349135398865,0.21522289514541626,0.4371104836463928,0.6038156151771545,0.9254153370857239,0.47303298115730286,0.5464287400245667,0.21357916295528412,0.4421306550502777,0.5833917260169983,0.9088971614837646,0.4780263602733612,0.5329199433326721,0.2063283771276474,0.43729934096336365,0.5332974195480347,0.9992464780807495,0.4344278872013092,0.5054929256439209,0.9981452822685242,0.43651196360588074,0.7539174556732178,0.9786271452903748,0.3353531062602997,0.6920702457427979,0.6271831393241882,0.5720488429069519,0.9523414373397827,0.9690297245979309,0.30362242460250854,0.8988409042358398,0.7127248644828796,0.6036294102668762,0.9773770570755005,0.949141800403595,0.32119232416152954,0.9366083145141602,0.7071312069892883,0.48617416620254517,1.004286289215088,0.9463445544242859,0.2449042797088623,0.9510965943336487,0.7573204040527344
358,0.38051462173461914,0.02712998166680336,0.9958863854408264,0.3969784080982208,0.006244801916182041,0.9946644902229309,0.40083131194114685,0.007238221354782581,0.995048463344574,0.40476736426353455,0.00804850086569786,0.994589626789093,0.3948895335197449,0.005798982921987772,0.9936880469322205,0.39761844277381897,0.006273349747061729,0.993811845779419,0.40029966831207275,0.006554677151143551,0.9930453896522522,0.4382277727127075,0.02361883409321308,0.9942857623100281,0.4344432055950165,0.02089611254632473,0.9924063682556152,0.39027342200279236,0.05661753937602043,0.9961268901824951,0.38822346925735474,0.05678130313754082,0.9943363070487976,0.44433555006980896,0.17536889016628265,0.9998830556869507,0.473453551530838,0.17031702399253845,0.9987231492996216,0.4836449921131134,0.3743472099304199,0.9743982553482056,0.4914342164993286,0.35200923681259155,0.15093237161636353,0.45789942145347595,0.5520257949829102,0.9493528008460999,0.4699220061302185,0.5092111229896545,0.20077262818813324,0.4566083550453186,0.5955510139465332,0.9273670315742493,0.45812252163887024,0.5478152632713318,0.20207126438617706,0.4436160922050476,0.5982092022895813,0.9259612560272217,0.4503486156463623,0.5537278652191162,0.2007545828819275,0.44555360078811646,0.5799775719642639,0.9084300994873047,0.4547809064388275,0.5401129126548767,0.19471889734268188,0.43446844816207886,0.5246198177337646,0.9992710947990417,0.4324500560760498,0.5008084177970886,0.9982045292854309,0.43194520473480225,0.7529654502868652,0.977457582950592,0.3778316080570221,0.7091530561447144,0.6173377633094788,0.5821695327758789,0.9513661861419678,0.9697837233543396,0.3508927822113037,0.913243293762207,0.7079552412033081,0.6184440851211548,0.9746828079223633,0.9485321044921875,0.3656398355960846,0.9577064514160156,0.7036340832710266,0.5173218846321106,1.0066580772399902,0.9483657479286194,0.27210694551467896,0.963177502155304,0.7599039077758789
359,0.3840269446372986,0.04550965502858162,0.9960930943489075,0.39615297317504883,0.028843911364674568,0.9949270486831665,0.3998434245586395,0.031006135046482086,0.995304524898529,0.4035941958427429,0.03279109299182892,0.9949325919151306,0.3948978781700134,0.02366100437939167,0.9939506649971008,0.39779484272003174,0.023074569180607796,0.9940397143363953,0.4006468951702118,0.022652745246887207,0.993401288986206,0.43820229172706604,0.041779838502407074,0.9946500062942505,0.4351746439933777,0.03957061842083931,0.9925842881202698,0.39887571334838867,0.07146302610635757,0.9963173866271973,0.3975067436695099,0.06834815442562103,0.9945439100265503,0.4658365845680237,0.1741548478603363,0.9998918771743774,0.4685349762439728,0.16886112093925476,0.9987370371818542,0.49707120656967163,0.35945531725883484,0.9764594435691833,0.4857676327228546,0.34869205951690674,0.1400732845067978,0.4792167544364929,0.5369392037391663,0.9523181319236755,0.4564446806907654,0.5028970241546631,0.18677972257137299,0.47713127732276917,0.5708104372024536,0.9306445717811584,0.4434610903263092,0.5410169363021851,0.18942075967788696,0.46118733286857605,0.5752651691436768,0.9293597936630249,0.43946129083633423,0.5491439700126648,0.18835431337356567,0.46027445793151855,0.564139187335968,0.9117430448532104,0.44413015246391296,0.534137487411499,0.18279226124286652,0.44347622990608215,0.49102914333343506,0.9992799162864685,0.43106621503829956,0.4845908284187317,0.9982481002807617,0.4251269996166229,0.7480000257492065,0.97763592004776,0.39685893058776855,0.7056192755699158,0.6046295166015625,0.5728961229324341,0.9412378668785095,0.971308171749115,0.38124191761016846,0.9190073013305664,0.7127959728240967,0.6071978807449341,0.9523288011550903,0.9503939151763916,0.3975067436695099,0.960408091545105,0.7062197327613831,0.5396666526794434,1.0074704885482788,0.9518665075302124,0.30090129375457764,0.9694845676422119,0.7677746415138245
360,0.41516685485839844,0.04802060127258301,0.9961897134780884,0.42542126774787903,0.03780285641551018,0.9950178861618042,0.4280649721622467,0.03936734050512314,0.995413064956665,0.43113285303115845,0.04074595496058464,0.9951362013816833,0.42450353503227234,0.03430857136845589,0.9939371347427368,0.4265088737010956,0.03408828750252724,0.9939275979995728,0.4280625283718109,0.03418618440628052,0.9933881163597107,0.45163246989250183,0.05072253569960594,0.9948707222938538,0.4467698931694031,0.04811352491378784,0.9921647906303406,0.423644095659256,0.07049451768398285,0.9963733553886414,0.42189329862594604,0.06794484704732895,0.9944965839385986,0.4839330017566681,0.14905761182308197,0.9999006390571594,0.46627071499824524,0.1519125998020172,0.9987378716468811,0.5022480487823486,0.33539795875549316,0.9786056280136108,0.4593753516674042,0.3392534554004669,0.13185660541057587,0.48326873779296875,0.4996509552001953,0.9564962983131409,0.44393810629844666,0.45865941047668457,0.1777091920375824,0.479326069355011,0.5426970720291138,0.9362306594848633,0.4297356605529785,0.505502462387085,0.18164409697055817,0.4614415764808655,0.5455805659294128,0.9350601434707642,0.4299410879611969,0.5163083672523499,0.18068283796310425,0.4609018564224243,0.5343255996704102,0.91836017370224,0.4354734718799591,0.5062277913093567,0.17532879114151,0.4536662697792053,0.46563878655433655,0.9992653727531433,0.4326333701610565,0.4668785035610199,0.9982492923736572,0.4233124554157257,0.719398558139801,0.9760436415672302,0.40791359543800354,0.6990545392036438,0.5783188939094543,0.5620915293693542,0.9247674942016602,0.9709777235984802,0.4109905958175659,0.905794620513916,0.7048504948616028,0.5847066640853882,0.9439813494682312,0.9517504572868347,0.4227505624294281,0.9425169229507446,0.7034306526184082,0.505715548992157,0.9937402606010437,0.9533525109291077,0.33927035331726074,0.9664081335067749,0.7651384472846985
361,0.4185985028743744,0.08426838368177414,0.9959668517112732,0.42961910367012024,0.0721803680062294,0.9947614669799805,0.43215611577033997,0.07293614745140076,0.9952178597450256,0.4342116117477417,0.07279494404792786,0.9950265884399414,0.4282433092594147,0.06956831365823746,0.9934333562850952,0.4299679100513458,0.0691983625292778,0.9933142066001892,0.4311610460281372,0.06809405982494354,0.9929254055023193,0.45345088839530945,0.07748672366142273,0.994866132736206,0.4490748643875122,0.07370208203792572,0.9915163516998291,0.4284456968307495,0.10024695843458176,0.9962865114212036,0.42614004015922546,0.09948118776082993,0.9942823648452759,0.48283955454826355,0.13204620778560638,0.9999086260795593,0.4772852063179016,0.14241129159927368,0.9986984133720398,0.5018855333328247,0.3146599531173706,0.9803542494773865,0.4753197133541107,0.3204326331615448,0.12271436303853989,0.48735007643699646,0.46922361850738525,0.9594107866287231,0.4562299847602844,0.43289077281951904,0.1651168316602707,0.48396995663642883,0.5095413327217102,0.9396538734436035,0.4322763681411743,0.48712077736854553,0.16990861296653748,0.46962958574295044,0.5122801661491394,0.938494861125946,0.4359378516674042,0.491599440574646,0.1690436452627182,0.46965649724006653,0.4979286193847656,0.9221798181533813,0.4516012966632843,0.46708670258522034,0.16405297815799713,0.4601379334926605,0.4498770833015442,0.9992330074310303,0.4445217251777649,0.44499868154525757,0.997966468334198,0.4282850921154022,0.6866573095321655,0.9682035446166992,0.42525041103363037,0.6825524568557739,0.5405631065368652,0.46903470158576965,0.9237459897994995,0.9616303443908691,0.45202869176864624,0.8957933187484741,0.66415935754776,0.4839198589324951,0.9457018375396729,0.9437829256057739,0.4700468182563782,0.933211088180542,0.6703465580940247,0.39775264263153076,0.9874535202980042,0.9462788105010986,0.39375826716423035,0.9592240452766418,0.733161985874176
362,0.43164724111557007,0.09032449871301651,0.996022641658783,0.44343605637550354,0.07835445553064346,0.9948593378067017,0.4451538920402527,0.07906991988420486,0.9952971339225769,0.4459550082683563,0.07880093157291412,0.9951828122138977,0.4423743486404419,0.07566200196743011,0.9935258030891418,0.443697988986969,0.07520827651023865,0.9933042526245117,0.4442692995071411,0.07386519014835358,0.9930098056793213,0.45957186818122864,0.08648552000522614,0.9951006174087524,0.46096548438072205,0.08339862525463104,0.9916444420814514,0.43919914960861206,0.10707864910364151,0.9963908195495605,0.437526673078537,0.10658357292413712,0.9944294691085815,0.4785653054714203,0.1337367743253708,0.9999146461486816,0.4907051622867584,0.1433858722448349,0.998684287071228,0.5045424699783325,0.32105129957199097,0.9814596772193909,0.5026757717132568,0.3150421679019928,0.11461477726697922,0.4996742308139801,0.47644010186195374,0.96165931224823,0.45983070135116577,0.43396708369255066,0.15454111993312836,0.4923208951950073,0.518892228603363,0.9422413110733032,0.43999454379081726,0.48897674679756165,0.16005100309848785,0.4787355661392212,0.5182657241821289,0.9408515691757202,0.4401572644710541,0.4935884177684784,0.15928474068641663,0.48145073652267456,0.5044198632240295,0.9246011972427368,0.4524092674255371,0.47621628642082214,0.15534207224845886,0.45812976360321045,0.4622321128845215,0.9990615248680115,0.473753958940506,0.46028295159339905,0.9973511099815369,0.4167073667049408,0.6957812905311584,0.9451627731323242,0.4555571973323822,0.6911865472793579,0.5077199339866638,0.3643801510334015,0.9070628881454468,0.942600429058075,0.49732932448387146,0.9008231163024902,0.625337541103363,0.38192304968833923,0.9313858151435852,0.9365710616111755,0.5139312148094177,0.9407463073730469,0.6533318161964417,0.2966848313808441,0.9548474550247192,0.924853503704071,0.4386501610279083,0.9455834031105042,0.6948954463005066
363,0.4363449513912201,0.08461523801088333,0.9958254098892212,0.44686591625213623,0.06796257197856903,0.9942548871040344,0.4486248791217804,0.0687747597694397,0.9947575330734253,0.4496361315250397,0.06915264576673508,0.9948226809501648,0.44668662548065186,0.06485998630523682,0.9931125640869141,0.4482725262641907,0.06433084607124329,0.9927694797515869,0.4491051137447357,0.06340612471103668,0.9926959276199341,0.466280460357666,0.0765165463089943,0.9948104619979858,0.4667600095272064,0.07251613587141037,0.9910014271736145,0.444566935300827,0.10345736891031265,0.9962342381477356,0.4435109794139862,0.1003989726305008,0.9942959547042847,0.4904032349586487,0.12075092643499374,0.9999159574508667,0.4945487678050995,0.1332872211933136,0.9986538290977478,0.5232130885124207,0.31225359439849854,0.9815780520439148,0.5085187554359436,0.3122546374797821,0.10595717281103134,0.5319794416427612,0.47582295536994934,0.9599486589431763,0.4823843240737915,0.43698400259017944,0.14235176146030426,0.5262657403945923,0.5210430026054382,0.9394644498825073,0.4787769317626953,0.49134066700935364,0.14828799664974213,0.5148939490318298,0.5193816423416138,0.9374004602432251,0.47238853573799133,0.49461105465888977,0.14752855896949768,0.5161945819854736,0.5051413774490356,0.9197230935096741,0.48163849115371704,0.4794095456600189,0.14436140656471252,0.48632892966270447,0.46742820739746094,0.9987465143203735,0.4948978126049042,0.4614827334880829,0.9968141913414001,0.37325406074523926,0.6810423135757446,0.9434994459152222,0.5017971396446228,0.6904727220535278,0.49054354429244995,0.25278210639953613,0.8606224656105042,0.9445920586585999,0.5574215650558472,0.9090906977653503,0.6271942853927612,0.26497983932495117,0.8929850459098816,0.9400153160095215,0.570838451385498,0.9482662677764893,0.6671741008758545,0.17680487036705017,0.896647572517395,0.9257161617279053,0.4949619770050049,0.9511481523513794,0.6882030963897705
364,0.43714553117752075,0.08309385180473328,0.9957842826843262,0.44837141036987305,0.06191104277968407,0.9938528537750244,0.45067545771598816,0.0627252385020256,0.994508683681488,0.4524981677532196,0.06317824125289917,0.9946828484535217,0.4476380944252014,0.05901898443698883,0.9928150177001953,0.44928061962127686,0.058594606816768646,0.992467999458313,0.45047590136528015,0.057833604514598846,0.9924843907356262,0.4708985686302185,0.0714748278260231,0.9947340488433838,0.46944668889045715,0.06783493608236313,0.9900037050247192,0.44620513916015625,0.09533069282770157,0.9961164593696594,0.44403600692749023,0.09504130482673645,0.9939684271812439,0.5020109415054321,0.11314020305871964,0.9999175667762756,0.4934375286102295,0.13295233249664307,0.9984018206596375,0.535907506942749,0.30192944407463074,0.9827331304550171,0.5087869763374329,0.31125321984291077,0.0980355516076088,0.5592027306556702,0.47549355030059814,0.961645781993866,0.514934241771698,0.4436796307563782,0.131144180893898,0.5590086579322815,0.5228910446166992,0.9413278698921204,0.49372583627700806,0.49332907795906067,0.13737162947654724,0.5457068681716919,0.5227664113044739,0.9390385746955872,0.487350732088089,0.49711912870407104,0.13668495416641235,0.5434505939483643,0.5083412528038025,0.9213242530822754,0.4924858808517456,0.4819295108318329,0.1343073844909668,0.5083562731742859,0.46889233589172363,0.9986514449119568,0.49943384528160095,0.46022355556488037,0.9967382550239563,0.36999502778053284,0.6558972001075745,0.946727991104126,0.49384772777557373,0.691069483757019,0.49506813287734985,0.19898098707199097,0.8174366354942322,0.9490334391593933,0.5888883471488953,0.9234570860862732,0.6505229473114014,0.19254527986049652,0.8470011353492737,0.9436147212982178,0.6033134460449219,0.9615298509597778,0.688431441783905,0.11699934303760529,0.8512952327728271,0.9312105178833008,0.449473112821579,0.9483451843261719,0.7039244771003723
365,0.4504954516887665,0.06819122284650803,0.9947503805160522,0.4608316719532013,0.05885560065507889,0.9919891357421875,0.4632318615913391,0.060126446187496185,0.9930468797683716,0.46557754278182983,0.06150878965854645,0.9935901761054993,0.45915520191192627,0.05608290061354637,0.9907194972038269,0.46083399653434753,0.056011248379945755,0.9907687306404114,0.4620944857597351,0.056136831641197205,0.9908555150032043,0.48579877614974976,0.06919290870428085,0.993422269821167,0.48055359721183777,0.06635729223489761,0.9862012267112732,0.4605141580104828,0.07379801571369171,0.9947934150695801,0.45838427543640137,0.07268853485584259,0.9913585782051086,0.517923891544342,0.11914049088954926,0.9999222755432129,0.4908052086830139,0.16613294184207916,0.9978609085083008,0.5566374659538269,0.2985745370388031,0.983259916305542,0.5183835029602051,0.3140638470649719,0.08896847069263458,0.5825843811035156,0.479817271232605,0.9631954431533813,0.5172194242477417,0.46849411725997925,0.11935389041900635,0.5874467492103577,0.5260968208312988,0.9433701634407043,0.5074819326400757,0.5171682834625244,0.12561070919036865,0.5783190131187439,0.5246575474739075,0.941059410572052,0.4945719540119171,0.5221269130706787,0.1250269114971161,0.5742216110229492,0.50986647605896,0.9225883483886719,0.49924397468566895,0.5077914595603943,0.12303654849529266,0.5305032134056091,0.4769628345966339,0.9987012147903442,0.5071627497673035,0.4714386761188507,0.9967740178108215,0.5444526672363281,0.7145172953605652,0.9514691233634949,0.3704722225666046,0.6772578954696655,0.524821937084198,0.5830475091934204,0.9449442625045776,0.9534261226654053,0.2064448893070221,0.8250165581703186,0.6735334992408752,0.5925140976905823,0.9680815935134888,0.9419497847557068,0.1978183537721634,0.8489713668823242,0.6950574517250061,0.511405885219574,0.9699415564537048,0.9364614486694336,0.10967765748500824,0.8608884215354919,0.7217868566513062
366,0.46280208230018616,0.05104164034128189,0.9935254454612732,0.47428444027900696,0.0330122746527195,0.9902580976486206,0.47720083594322205,0.0344369076192379,0.9916934967041016,0.4801481068134308,0.03634406626224518,0.9925652742385864,0.47378844022750854,0.030361870303750038,0.988818883895874,0.47588226199150085,0.03040880709886551,0.9893280267715454,0.4776058495044708,0.031145937740802765,0.9896063208580017,0.5029119849205017,0.04844675958156586,0.9923373460769653,0.4990433156490326,0.04530768841505051,0.9834846258163452,0.4740786552429199,0.06605923920869827,0.9934692978858948,0.47264528274536133,0.06506093591451645,0.989081859588623,0.5331917405128479,0.12940393388271332,0.9999219179153442,0.5024291276931763,0.16934047639369965,0.9972659349441528,0.5797098278999329,0.30419081449508667,0.9837077260017395,0.5388491749763489,0.3305935263633728,0.08192847669124603,0.606559157371521,0.48463690280914307,0.9636566638946533,0.5355352759361267,0.48246753215789795,0.11015793681144714,0.6154379844665527,0.5348231792449951,0.9435073137283325,0.5200983285903931,0.5270001888275146,0.11658772826194763,0.6040929555892944,0.5356252789497375,0.9411473274230957,0.5119293332099915,0.5326321721076965,0.11614261567592621,0.598774254322052,0.519985556602478,0.9215522408485413,0.5164431929588318,0.519178569316864,0.11445538699626923,0.5439685583114624,0.49036991596221924,0.9986041188240051,0.5259593725204468,0.4852805733680725,0.9964120388031006,0.5357776880264282,0.7162164449691772,0.9546309113502502,0.38351428508758545,0.6828576326370239,0.5271943211555481,0.586224377155304,0.9660764336585999,0.9559513926506042,0.23712018132209778,0.8246831297874451,0.6813790798187256,0.5987221002578735,0.9895418882369995,0.9375064373016357,0.2313160002231598,0.8623948097229004,0.6941121220588684,0.5224925875663757,0.9986758828163147,0.9393135905265808,0.15222516655921936,0.8773303627967834,0.7289820909500122
367,0.4646582305431366,0.002596952486783266,0.9939649105072021,0.4758244454860687,-0.009581880643963814,0.9909971356391907,0.47887974977493286,-0.006417679134756327,0.9923427104949951,0.4819404184818268,-0.0032952625770121813,0.9931550621986389,0.475679486989975,-0.010799025185406208,0.9896339178085327,0.4782240092754364,-0.008583957329392433,0.9901052117347717,0.48042386770248413,-0.0063718161545693874,0.9903728365898132,0.5099334120750427,0.015078105032444,0.9930129051208496,0.5050854086875916,0.01137619186192751,0.9848841428756714,0.47999414801597595,0.03996758535504341,0.9939925074577332,0.47790437936782837,0.039922382682561874,0.9899243712425232,0.5503162741661072,0.13894446194171906,0.9999216794967651,0.5319438576698303,0.16871003806591034,0.9967012405395508,0.600420355796814,0.337552011013031,0.9846184253692627,0.5672686100006104,0.3392753303050995,0.07594618201255798,0.622985303401947,0.5158048272132874,0.965769350528717,0.5682510137557983,0.4887586832046509,0.10219838470220566,0.6306170225143433,0.5647046566009521,0.9463486671447754,0.5635514259338379,0.5337641835212708,0.10869217664003372,0.6176014542579651,0.5660220384597778,0.9438983798027039,0.5580776929855347,0.53774094581604,0.1082923412322998,0.6127352118492126,0.550646185874939,0.9248988032341003,0.560615062713623,0.5249030590057373,0.10737234354019165,0.5500863194465637,0.5141266584396362,0.998443603515625,0.538844645023346,0.5075643658638,0.9961256980895996,0.4926444888114929,0.7253360152244568,0.95623779296875,0.44837790727615356,0.721366822719574,0.517807126045227,0.5802291035652161,0.9496371150016785,0.9547385573387146,0.3658733367919922,0.9253395199775696,0.6707966327667236,0.5773242115974426,0.9778881669044495,0.9368324875831604,0.3847290575504303,0.9708141088485718,0.6904312372207642,0.419585645198822,0.9753609299659729,0.9350621700286865,0.23539622128009796,0.9449774026870728,0.7161930203437805
368,0.4740072786808014,0.015916477888822556,0.9944344758987427,0.4872588813304901,0.0002287395327584818,0.9917959570884705,0.4910816252231598,0.0018368312157690525,0.993022084236145,0.49534717202186584,0.0033982708118855953,0.9937748312950134,0.48545539379119873,-0.0008573918603360653,0.990527868270874,0.48788031935691833,6.205835234140977e-05,0.9909541606903076,0.49056166410446167,0.0009501470485702157,0.9912108182907104,0.5293270349502563,0.01802770234644413,0.9936589002609253,0.5225935578346252,0.015045448206365108,0.9862533807754517,0.4898601472377777,0.046484194695949554,0.994503915309906,0.48569726943969727,0.04652730002999306,0.9907227158546448,0.5637311339378357,0.16034267842769623,0.9999223947525024,0.558286726474762,0.16827252507209778,0.9960585236549377,0.6163631677627563,0.37049949169158936,0.9856096506118774,0.5872570872306824,0.3527909517288208,0.07114116102457047,0.6328049302101135,0.5429869890213013,0.9680711030960083,0.5862219929695129,0.502411961555481,0.09586743265390396,0.6424469351768494,0.5880435109138489,0.9493914246559143,0.585284948348999,0.5455058813095093,0.10221681743860245,0.6280389428138733,0.5908039212226868,0.9469938278198242,0.57895827293396,0.5520460605621338,0.10176586359739304,0.6231415271759033,0.5759188532829285,0.9287071824073792,0.5794402360916138,0.5358169078826904,0.10142581164836884,0.5572221875190735,0.529082179069519,0.9984889626502991,0.5522757768630981,0.5147896409034729,0.9959730505943298,0.49475109577178955,0.7471339106559753,0.956869900226593,0.4679253399372101,0.7276639938354492,0.49706366658210754,0.569435179233551,0.9744083881378174,0.9506148099899292,0.3583454191684723,0.9217872619628906,0.6355472803115845,0.5725919604301453,1.0069820880889893,0.9331344366073608,0.3669143319129944,0.9598254561424255,0.6624951958656311,0.45905253291130066,0.989481508731842,0.9263246655464172,0.23666875064373016,0.9393846392631531,0.685676634311676
369,0.49290022253990173,0.021045062690973282,0.9949521422386169,0.5101267099380493,0.004418684635311365,0.9925814270973206,0.5138914585113525,0.005673979874700308,0.9936917424201965,0.5179720520973206,0.006932255811989307,0.9943733811378479,0.509122371673584,0.003222825238481164,0.9914259314537048,0.5120736360549927,0.003647495061159134,0.9918099641799927,0.5153326392173767,0.004065595101565123,0.9920440316200256,0.5535452961921692,0.022447088733315468,0.994274377822876,0.5487627387046814,0.01882985234260559,0.9875804781913757,0.5016972422599792,0.04975119233131409,0.9950236678123474,0.4989749491214752,0.04981822520494461,0.9915904402732849,0.5772441029548645,0.18205322325229645,0.9999221563339233,0.5676658749580383,0.17616420984268188,0.9959360361099243,0.6274649500846863,0.38935592770576477,0.986483097076416,0.5955371856689453,0.3640731871128082,0.0679827407002449,0.6455685496330261,0.5615200400352478,0.9695210456848145,0.5969188809394836,0.5119936466217041,0.08973581343889236,0.6563937067985535,0.6034656763076782,0.9509865045547485,0.6023829579353333,0.5526295304298401,0.09591507166624069,0.6428905725479126,0.6060099005699158,0.9485623240470886,0.591632068157196,0.5571244955062866,0.0954415574669838,0.6371546983718872,0.592654824256897,0.9307608008384705,0.5923935174942017,0.5419992804527283,0.09559107571840286,0.5668058395385742,0.5385672450065613,0.998423159122467,0.5559155344963074,0.5204847455024719,0.9957437515258789,0.4865708649158478,0.7478964328765869,0.957209587097168,0.4984681010246277,0.7352096438407898,0.47467368841171265,0.5673501491546631,0.973362147808075,0.948274552822113,0.4678119122982025,0.9216712713241577,0.6089968085289001,0.542818009853363,1.0086897611618042,0.9348766207695007,0.501585841178894,0.9805430769920349,0.6511752605438232,0.3844152092933655,0.9847218990325928,0.9221528768539429,0.3443152606487274,0.9575936794281006,0.6645666360855103
370,0.5065542459487915,0.022614412009716034,0.9954382181167603,0.5244128704071045,0.005835547111928463,0.9933062195777893,0.5279620885848999,0.00697657186537981,0.994308352470398,0.5318055748939514,0.008191696368157864,0.9949246644973755,0.5235205888748169,0.004691505338996649,0.9922582507133484,0.5263740420341492,0.004936233628541231,0.9926038384437561,0.5295668244361877,0.005244110710918903,0.9928168058395386,0.5647281408309937,0.024853331968188286,0.9948382377624512,0.560343325138092,0.021136928349733353,0.9887997508049011,0.5129491090774536,0.05082650110125542,0.995508074760437,0.5109661817550659,0.05089099705219269,0.9924045205116272,0.5860350728034973,0.1868055760860443,0.9999246001243591,0.5759871006011963,0.178791806101799,0.9959027171134949,0.6323147416114807,0.3960796892642975,0.9873692393302917,0.5966872572898865,0.37119632959365845,0.06571870297193527,0.6450225114822388,0.569175124168396,0.9711775779724121,0.60231614112854,0.52229243516922,0.08491619676351547,0.6546587347984314,0.6098988652229309,0.9530655145645142,0.6032055616378784,0.5620790123939514,0.09096398949623108,0.639437198638916,0.6116441488265991,0.9506747722625732,0.5892658233642578,0.56608647108078,0.09050808846950531,0.6336681246757507,0.598158597946167,0.9336307644844055,0.5908693075180054,0.5513095259666443,0.09123849868774414,0.5688037872314453,0.5418907403945923,0.9984146952629089,0.5621929168701172,0.5248860716819763,0.9956089854240417,0.49782073497772217,0.7588859796524048,0.9576817750930786,0.5167988538742065,0.7444671392440796,0.45877718925476074,0.5265833735466003,0.9603661298751831,0.9439826607704163,0.45449137687683105,0.9303657412528992,0.5830079317092896,0.5521314144134521,1.0223551988601685,0.9332365393638611,0.474386602640152,0.9686092138290405,0.6375880241394043,0.38551580905914307,0.9854453206062317,0.914177656173706,0.37567126750946045,0.9662756323814392,0.6420621871948242
371,0.5114383101463318,0.017085257917642593,0.9958810210227966,0.528934121131897,-0.0023622699081897736,0.9939593076705933,0.5326796770095825,-0.0013957879273220897,0.9948639869689941,0.5366351008415222,-0.00025209703017026186,0.9954213500022888,0.5271285176277161,-0.0037039853632450104,0.9930108785629272,0.5295962691307068,-0.0038596452213823795,0.9933214783668518,0.5324000716209412,-0.003934466280043125,0.9935150742530823,0.5713471174240112,0.017957914620637894,0.9953463673591614,0.5649957656860352,0.013848633505403996,0.9898978471755981,0.5208497643470764,0.04566621780395508,0.9959475994110107,0.5183829069137573,0.04532570391893387,0.993145763874054,0.5978822112083435,0.17881131172180176,0.99992835521698,0.5860090255737305,0.17706218361854553,0.9960490465164185,0.6374019384384155,0.38878902792930603,0.9882725477218628,0.6008576154708862,0.36900582909584045,0.06394144892692566,0.6455690264701843,0.5625015497207642,0.9731169939041138,0.6002971529960632,0.5182796716690063,0.0817561000585556,0.6484522223472595,0.6066923141479492,0.9557273387908936,0.596622884273529,0.5600107908248901,0.0876438170671463,0.6325393915176392,0.607560396194458,0.9533705115318298,0.5834859609603882,0.5626972913742065,0.08727099746465683,0.6291611790657043,0.5926972031593323,0.937195897102356,0.5863426923751831,0.5502256751060486,0.0887688398361206,0.5760343074798584,0.5376600027084351,0.9983603358268738,0.5696527361869812,0.5235846042633057,0.9954993724822998,0.5136929154396057,0.7565836310386658,0.9578179121017456,0.5424648523330688,0.7412562966346741,0.4427667260169983,0.4841759502887726,0.9559593796730042,0.9413782954216003,0.585536003112793,0.9533083438873291,0.5663773417472839,0.49484461545944214,1.0153203010559082,0.9340423345565796,0.6008831858634949,0.9887602925300598,0.6376813054084778,0.37408167123794556,0.986972451210022,0.9099632501602173,0.4920729696750641,0.975273072719574,0.6314353942871094
372,0.546810507774353,0.013251104392111301,0.996102511882782,0.5597931146621704,-0.00874209776520729,0.9943555593490601,0.5627030730247498,-0.006893516052514315,0.9952256679534912,0.5655637383460999,-0.005169789306819439,0.9957559108734131,0.5570945143699646,-0.011387639679014683,0.993416965007782,0.5580911636352539,-0.011409072205424309,0.9936764240264893,0.5588536858558655,-0.011728891171514988,0.9938243627548218,0.5860527157783508,0.012465502135455608,0.9957234263420105,0.5762948393821716,0.00523188104853034,0.9905171394348145,0.5553048849105835,0.039711423218250275,0.9962254166603088,0.5516177415847778,0.038079824298620224,0.9935299754142761,0.6165539026260376,0.14502055943012238,0.9999300241470337,0.5985209345817566,0.1528942734003067,0.995517373085022,0.6428647637367249,0.3625708222389221,0.9884079098701477,0.6003693342208862,0.3498179018497467,0.0600164420902729,0.6485118269920349,0.5478035807609558,0.9725000858306885,0.590927004814148,0.5074057579040527,0.07734367996454239,0.6488192677497864,0.6048796772956848,0.9546020030975342,0.584732174873352,0.5563547015190125,0.08366050571203232,0.6361998319625854,0.6042495965957642,0.9521574974060059,0.5747535228729248,0.5577031970024109,0.08340679854154587,0.6346072554588318,0.5868664383888245,0.9359743595123291,0.582127034664154,0.5337335467338562,0.08519294112920761,0.5991716980934143,0.5216653347015381,0.998443603515625,0.5719121098518372,0.5151762366294861,0.9955819845199585,0.5758578181266785,0.7526470422744751,0.9599786400794983,0.5210678577423096,0.7253807187080383,0.4506469666957855,0.6170532703399658,0.9619606733322144,0.943947434425354,0.5233115553855896,0.9373176693916321,0.5698733925819397,0.6233639121055603,1.0040932893753052,0.9327875375747681,0.5450460910797119,0.9756839275360107,0.6348952651023865,0.5399469137191772,0.9958676099777222,0.9140552282333374,0.43642568588256836,0.9686600565910339,0.6393946409225464
373,0.5460544228553772,-0.004692099988460541,0.9963745474815369,0.5591352581977844,-0.024338874965906143,0.9947693347930908,0.5620618462562561,-0.021671075373888016,0.9955888390541077,0.5647969841957092,-0.019141195341944695,0.9960880875587463,0.5575038194656372,-0.026347393169999123,0.9938613176345825,0.5594621896743774,-0.025371506810188293,0.9940972924232483,0.561123788356781,-0.02491154707968235,0.9942505955696106,0.5895224213600159,0.0008179023861885071,0.9960792660713196,0.5833825469017029,-0.007321984972804785,0.9912302494049072,0.5575990676879883,0.02652072347700596,0.996519148349762,0.5557844042778015,0.025047598406672478,0.9940083622932434,0.6195979714393616,0.13029327988624573,0.9999309182167053,0.6051514148712158,0.1385207325220108,0.9954061508178711,0.6512281894683838,0.3449677526950836,0.9889208674430847,0.6137176752090454,0.3382032513618469,0.057886648923158646,0.6560290455818176,0.5321095585823059,0.9736197590827942,0.6037811040878296,0.492855042219162,0.07453979551792145,0.6559767127037048,0.5858356952667236,0.9560469388961792,0.5987509489059448,0.5423353314399719,0.08106319606304169,0.6441523432731628,0.5854002833366394,0.9536458253860474,0.5900084972381592,0.54618901014328,0.08088531345129013,0.6425422430038452,0.5713566541671753,0.9376741051673889,0.5943464636802673,0.5264282822608948,0.08301736414432526,0.6084588170051575,0.5060399770736694,0.998343825340271,0.585981011390686,0.5016860961914062,0.9952720999717712,0.5547575950622559,0.7304961085319519,0.9623574614524841,0.5218455195426941,0.7085793018341064,0.46401160955429077,0.6218252778053284,0.952838122844696,0.9476813673973083,0.5832554697990417,0.9301702976226807,0.5810969471931458,0.638677716255188,0.9877152442932129,0.9357770085334778,0.6120939254760742,0.9685404300689697,0.6426318287849426,0.5183864831924438,0.9928221702575684,0.9198652505874634,0.487385630607605,0.9693499207496643,0.654161810874939
374,0.5454675555229187,0.000602685147896409,0.9967092871665955,0.5560067296028137,-0.018565597012639046,0.9952504634857178,0.5587078332901001,-0.016673415899276733,0.9959947466850281,0.5611333847045898,-0.014870944432914257,0.9964492321014404,0.5549299716949463,-0.020411401987075806,0.9944184422492981,0.5572732090950012,-0.01996464654803276,0.9946336150169373,0.5593018531799316,-0.01988295093178749,0.9947813153266907,0.5881513357162476,0.0014416335616260767,0.9964473843574524,0.5841349959373474,-0.004782210104167461,0.9920735955238342,0.558357834815979,0.02744315005838871,0.9968438744544983,0.5569356679916382,0.026452209800481796,0.9945740699768066,0.6220122575759888,0.12732192873954773,0.999933660030365,0.6122052073478699,0.1350386142730713,0.9957941174507141,0.6552329063415527,0.3411475419998169,0.9897409677505493,0.6251552700996399,0.3330269157886505,0.05624346807599068,0.6568024754524231,0.5309463739395142,0.9755914211273193,0.6132193207740784,0.4890967011451721,0.0749131366610527,0.6568027138710022,0.5828626155853271,0.9590961337089539,0.6124879121780396,0.5400797128677368,0.08201369643211365,0.6447671055793762,0.5820027589797974,0.9568016529083252,0.6029837131500244,0.5442917346954346,0.08184617012739182,0.6429166197776794,0.5673395991325378,0.9419118165969849,0.60454261302948,0.5245172381401062,0.084336057305336,0.607187807559967,0.4966413676738739,0.9984363913536072,0.6007010340690613,0.4881267547607422,0.9956439137458801,0.5131596326828003,0.7042089700698853,0.9659865498542786,0.5539421439170837,0.6997480392456055,0.484285444021225,0.5793939828872681,0.9129126071929932,0.9519569873809814,0.672603964805603,0.9278469681739807,0.6094145178794861,0.6149635910987854,0.9430617690086365,0.9412547945976257,0.7010470628738403,0.964184582233429,0.6696510910987854,0.49944043159484863,0.9913117289543152,0.9262087345123291,0.6033986806869507,0.9660426378250122,0.6778926849365234
375,0.5482834577560425,0.0041885352693498135,0.9970026612281799,0.5582367181777954,-0.014723780564963818,0.9956797957420349,0.560723066329956,-0.012793904170393944,0.9963559508323669,0.5628485083580017,-0.011046127416193485,0.9967723488807678,0.5575681328773499,-0.01677927002310753,0.9949134588241577,0.5599861741065979,-0.01629532501101494,0.9951032996177673,0.5621171593666077,-0.016207832843065262,0.9952462911605835,0.5900529026985168,0.004326255992054939,0.9967765212059021,0.5877328515052795,-0.000989045249298215,0.9927868843078613,0.5602349042892456,0.030133021995425224,0.9971256256103516,0.5589405298233032,0.029593046754598618,0.9950559139251709,0.6235726475715637,0.12657694518566132,0.9999386072158813,0.6133936643600464,0.13534961640834808,0.996140718460083,0.6559334993362427,0.33974990248680115,0.9904534816741943,0.6261292695999146,0.3318065404891968,0.05620773136615753,0.6579592227935791,0.5242863297462463,0.9771819710731506,0.6169092655181885,0.48840591311454773,0.07542174309492111,0.6614404916763306,0.5730985999107361,0.961432695388794,0.6170186400413513,0.5385640263557434,0.08262012898921967,0.6480412483215332,0.5742391347885132,0.9592990875244141,0.60587078332901,0.5439969897270203,0.08247169107198715,0.644713819026947,0.560230016708374,0.9448597431182861,0.606902539730072,0.5246647596359253,0.08517329394817352,0.6112962365150452,0.4905702769756317,0.9985620379447937,0.5969476699829102,0.4824959337711334,0.9960253834724426,0.5257366895675659,0.7009497284889221,0.9682202935218811,0.5505588054656982,0.6836207509040833,0.4905252158641815,0.6988601088523865,0.9090980291366577,0.9555769562721252,0.5853093266487122,0.9065756797790527,0.619973361492157,0.7396610975265503,0.9349110722541809,0.9444164037704468,0.6044692397117615,0.9266970157623291,0.6748291850090027,0.6428888440132141,0.9902566075325012,0.9320566654205322,0.5017329454421997,0.9642360210418701,0.6883060336112976
376,0.5517305135726929,0.0032297861762344837,0.997258186340332,0.5631421804428101,-0.01638341322541237,0.9960653781890869,0.5655738115310669,-0.015022353269159794,0.9966825842857361,0.5678024888038635,-0.0137338787317276,0.9970625638961792,0.563094437122345,-0.01798905059695244,0.9953469038009644,0.5656999945640564,-0.01773006282746792,0.9955165386199951,0.568131148815155,-0.017703788354992867,0.995647132396698,0.5958559513092041,0.0012462693266570568,0.9970738291740417,0.5953775644302368,-0.0035861057695001364,0.9933938980102539,0.5645379424095154,0.02828272432088852,0.9973763823509216,0.5637636184692383,0.027724621817469597,0.9954689741134644,0.623738706111908,0.12754875421524048,0.9999426007270813,0.6196571588516235,0.1367853730916977,0.9962970018386841,0.6552197933197021,0.34400123357772827,0.9911593794822693,0.6267150640487671,0.33211684226989746,0.05456763878464699,0.6563287377357483,0.5261181592941284,0.9789531230926514,0.6224823594093323,0.49274253845214844,0.07400217652320862,0.6592891216278076,0.5737645030021667,0.9641136527061462,0.6187523007392883,0.5436887741088867,0.08125637471675873,0.6450431942939758,0.5751550197601318,0.9621593356132507,0.608828067779541,0.5486314296722412,0.08118130266666412,0.6420770287513733,0.5607755184173584,0.9484578967094421,0.6103099584579468,0.5304659008979797,0.08401071280241013,0.6079737544059753,0.4927784502506256,0.9986268281936646,0.5964578986167908,0.48353102803230286,0.9962103366851807,0.5713822841644287,0.7044454216957092,0.9687759876251221,0.5391673445701599,0.6873626112937927,0.48575371503829956,0.7103147506713867,0.9147541522979736,0.957124650478363,0.524843692779541,0.9050455093383789,0.6192647814750671,0.7334483861923218,0.9390475749969482,0.9441782236099243,0.5391033887863159,0.9296320676803589,0.6704219579696655,0.6551550030708313,0.9911152124404907,0.9352325797080994,0.47759369015693665,0.9646154046058655,0.6919298768043518
377,0.5450758337974548,0.003944954834878445,0.9975294470787048,0.5612733960151672,-0.015256104059517384,0.996454656124115,0.5647664070129395,-0.0140939736738801,0.9970108270645142,0.5681746006011963,-0.012890658341348171,0.9973536729812622,0.5594052672386169,-0.01688518561422825,0.9958063960075378,0.5617117881774902,-0.016886916011571884,0.995958685874939,0.5639861226081848,-0.017020663246512413,0.9960770606994629,0.5983416438102722,0.00216385698877275,0.9973644018173218,0.5937322974205017,-0.002694874070584774,0.9940468668937683,0.5585062503814697,0.029602037742733955,0.9976364374160767,0.5557056665420532,0.028813526034355164,0.9959176778793335,0.6201387643814087,0.13420970737934113,0.9999470710754395,0.6222028732299805,0.1390673816204071,0.9965787529945374,0.6529794335365295,0.3573727011680603,0.9917237758636475,0.6349122524261475,0.3411675691604614,0.0534835048019886,0.6512793302536011,0.5354323983192444,0.9803911447525024,0.6268571615219116,0.49333590269088745,0.07424349337816238,0.6547814011573792,0.582160472869873,0.9662434458732605,0.6268617510795593,0.5444096326828003,0.08176819235086441,0.6399577260017395,0.5838310718536377,0.9643200039863586,0.6166081428527832,0.548448920249939,0.08184045553207397,0.636995255947113,0.5683334469795227,0.9513166546821594,0.6148888468742371,0.530551552772522,0.08523822575807571,0.6002986431121826,0.5047255754470825,0.9986457228660583,0.5970097184181213,0.4920565187931061,0.9963124990463257,0.5546681880950928,0.7283610701560974,0.9653927087783813,0.6051855683326721,0.7068440914154053,0.4835410416126251,0.4815208911895752,0.9301055073738098,0.9566670060157776,0.7179645895957947,0.9332402348518372,0.6230525374412537,0.48487475514411926,0.9556137323379517,0.9453553557395935,0.7440600991249084,0.9690662622451782,0.6843768358230591,0.4153788387775421,0.9850056767463684,0.9343738555908203,0.6393933296203613,0.9716989398002625,0.6961795687675476
378,0.539832592010498,0.005028381012380123,0.9977735280990601,0.5588422417640686,-0.014187407679855824,0.9968048334121704,0.5632515549659729,-0.013055996038019657,0.997306227684021,0.5676091313362122,-0.011830184608697891,0.99761563539505,0.555408239364624,-0.015852808952331543,0.9962189793586731,0.5574840307235718,-0.015939870849251747,0.9963556528091431,0.559596061706543,-0.016073256731033325,0.9964629411697388,0.5979562997817993,0.0035777019802480936,0.9976259469985962,0.5901355743408203,-0.0013225785223767161,0.9946326017379761,0.5529845952987671,0.03062334656715393,0.9978705644607544,0.549579381942749,0.029979757964611053,0.9963213801383972,0.616857647895813,0.1514817774295807,0.9999513030052185,0.6163979768753052,0.15114809572696686,0.9968125820159912,0.6516592502593994,0.36936721205711365,0.992215633392334,0.6343613266944885,0.3545677959918976,0.05209200084209442,0.6485592126846313,0.5430922508239746,0.9815627336502075,0.624735414981842,0.49764811992645264,0.07357010245323181,0.6527389287948608,0.59117591381073,0.9679321646690369,0.6259285807609558,0.5476697087287903,0.0814882218837738,0.6370674967765808,0.5934612154960632,0.9660201668739319,0.6149543523788452,0.5499658584594727,0.08169515430927277,0.634139358997345,0.5772790908813477,0.9535323977470398,0.6128267049789429,0.5318648219108582,0.08567655086517334,0.5965959429740906,0.5187354683876038,0.998684287071228,0.5950848460197449,0.5085174441337585,0.9964079260826111,0.5538565516471863,0.7345241904258728,0.9606329202651978,0.6420925855636597,0.7358938455581665,0.48356857895851135,0.46191608905792236,0.9434487223625183,0.9567087292671204,0.7384811639785767,0.9500311017036438,0.62518310546875,0.5052984356880188,0.9805731773376465,0.9458163380622864,0.7590537071228027,0.9828992486000061,0.6934878826141357,0.3820858895778656,0.9825232625007629,0.9345927238464355,0.6752471923828125,0.9760715961456299,0.7001839280128479
379,0.5370322465896606,0.005043666809797287,0.9979947209358215,0.5550710558891296,-0.014704826287925243,0.9971222281455994,0.5595980882644653,-0.01378482487052679,0.9975736737251282,0.5641566514968872,-0.012741307727992535,0.9978527426719666,0.5518288016319275,-0.016238505020737648,0.9965941905975342,0.5540236234664917,-0.01648595556616783,0.9967166781425476,0.5563104152679443,-0.016772301867604256,0.9968138933181763,0.5956541895866394,0.002657193224877119,0.9978622198104858,0.5875869989395142,-0.0021333512850105762,0.9951657056808472,0.5497556328773499,0.03120977059006691,0.9980820417404175,0.54793781042099,0.03032955899834633,0.9966866374015808,0.6134634017944336,0.16067516803741455,0.9999545812606812,0.6123405694961548,0.15763482451438904,0.9970582723617554,0.648189902305603,0.37858283519744873,0.99251788854599,0.6288468837738037,0.36281853914260864,0.05160975828766823,0.6468526124954224,0.5494700074195862,0.9825057983398438,0.6193549036979675,0.5070490837097168,0.07397441565990448,0.65162193775177,0.5972071886062622,0.9692652225494385,0.6196550130844116,0.5544046759605408,0.08190368115901947,0.6355932354927063,0.5993632078170776,0.9673482775688171,0.6091216802597046,0.5569638013839722,0.0820896252989769,0.6325231194496155,0.5829246044158936,0.9552951455116272,0.6079514622688293,0.5417531728744507,0.08663772791624069,0.5952609777450562,0.5303870439529419,0.9986646771430969,0.5940024256706238,0.5187026262283325,0.9965004324913025,0.5314673781394958,0.7336196899414062,0.9543517827987671,0.6419327855110168,0.7297156453132629,0.4895250201225281,0.46167704463005066,0.9365997910499573,0.9510119557380676,0.7435517907142639,0.9588077068328857,0.6268896460533142,0.47420161962509155,0.9727662205696106,0.9426333904266357,0.7602719664573669,0.9894393086433411,0.7020651698112488,0.4026244282722473,0.9708898663520813,0.9253023862838745,0.689749002456665,0.9787648320198059,0.6958534121513367
380,0.5366995334625244,0.005601252894848585,0.9981940984725952,0.5525896549224854,-0.01402154192328453,0.9974082112312317,0.5570288300514221,-0.013119873590767384,0.9978147745132446,0.5617702007293701,-0.012107446789741516,0.9980663657188416,0.5499109029769897,-0.01554717868566513,0.9969324469566345,0.5521937608718872,-0.015770932659506798,0.9970424175262451,0.554452121257782,-0.016043182462453842,0.9971303343772888,0.5944809317588806,0.0030573708936572075,0.9980750679969788,0.584706723690033,-0.0018234499730169773,0.9956459999084473,0.5479717254638672,0.031666841357946396,0.9982726573944092,0.5471576452255249,0.030839184299111366,0.9970157742500305,0.611820638179779,0.1613781750202179,0.9999579191207886,0.6114292740821838,0.15722444653511047,0.997296154499054,0.6468753814697266,0.37538230419158936,0.9930084943771362,0.627432644367218,0.36027267575263977,0.05135105550289154,0.6456936597824097,0.5479851365089417,0.9836125373840332,0.617395281791687,0.5073744654655457,0.07404998689889908,0.6503220200538635,0.5956805348396301,0.9709184765815735,0.6161652207374573,0.557853639125824,0.082099549472332,0.6351640224456787,0.5969032645225525,0.9690581560134888,0.6057791113853455,0.559822678565979,0.08238188922405243,0.632242739200592,0.580798864364624,0.9575977921485901,0.606105625629425,0.5430951118469238,0.08728176355361938,0.5894351005554199,0.5277429223060608,0.9986235499382019,0.5931372046470642,0.5155709385871887,0.9965533018112183,0.5128518342971802,0.7327477931976318,0.9512180685997009,0.6180802583694458,0.7270680069923401,0.4901439845561981,0.44735187292099,0.9368104934692383,0.9497515559196472,0.7342621088027954,0.9539878964424133,0.6304423213005066,0.45403990149497986,0.9725006222724915,0.9412447214126587,0.7566457986831665,0.9860537052154541,0.7105468511581421,0.3835504651069641,0.9723554849624634,0.9228688478469849,0.6695975661277771,0.9882264137268066,0.6960253715515137
381,0.5335985422134399,0.0049389130435884,0.9983724355697632,0.5517995953559875,-0.015232858248054981,0.997664749622345,0.5559702515602112,-0.014544304460287094,0.9980311393737793,0.5603553056716919,-0.013799862936139107,0.9982579350471497,0.5488895773887634,-0.01624196767807007,0.9972354173660278,0.5509260892868042,-0.0164036825299263,0.9973341822624207,0.5530195236206055,-0.01671784371137619,0.9974139928817749,0.5921180844306946,0.000886791676748544,0.9982661008834839,0.5831683874130249,-0.003619934432208538,0.9960774779319763,0.5435394048690796,0.030074771493673325,0.9984434843063354,0.5423896312713623,0.029498213902115822,0.9973109364509583,0.6088303327560425,0.16064032912254333,0.9999598264694214,0.611156702041626,0.15318340063095093,0.9975146055221558,0.6385258436203003,0.37342533469200134,0.9933361411094666,0.6101236343383789,0.35786575078964233,0.05109378695487976,0.6327399611473083,0.5466831922531128,0.9840964078903198,0.6064155697822571,0.5063346028327942,0.07268001139163971,0.6368312835693359,0.5946702361106873,0.9714597463607788,0.6045516133308411,0.5562835335731506,0.08080204576253891,0.6218814849853516,0.5961413383483887,0.9696000218391418,0.5930280685424805,0.5589499473571777,0.08117970824241638,0.617683470249176,0.5799906849861145,0.9584653973579407,0.5924075841903687,0.5431063771247864,0.08616301417350769,0.5669017434120178,0.5109640955924988,0.9986317753791809,0.5677619576454163,0.49724772572517395,0.9966874718666077,0.49938300251960754,0.7288481593132019,0.9530357122421265,0.5990054607391357,0.7263739705085754,0.49906158447265625,0.4442407488822937,0.9335850477218628,0.9521090984344482,0.7104350328445435,0.9482188820838928,0.645362377166748,0.4598846137523651,0.9716392755508423,0.9445051550865173,0.7371057868003845,0.9721060991287231,0.7270807027816772,0.35617053508758545,0.9738544225692749,0.9259592294692993,0.6587088108062744,0.9851402044296265,0.7079006433486938
382,0.523286759853363,0.005217350088059902,0.9985224008560181,0.5437712669372559,-0.014882786199450493,0.9978868961334229,0.549130380153656,-0.014220673590898514,0.9982187151908875,0.5548184514045715,-0.013499918393790722,0.9984248280525208,0.5394161939620972,-0.015870502218604088,0.9974945187568665,0.5414820909500122,-0.016027305275201797,0.9975830912590027,0.5438231825828552,-0.01632697321474552,0.9976586103439331,0.591674268245697,0.0008144478197209537,0.9984325170516968,0.5786886215209961,-0.0036915848031640053,0.9964517951011658,0.5349755883216858,0.030432121828198433,0.9985875487327576,0.5313150882720947,0.029596108943223953,0.9975595474243164,0.6020011305809021,0.15980631113052368,0.9999584555625916,0.597832202911377,0.15024101734161377,0.9976341128349304,0.6252581477165222,0.37316635251045227,0.9928904175758362,0.58919757604599,0.3469981551170349,0.04980497062206268,0.618993878364563,0.542154848575592,0.9811744689941406,0.5840617418289185,0.500145435333252,0.06943616271018982,0.6218123435974121,0.5853160619735718,0.9668822884559631,0.5803821086883545,0.543319821357727,0.0777919739484787,0.6083065271377563,0.5866707563400269,0.9648368954658508,0.5688512325286865,0.5454715490341187,0.07826551049947739,0.6045846939086914,0.572728157043457,0.9526515007019043,0.5710173845291138,0.5350340604782104,0.0830821767449379,0.5559254884719849,0.4974345862865448,0.9986507296562195,0.5537764430046082,0.4841071665287018,0.9967247843742371,0.4638616740703583,0.709382951259613,0.953340470790863,0.5115498900413513,0.6977081894874573,0.5113543272018433,0.4524114429950714,0.9323662519454956,0.9555404782295227,0.705102801322937,0.8888578414916992,0.6585681438446045,0.47204095125198364,0.9710813164710999,0.9481176733970642,0.7082900404930115,0.9096807837486267,0.7406600117683411,0.3544752299785614,0.9742854833602905,0.9310433268547058,0.6353194117546082,0.9830358624458313,0.7192925810813904
383,0.5104910731315613,0.00905535463243723,0.9986567497253418,0.5324823260307312,-0.0118123609572649,0.9980858564376831,0.5383686423301697,-0.010914920829236507,0.9983870387077332,0.5447371602058411,-0.009809065610170364,0.9985746145248413,0.5280690789222717,-0.01304550003260374,0.9977259635925293,0.5304012894630432,-0.01314717810600996,0.9978062510490417,0.5331751108169556,-0.01316097192466259,0.9978776574134827,0.5817791223526001,0.0066326516680419445,0.9985820651054382,0.5701610445976257,0.002476911759003997,0.996792733669281,0.5212140083312988,0.03698594123125076,0.998717188835144,0.5171511173248291,0.03628309816122055,0.9977822303771973,0.5891914367675781,0.16464608907699585,0.9999600052833557,0.5831484198570251,0.15242908895015717,0.9977595806121826,0.6117006540298462,0.37187543511390686,0.9929794073104858,0.5787012577056885,0.34656402468681335,0.048921626061201096,0.6020854711532593,0.5392539501190186,0.9809169769287109,0.5755817890167236,0.49878057837486267,0.06743866950273514,0.6064513921737671,0.5805562138557434,0.9663891196250916,0.5726349949836731,0.5422906875610352,0.07605694234371185,0.5924460291862488,0.5817667841911316,0.964306652545929,0.5622028112411499,0.5437704920768738,0.07648006826639175,0.5888410210609436,0.5689343214035034,0.951846718788147,0.56307452917099,0.5324059128761292,0.08101580291986465,0.5432764291763306,0.4984223544597626,0.9987331628799438,0.5385290384292603,0.4840083122253418,0.9968891143798828,0.43282899260520935,0.7050873041152954,0.9557238817214966,0.46396294236183167,0.687423050403595,0.5188854932785034,0.4562869071960449,0.9318000078201294,0.9581028819084167,0.5885013341903687,0.8675951361656189,0.6548265814781189,0.48986896872520447,0.9687971472740173,0.950653076171875,0.6310789585113525,0.8763691186904907,0.743216872215271,0.360603004693985,0.9841701984405518,0.9346458315849304,0.5426778197288513,0.9557051062583923,0.717012345790863
384,0.5016443729400635,0.02189718931913376,0.9987431168556213,0.5208189487457275,0.001069682533852756,0.9982379674911499,0.5252765417098999,0.002456081798300147,0.9985151886940002,0.5301878452301025,0.0039568799547851086,0.9986934661865234,0.5183755159378052,-0.0006580721237696707,0.9978907704353333,0.5208125114440918,-0.0005738554173149168,0.9979591965675354,0.5236572027206421,-0.00034742039861157537,0.9980322122573853,0.5649216771125793,0.02232629992067814,0.9987013339996338,0.5583982467651367,0.017873268574476242,0.9970648288726807,0.5105113387107849,0.05109342560172081,0.9988086223602295,0.5079789757728577,0.05064430832862854,0.9979104995727539,0.5757575631141663,0.1772753745317459,0.9999589323997498,0.5763729214668274,0.16332276165485382,0.997482180595398,0.5966303944587708,0.37727096676826477,0.9928483366966248,0.5730453133583069,0.34990739822387695,0.04705900698900223,0.5914130210876465,0.540073812007904,0.980276346206665,0.5709025263786316,0.4991033375263214,0.06437882781028748,0.5968315005302429,0.580576479434967,0.9650020599365234,0.567156195640564,0.5402390956878662,0.07295165956020355,0.5821377038955688,0.582397997379303,0.962866485118866,0.553805947303772,0.5428615212440491,0.07327353209257126,0.5782685279846191,0.5696059465408325,0.9500460624694824,0.5562517642974854,0.5316954255104065,0.07777771353721619,0.5269670486450195,0.49932679533958435,0.998821496963501,0.5241546630859375,0.48344865441322327,0.9969511032104492,0.41898152232170105,0.7048167586326599,0.957656741142273,0.3791322410106659,0.5813706517219543,0.496355265378952,0.49056342244148254,0.9330442547798157,0.9554643630981445,0.42878007888793945,0.7671290040016174,0.6031790375709534,0.5226039290428162,0.9674196243286133,0.947454035282135,0.457939475774765,0.7968729734420776,0.6975457668304443,0.41855889558792114,1.0007251501083374,0.9271230101585388,0.36288702487945557,0.8158709406852722,0.6642335057258606
385,0.493364155292511,0.05293460935354233,0.998859167098999,0.5108875632286072,0.03404445946216583,0.9984037280082703,0.5151705741882324,0.03516010195016861,0.9986547827720642,0.5198748111724854,0.03598529472947121,0.9988166093826294,0.5084027051925659,0.03212089091539383,0.9980864524841309,0.5105628371238708,0.031953319907188416,0.9981481432914734,0.5133160352706909,0.03159180283546448,0.9982150197029114,0.5502198338508606,0.05195620283484459,0.9988229870796204,0.5441653728485107,0.04842622950673103,0.9973406195640564,0.4997025430202484,0.07844159007072449,0.9989159107208252,0.49701759219169617,0.07754684239625931,0.9980921149253845,0.5627616047859192,0.20066340267658234,0.9999599456787109,0.5566688776016235,0.18527330458164215,0.9976279735565186,0.5800067186355591,0.3907674252986908,0.9927414059638977,0.5527772307395935,0.3635618984699249,0.047080811113119125,0.5767665505409241,0.5502045750617981,0.979110836982727,0.547442615032196,0.5060034990310669,0.06404224038124084,0.5830722451210022,0.5924596786499023,0.9625803828239441,0.5458173155784607,0.5429462194442749,0.07272615283727646,0.5702474117279053,0.5935795903205872,0.9604978561401367,0.537678599357605,0.5477184057235718,0.07294770330190659,0.5668953657150269,0.5794443488121033,0.9468619227409363,0.5393763184547424,0.5346316695213318,0.07713634520769119,0.5174584984779358,0.5148691534996033,0.9989178776741028,0.4964470863342285,0.49063026905059814,0.9971914291381836,0.42329537868499756,0.7136992812156677,0.9602957963943481,0.38987499475479126,0.6106424927711487,0.5005185604095459,0.5324417352676392,0.9477906227111816,0.9580488204956055,0.3401290774345398,0.8272092342376709,0.6033227443695068,0.5584790706634521,0.970562219619751,0.9490461945533752,0.35772833228111267,0.845137357711792,0.6923515796661377,0.45667940378189087,1.007405161857605,0.9310901165008545,0.23731321096420288,0.8775455951690674,0.6647299528121948
386,0.4817008674144745,0.07529713213443756,0.9989480972290039,0.5000931024551392,0.05630727857351303,0.9985395073890686,0.5044243931770325,0.0574788935482502,0.9987687468528748,0.5091755986213684,0.05844958499073982,0.9989199042320251,0.4980141520500183,0.054654646664857864,0.9982386231422424,0.5004286766052246,0.05459580942988396,0.9982923865318298,0.5035269260406494,0.05439288169145584,0.9983556866645813,0.538436233997345,0.076143279671669,0.9989233613014221,0.5332526564598083,0.07220786064863205,0.9975565075874329,0.4875560402870178,0.10124951601028442,0.9989994168281555,0.4850350320339203,0.10043668001890182,0.99821937084198,0.5501188635826111,0.22669446468353271,0.9999598860740662,0.5468562841415405,0.2098989486694336,0.997630774974823,0.565256655216217,0.4160025417804718,0.9929408431053162,0.5432244539260864,0.3878887891769409,0.04655444249510765,0.56224524974823,0.5754043459892273,0.9801015257835388,0.5333124399185181,0.5202756524085999,0.06240169331431389,0.5673266053199768,0.614932656288147,0.9638835787773132,0.5314406156539917,0.557561993598938,0.07054094970226288,0.5529561638832092,0.6169989109039307,0.9619449973106384,0.53609299659729,0.5498188138008118,0.07075434178113937,0.5493703484535217,0.6031904220581055,0.9483265280723572,0.537388801574707,0.5380883812904358,0.07486742734909058,0.504284143447876,0.5479097366333008,0.9989646077156067,0.48564863204956055,0.5179061889648438,0.997297465801239,0.43582966923713684,0.7585432529449463,0.9614765048027039,0.3362915813922882,0.6410765051841736,0.5059596300125122,0.5408427715301514,0.9685428142547607,0.9561190009117126,0.2304932028055191,0.811647891998291,0.5888683199882507,0.5662288665771484,0.9828300476074219,0.9419836401939392,0.22939492762088776,0.8485838174819946,0.6710190773010254,0.4695816934108734,1.0119796991348267,0.9255263805389404,0.15303371846675873,0.8291005492210388,0.6458094120025635
387,0.47201651334762573,0.08451974391937256,0.999050498008728,0.4900871813297272,0.06747470796108246,0.9986826777458191,0.4935380220413208,0.0686873197555542,0.9988890886306763,0.49758681654930115,0.06976257264614105,0.9990260004997253,0.4898064434528351,0.066505067050457,0.998411238193512,0.49276483058929443,0.06693654507398605,0.9984593391418457,0.4964450001716614,0.0671255961060524,0.9985162615776062,0.5250214338302612,0.08946087211370468,0.9990289807319641,0.5240695476531982,0.08572370558977127,0.9977959394454956,0.47533708810806274,0.11008626222610474,0.9990968108177185,0.4746520519256592,0.11001499742269516,0.9983916282653809,0.5310738682746887,0.23241177201271057,0.9999634623527527,0.54209965467453,0.22504977881908417,0.9978132247924805,0.5521660447120667,0.4200674295425415,0.9934930205345154,0.5523563623428345,0.4049533009529114,0.04943631589412689,0.5470488667488098,0.5842140316963196,0.9819357395172119,0.5362415909767151,0.5369259715080261,0.06830383837223053,0.5513480305671692,0.6226351857185364,0.9670392870903015,0.5355215072631836,0.5736291408538818,0.07441072911024094,0.5355791449546814,0.6251556873321533,0.9652619361877441,0.524164080619812,0.5732051134109497,0.07439649850130081,0.5320184826850891,0.6116207242012024,0.95257568359375,0.5228831171989441,0.5588280558586121,0.0780794695019722,0.48572197556495667,0.5612826943397522,0.99906325340271,0.47306811809539795,0.5274682641029358,0.99755859375,0.43487808108329773,0.7695519328117371,0.9652343392372131,0.2650124728679657,0.5083813667297363,0.5479196906089783,0.5363416075706482,0.9706422686576843,0.9602199792861938,0.13151153922080994,0.7163832783699036,0.6207270622253418,0.5617994070053101,0.9874594211578369,0.9460541009902954,0.15706941485404968,0.7522679567337036,0.6911637187004089,0.46269649267196655,1.0132132768630981,0.931857168674469,0.04307767376303673,0.7180481553077698,0.6701409816741943
388,0.4720255136489868,0.08100861310958862,0.9991452693939209,0.48943009972572327,0.06491725891828537,0.9988141655921936,0.4929350018501282,0.066135935485363,0.9989999532699585,0.4966585040092468,0.06723157316446304,0.999123215675354,0.4885174334049225,0.06359460949897766,0.9985698461532593,0.49113041162490845,0.06381020694971085,0.9986130595207214,0.4942359924316406,0.06386565417051315,0.9986643195152283,0.5227144956588745,0.08624862879514694,0.9991259574890137,0.5206668972969055,0.08187269419431686,0.9980160593986511,0.4742104113101959,0.10682389885187149,0.9991869330406189,0.472673237323761,0.1063450425863266,0.9985520243644714,0.5243874192237854,0.2254182994365692,0.9999670386314392,0.5330718159675598,0.21982631087303162,0.9980164766311646,0.5517051219940186,0.4121159017086029,0.9940584897994995,0.5528058409690857,0.3976050913333893,0.056867800652980804,0.538615882396698,0.5780499577522278,0.983595073223114,0.5354287028312683,0.5308298468589783,0.07795003801584244,0.5456584692001343,0.6170172691345215,0.9699212312698364,0.5337939858436584,0.5691001415252686,0.0821017399430275,0.5287078022956848,0.6192503571510315,0.9682747721672058,0.5188643336296082,0.5692221522331238,0.0814080461859703,0.523714005947113,0.6059613823890686,0.9564882516860962,0.5161133408546448,0.5562350749969482,0.0849740132689476,0.47885754704475403,0.5522776246070862,0.9991510510444641,0.47208917140960693,0.5248900651931763,0.9977924227714539,0.32433271408081055,0.6315235495567322,0.9684189558029175,0.28331202268600464,0.5647870302200317,0.5873153209686279,0.31859490275382996,0.8033092021942139,0.9634633660316467,0.19649489223957062,0.7592962384223938,0.652009129524231,0.33719661831855774,0.8376020789146423,0.9492425918579102,0.20733699202537537,0.8015183210372925,0.7148710489273071,0.23052531480789185,0.8206205368041992,0.9367890357971191,0.08867243677377701,0.7663342952728271,0.6933510899543762
389,0.46917039155960083,0.07649001479148865,0.9992294311523438,0.48779287934303284,0.05428607761859894,0.9989314675331116,0.49128833413124084,0.05536149442195892,0.9990987777709961,0.4949500262737274,0.05639484152197838,0.999210000038147,0.48715639114379883,0.05299736559391022,0.9987109899520874,0.49003592133522034,0.05304529890418053,0.9987499117851257,0.49332937598228455,0.05297651141881943,0.9987960457801819,0.5211912989616394,0.07430901378393173,0.9992125630378723,0.5204768180847168,0.06995686143636703,0.9982125163078308,0.4715936779975891,0.1033063605427742,0.9992672801017761,0.4707130789756775,0.10278540849685669,0.9986943602561951,0.5171835422515869,0.21667122840881348,0.9999701976776123,0.5338677763938904,0.2102585881948471,0.9981909990310669,0.5429332256317139,0.41129159927368164,0.9945501685142517,0.5563849210739136,0.3923441469669342,0.06028303503990173,0.5221282243728638,0.5775676369667053,0.9850741028785706,0.5373103022575378,0.5228237509727478,0.08676066994667053,0.5254372954368591,0.6110426783561707,0.9724781513214111,0.5360771417617798,0.561842143535614,0.08985833823680878,0.5141750574111938,0.6116606593132019,0.9709512591362,0.527076005935669,0.5673125386238098,0.08879854530096054,0.5107959508895874,0.6001381278038025,0.9599078297615051,0.5183144807815552,0.5543909668922424,0.09164894372224808,0.4757018983364105,0.5277056097984314,0.9992303252220154,0.47083309292793274,0.496097594499588,0.9979854226112366,0.3625412881374359,0.688605010509491,0.9714376926422119,0.24269339442253113,0.4869641661643982,0.6175145506858826,0.47024548053741455,0.9181249737739563,0.9667230248451233,0.07924117147922516,0.5913634896278381,0.6725307703018188,0.4935087561607361,0.9423261880874634,0.9518781900405884,0.10510710626840591,0.6748695373535156,0.7268878221511841,0.3867238461971283,0.9439687132835388,0.9417421221733093,0.023880794644355774,0.6021403670310974,0.7093784213066101
390,0.4713432788848877,0.04165208339691162,0.9992981553077698,0.49002066254615784,0.02293235808610916,0.9990305304527283,0.4934963285923004,0.023598255589604378,0.9991821050643921,0.49717941880226135,0.02429834008216858,0.9992841482162476,0.48974528908729553,0.023682808503508568,0.9988289475440979,0.49283844232559204,0.024498291313648224,0.9988635778427124,0.4962789714336395,0.02504746988415718,0.9989070296287537,0.5248917937278748,0.04350753501057625,0.9992873668670654,0.5246527194976807,0.04220898449420929,0.9983817338943481,0.47504693269729614,0.0664653480052948,0.999334990978241,0.4743053913116455,0.06738808006048203,0.9988148212432861,0.5185258388519287,0.18924638628959656,0.9999724626541138,0.5372836589813232,0.1903149038553238,0.9983250498771667,0.5414464473724365,0.38482406735420227,0.9948778748512268,0.5567928552627563,0.37211883068084717,0.06754379719495773,0.5191558003425598,0.5479910969734192,0.9861416816711426,0.5533021092414856,0.5007330179214478,0.10052970051765442,0.5195812582969666,0.582823634147644,0.9741690754890442,0.5532646179199219,0.5405207872390747,0.10289902985095978,0.5075505375862122,0.5814946293830872,0.9726690649986267,0.5371137261390686,0.5484488606452942,0.10162396728992462,0.5049919486045837,0.571148693561554,0.9619752168655396,0.5203492045402527,0.5355028510093689,0.10341642796993256,0.45915693044662476,0.4972972869873047,0.9992644786834717,0.4706002473831177,0.4756707549095154,0.9980984330177307,0.3723827004432678,0.6838104724884033,0.9697885513305664,0.369326114654541,0.6555909514427185,0.6230342984199524,0.3259034752845764,0.8034496903419495,0.9629330039024353,0.3177282214164734,0.8074129819869995,0.6704226136207581,0.34303075075149536,0.8331236243247986,0.947799026966095,0.3367001712322235,0.8469334840774536,0.7289047837257385,0.24510949850082397,0.8120010495185852,0.937498927116394,0.2548164129257202,0.8392499089241028,0.7087334990501404
391,0.46957066655158997,0.009412258863449097,0.9993454813957214,0.48643743991851807,-0.010714380070567131,0.9991069436073303,0.48976293206214905,-0.008955343626439571,0.9992466568946838,0.4932394325733185,-0.007339359726756811,0.99934321641922,0.485971063375473,-0.011213107965886593,0.998923122882843,0.48883846402168274,-0.0100089767947793,0.99895179271698,0.49194657802581787,-0.009274082258343697,0.9989919662475586,0.5220252871513367,0.01208574790507555,0.999346911907196,0.5213968753814697,0.008533462882041931,0.9985113739967346,0.47622352838516235,0.035058584064245224,0.9993882179260254,0.47543030977249146,0.0358591303229332,0.9989075064659119,0.5234577059745789,0.15483081340789795,0.9999709129333496,0.5348646640777588,0.15018028020858765,0.9983282089233398,0.5499769449234009,0.34491077065467834,0.9950134754180908,0.5508673787117004,0.33301612734794617,0.065992072224617,0.5316672921180725,0.5049320459365845,0.9869181513786316,0.527003288269043,0.4671160876750946,0.09871767461299896,0.5267845988273621,0.5453279614448547,0.9752117991447449,0.5242399573326111,0.49938783049583435,0.10187245905399323,0.5162301063537598,0.5431442856788635,0.9736624360084534,0.5146024227142334,0.5061054229736328,0.10062780976295471,0.5144962072372437,0.5320327281951904,0.963222324848175,0.5083754062652588,0.49692824482917786,0.1025511845946312,0.4543813467025757,0.46978074312210083,0.999123215675354,0.465806782245636,0.4554193317890167,0.9980717301368713,0.23996803164482117,0.5393096804618835,0.9685343503952026,0.3820933401584625,0.6522690653800964,0.6445120573043823,0.07311305403709412,0.5666828751564026,0.9604575634002686,0.40540772676467896,0.8602386713027954,0.6894527673721313,0.052961185574531555,0.5921528935432434,0.9457607865333557,0.428514301776886,0.8941279053688049,0.7431893348693848,-0.003533177310600877,0.5802757143974304,0.9312310218811035,0.3762011229991913,0.9080896377563477,0.7172114253044128
392,0.4671437442302704,-0.011819492094218731,0.9994006156921387,0.481376051902771,-0.03156350553035736,0.9991843104362488,0.4840956926345825,-0.02895534783601761,0.9993122816085815,0.4867781400680542,-0.026608748361468315,0.9994010329246521,0.48098674416542053,-0.032773230224847794,0.9990180730819702,0.48342597484588623,-0.031197408214211464,0.9990427494049072,0.4859304130077362,-0.030304668471217155,0.9990791082382202,0.5119484066963196,-0.007177456747740507,0.9994056224822998,0.5123069286346436,-0.013157784938812256,0.9986391663551331,0.47577810287475586,0.015540342777967453,0.9994413256645203,0.4751306176185608,0.016282232478260994,0.9990017414093018,0.5208047032356262,0.13251261413097382,0.9999712109565735,0.5351166725158691,0.12709729373455048,0.9983848929405212,0.547552764415741,0.33067017793655396,0.9951856136322021,0.5470559597015381,0.319291353225708,0.06512376666069031,0.5348875522613525,0.48196470737457275,0.9877280592918396,0.525524914264679,0.45266300439834595,0.0993698313832283,0.5295605659484863,0.517595112323761,0.9764670133590698,0.5237289071083069,0.47939372062683105,0.10287880152463913,0.5228660106658936,0.5166103839874268,0.97491455078125,0.5210000872612,0.48474031686782837,0.10155077278614044,0.5215964317321777,0.5054652094841003,0.964661717414856,0.517706036567688,0.47585126757621765,0.10331545025110245,0.45003730058670044,0.437849223613739,0.9990410804748535,0.4685596823692322,0.4344479441642761,0.9980858564376831,0.23310866951942444,0.49922409653663635,0.9700684547424316,0.3638473153114319,0.6445837616920471,0.6664389371871948,0.06450788676738739,0.5841600298881531,0.963260293006897,0.3467343747615814,0.8481993079185486,0.7148284912109375,0.05085908621549606,0.6093423366546631,0.9495267868041992,0.3695511221885681,0.8915248513221741,0.7623525857925415,-0.010659814812242985,0.6121702790260315,0.9356467127799988,0.2705937922000885,0.8955614566802979,0.7372198700904846
393,0.4682222604751587,-0.013833003118634224,0.9973890781402588,0.4796326458454132,-0.03162592649459839,0.997706949710846,0.4815387725830078,-0.0287102572619915,0.998040497303009,0.4831184446811676,-0.02593880146741867,0.99845290184021,0.4806729555130005,-0.03258843719959259,0.9975602626800537,0.4835115671157837,-0.03072282485663891,0.9976329803466797,0.48629748821258545,-0.029357820749282837,0.9977825880050659,0.5065390467643738,-0.00574735552072525,0.9987406730651855,0.512566864490509,-0.011419130489230156,0.9964961409568787,0.4773128628730774,0.0189058855175972,0.9985724091529846,0.4766833484172821,0.017788510769605637,0.997296154499054,0.5166215300559998,0.11766865104436874,0.9999539852142334,0.5323432087898254,0.10830514878034592,0.9973652362823486,0.5423081517219543,0.3058485984802246,0.9920939207077026,0.5422682762145996,0.2905968427658081,0.0609714612364769,0.5352599024772644,0.4624848961830139,0.9815813899040222,0.5143858194351196,0.42804449796676636,0.09325358271598816,0.5238685011863708,0.4968470633029938,0.9672722816467285,0.5108076930046082,0.468382865190506,0.09713664650917053,0.5142173171043396,0.49317851662635803,0.9647330045700073,0.501610279083252,0.4688223898410797,0.09574747085571289,0.5171308517456055,0.48239457607269287,0.9503307938575745,0.5068289637565613,0.4584023654460907,0.09722581505775452,0.46171170473098755,0.4226972758769989,0.9988784193992615,0.4721444547176361,0.40721943974494934,0.9971493482589722,0.28136977553367615,0.5374364256858826,0.9639673829078674,0.2989130914211273,0.5552425384521484,0.624844491481781,0.1162363588809967,0.6741859316825867,0.9550918340682983,0.1803721785545349,0.7236484885215759,0.6651517152786255,0.10228694975376129,0.7134402990341187,0.941277801990509,0.17629925906658173,0.7671528458595276,0.7163068056106567,0.01480902824550867,0.6574998497962952,0.930866003036499,0.08783725649118423,0.7201475501060486,0.6982094645500183
394,0.45135384798049927,-0.012644516304135323,0.9966927766799927,0.45850181579589844,-0.0320218950510025,0.9972566962242126,0.460143119096756,-0.029924988746643066,0.9976457953453064,0.4616113305091858,-0.02780633233487606,0.9981855154037476,0.4604143500328064,-0.0330972820520401,0.9970913529396057,0.463468074798584,-0.03193691745400429,0.9971761703491211,0.46645739674568176,-0.031008107587695122,0.9973738789558411,0.48738938570022583,-0.01131751574575901,0.9985186457633972,0.493940144777298,-0.016764629632234573,0.9957972764968872,0.4639138877391815,0.015409514307975769,0.9982299208641052,0.4645256996154785,0.014976325444877148,0.9963811635971069,0.5160828232765198,0.10477909445762634,0.9999482035636902,0.5216897130012512,0.10031110793352127,0.9966354370117188,0.5458084344863892,0.2935121953487396,0.9908252358436584,0.5429909825325012,0.28420427441596985,0.05642218515276909,0.5372741222381592,0.45892372727394104,0.9776521325111389,0.5211606025695801,0.4217970073223114,0.08709514886140823,0.5375604629516602,0.4929686188697815,0.9600554704666138,0.5128715634346008,0.45558446645736694,0.09138046205043793,0.5301562547683716,0.4923706352710724,0.9568356275558472,0.5001134276390076,0.45401743054389954,0.08993499726057053,0.5272303819656372,0.4822481870651245,0.9391477108001709,0.5090402364730835,0.4485888183116913,0.09113255143165588,0.4666801989078522,0.3993740975856781,0.9987970590591431,0.47343116998672485,0.38821882009506226,0.9964220523834229,0.2801092863082886,0.5049119591712952,0.9571678638458252,0.2835214138031006,0.5204941034317017,0.5830046534538269,0.11002470552921295,0.6889914870262146,0.9502742886543274,0.14275234937667847,0.6864932775497437,0.6198407411575317,0.09800077974796295,0.7397505044937134,0.9369298815727234,0.13836462795734406,0.7329005002975464,0.6738511919975281,0.005091250874102116,0.6586739420890808,0.9289953112602234,0.03990302234888077,0.6732602715492249,0.6650805473327637
395,0.43819186091423035,-0.005755087360739708,0.9968383312225342,0.4463028013706207,-0.02432597242295742,0.9972902536392212,0.4482468068599701,-0.02231878973543644,0.9976710081100464,0.4498530924320221,-0.020379221066832542,0.9982006549835205,0.44779065251350403,-0.02520301379263401,0.9971197247505188,0.4508589506149292,-0.024138174951076508,0.9971860647201538,0.4539247751235962,-0.02366546541452408,0.9973693490028381,0.4742755591869354,-0.003992524463683367,0.9985396265983582,0.4787399172782898,-0.008950780145823956,0.9958902597427368,0.45227280259132385,0.02224428951740265,0.9982348680496216,0.45230019092559814,0.021939417347311974,0.9964120388031006,0.5113041996955872,0.1203441396355629,0.999942421913147,0.5045172572135925,0.11319960653781891,0.9965831637382507,0.5466881394386292,0.3015967607498169,0.9910991191864014,0.5286338329315186,0.2877175509929657,0.05548352375626564,0.5558626055717468,0.4652087390422821,0.9779615998268127,0.5247485041618347,0.4215501546859741,0.08847496658563614,0.5631104111671448,0.49794670939445496,0.9597308039665222,0.5183800458908081,0.45653071999549866,0.09333036094903946,0.5558420419692993,0.49885913729667664,0.9565738439559937,0.5005972981452942,0.45770302414894104,0.09153547883033752,0.5531970262527466,0.48810017108917236,0.9387146234512329,0.5120779871940613,0.4493260979652405,0.09209436923265457,0.4689372181892395,0.40138372778892517,0.9985729455947876,0.465302437543869,0.3880796730518341,0.9964211583137512,0.27573588490486145,0.49038583040237427,0.9570916891098022,0.3073485195636749,0.517076313495636,0.6035354733467102,0.1608206182718277,0.6071253418922424,0.9463827610015869,0.21355964243412018,0.7312847375869751,0.6368117928504944,0.16057094931602478,0.6340356469154358,0.9313994646072388,0.21392711997032166,0.7748870849609375,0.686272919178009,0.06905809044837952,0.6128906011581421,0.9235784411430359,0.11153732985258102,0.73912513256073,0.6725882291793823
396,0.4130973517894745,-0.00522448169067502,0.9971084594726562,0.4254806637763977,-0.021732773631811142,0.997524619102478,0.4285529553890228,-0.01986272633075714,0.9978686571121216,0.4316651225090027,-0.01788368634879589,0.9983522295951843,0.4247875511646271,-0.02206302247941494,0.9973549246788025,0.4272240102291107,-0.020893726497888565,0.9974209070205688,0.42964303493499756,-0.020496118813753128,0.9975796937942505,0.45954039692878723,-0.0015105048660188913,0.9986727833747864,0.4580304026603699,-0.005960572510957718,0.9962558746337891,0.4271581470966339,0.022583765909075737,0.9984003305435181,0.425628125667572,0.02291930466890335,0.9967404007911682,0.5025020241737366,0.12250028550624847,0.9999479055404663,0.4882791340351105,0.12125103920698166,0.9968200325965881,0.5479404926300049,0.3134164810180664,0.9917628765106201,0.5208426117897034,0.2959648668766022,0.053245898336172104,0.5670545697212219,0.47371813654899597,0.9796989560127258,0.5255559086799622,0.4237169623374939,0.08913132548332214,0.5766038298606873,0.5076557397842407,0.9625097513198853,0.5210745334625244,0.45830482244491577,0.09506707638502121,0.5666336417198181,0.5063625574111938,0.9595853090286255,0.5067847967147827,0.4586208760738373,0.092885322868824,0.5624858140945435,0.4945894479751587,0.9427742958068848,0.5145440697669983,0.4479850232601166,0.09288755804300308,0.4691401720046997,0.4129692614078522,0.9987117052078247,0.46247047185897827,0.3841761350631714,0.9966913461685181,0.3101936876773834,0.5309382677078247,0.9613373279571533,0.2829459607601166,0.3797820508480072,0.6163453459739685,0.26686111092567444,0.7732293605804443,0.9511459469795227,0.12427107244729996,0.3591521084308624,0.6549563407897949,0.2804928123950958,0.8056104183197021,0.9332894086837769,0.1001625582575798,0.38126271963119507,0.6951451301574707,0.19931723177433014,0.8431800007820129,0.9294373989105225,0.05463733151555061,0.3049331307411194,0.6933169960975647
397,0.3880211412906647,0.021396594122052193,0.9973804354667664,0.40899136662483215,0.0063390289433300495,0.9977607727050781,0.41309529542922974,0.006991607137024403,0.9980695843696594,0.4174412488937378,0.007735560182482004,0.9985085725784302,0.40614840388298035,0.004729894921183586,0.9975994229316711,0.4083089232444763,0.004135382827371359,0.9976579546928406,0.4108917713165283,0.0033607222139835358,0.9978006482124329,0.44540056586265564,0.02302694134414196,0.9988006949424744,0.44406792521476746,0.01830531470477581,0.9966095089912415,0.39974674582481384,0.04838057607412338,0.9985561370849609,0.39594757556915283,0.045015256851911545,0.9970528483390808,0.4774400591850281,0.1634376347064972,0.9999526143074036,0.47676903009414673,0.1466418206691742,0.9969955086708069,0.5374661684036255,0.31589725613594055,0.9922288656234741,0.5087027549743652,0.30244117975234985,0.05074629560112953,0.5584943294525146,0.47995615005493164,0.9807448387145996,0.504804790019989,0.4317317605018616,0.08587868511676788,0.572213888168335,0.5148000717163086,0.9636852741241455,0.5213549733161926,0.46704816818237305,0.09204409271478653,0.5562258362770081,0.5138167142868042,0.9609113335609436,0.5064547061920166,0.4672546684741974,0.08984415233135223,0.5490056276321411,0.5021610260009766,0.944474458694458,0.496743768453598,0.45671212673187256,0.08973600715398788,0.4492979347705841,0.42502686381340027,0.9988366961479187,0.4271651804447174,0.3948131203651428,0.9968872666358948,0.33747032284736633,0.5777634978294373,0.9650941491127014,0.2737368047237396,0.3502037823200226,0.6107209920883179,0.3606272339820862,0.8371626734733582,0.9553810358047485,0.1460389494895935,0.3287293612957001,0.6552976369857788,0.3764052093029022,0.8643896579742432,0.9343401193618774,0.1309470534324646,0.3471250832080841,0.6887040734291077,0.3095339238643646,0.9129270911216736,0.9344691634178162,0.0888485237956047,0.2770727574825287,0.6986830830574036
398,0.3729236125946045,0.04553132504224777,0.9975993037223816,0.3933243155479431,0.03311881050467491,0.9979667663574219,0.39685603976249695,0.03405028209090233,0.9982439875602722,0.4006906747817993,0.03480559587478638,0.998643696308136,0.3914091885089874,0.031559865921735764,0.9978094100952148,0.39354488253593445,0.03155083581805229,0.9978591799736023,0.39617547392845154,0.03133474662899971,0.9979917407035828,0.42564037442207336,0.051546595990657806,0.9989047050476074,0.4250512719154358,0.04777141287922859,0.9969227910041809,0.38089507818222046,0.07225000858306885,0.9986903667449951,0.3783853352069855,0.06960693746805191,0.997320830821991,0.45348531007766724,0.19290165603160858,0.9999474883079529,0.461220383644104,0.18502667546272278,0.9972061514854431,0.5193297863006592,0.3573288917541504,0.9881196618080139,0.5001150965690613,0.34236669540405273,0.04783405363559723,0.525982141494751,0.4960518777370453,0.9754696488380432,0.4952830374240875,0.4663791358470917,0.08022023737430573,0.5370076298713684,0.5397284030914307,0.953164279460907,0.5015677809715271,0.5044711828231812,0.08623956143856049,0.5215899348258972,0.5379480719566345,0.9499870538711548,0.4891729950904846,0.5038451552391052,0.0840742215514183,0.5137592554092407,0.5216514468193054,0.9324485063552856,0.4852825701236725,0.4909239411354065,0.0842084139585495,0.41871583461761475,0.4307578206062317,0.9988793134689331,0.4232252836227417,0.4424953758716583,0.9971743822097778,0.2620183825492859,0.2815832495689392,0.9589824676513672,0.3435247540473938,0.6202797889709473,0.6479911208152771,0.11286039650440216,0.21905064582824707,0.9517459273338318,0.40120717883110046,0.8430311679840088,0.6881591081619263,0.08276869356632233,0.22363676130771637,0.9193246960639954,0.42890793085098267,0.8710060119628906,0.7168253660202026,0.06873615086078644,0.10113333910703659,0.926418662071228,0.38054606318473816,0.8924174904823303,0.7260255217552185
399,0.36199477314949036,0.06423690170049667,0.9977785348892212,0.37995827198028564,0.05212925747036934,0.9981383085250854,0.38325196504592896,0.053144633769989014,0.9983835816383362,0.38680681586265564,0.05406513810157776,0.9987576007843018,0.3781225085258484,0.05136222392320633,0.9979760646820068,0.3800215423107147,0.051907993853092194,0.9980111718177795,0.38231903314590454,0.05230318754911423,0.9981393218040466,0.41298916935920715,0.07253086566925049,0.998987078666687,0.41040101647377014,0.06922296434640884,0.9971751570701599,0.36778250336647034,0.0899202898144722,0.9987875819206238,0.3655875325202942,0.08932926505804062,0.9975048899650574,0.43710464239120483,0.21162711083889008,0.9999355673789978,0.44102349877357483,0.204939603805542,0.9972726106643677,0.4956766664981842,0.382582426071167,0.9803339838981628,0.4821341931819916,0.36899635195732117,0.044272180646657944,0.4988526999950409,0.5257149338722229,0.9566407203674316,0.482837975025177,0.5043714642524719,0.074456587433815,0.5068186521530151,0.5664633512496948,0.9218517541885376,0.48115748167037964,0.5321487188339233,0.08048372715711594,0.49224361777305603,0.5661267638206482,0.9186694622039795,0.46890562772750854,0.535305380821228,0.0783408135175705,0.485541969537735,0.5528241395950317,0.8992897272109985,0.46611446142196655,0.5263267755508423,0.07843166589736938,0.4175047278404236,0.46579402685165405,0.9988994598388672,0.4068118929862976,0.4572843909263611,0.9974027276039124,0.2797223627567291,0.4203476905822754,0.9433739185333252,0.36070743203163147,0.5863206386566162,0.6759446263313293,0.2674998939037323,0.3634118437767029,0.8914157152175903,0.4001298248767853,0.7706326842308044,0.7077053785324097,0.26013147830963135,0.36306047439575195,0.8481079936027527,0.41847556829452515,0.7975507378578186,0.7272881269454956,0.2576647698879242,0.3093307614326477,0.8677789568901062,0.35623934864997864,0.824892520904541,0.7392997145652771
400,0.3636507987976074,0.08605089038610458,0.997854471206665,0.3808768093585968,0.0752636268734932,0.9981985092163086,0.3838701546192169,0.07658886164426804,0.9984012246131897,0.38719797134399414,0.07796504348516464,0.998750627040863,0.37926581501960754,0.07449769228696823,0.9979956746101379,0.3810449242591858,0.07527747005224228,0.9980754256248474,0.3831385374069214,0.07596134394407272,0.9981761574745178,0.4122781455516815,0.09860917925834656,0.9990237951278687,0.40871697664260864,0.09377390891313553,0.9972654581069946,0.36819037795066833,0.11265583336353302,0.9988548755645752,0.36574888229370117,0.11168507486581802,0.9976895451545715,0.43072807788848877,0.23044253885746002,0.9999386072158813,0.42804720997810364,0.2237520068883896,0.997277557849884,0.47439324855804443,0.410732239484787,0.9779956340789795,0.45014750957489014,0.396179735660553,0.04137015715241432,0.4820687472820282,0.5551635026931763,0.9403733015060425,0.44631505012512207,0.5294256806373596,0.06826688349246979,0.48972412943840027,0.5934288501739502,0.8947218060493469,0.4420550763607025,0.5572988986968994,0.07380717992782593,0.4739513695240021,0.5939880013465881,0.889987051486969,0.43267542123794556,0.5591773390769958,0.07180702686309814,0.46671608090400696,0.5829164385795593,0.8652895092964172,0.43295928835868835,0.5492272973060608,0.07202255725860596,0.41605865955352783,0.512515664100647,0.9990056157112122,0.3945172131061554,0.4814644157886505,0.9975464940071106,0.3705787658691406,0.6983771920204163,0.9489479064941406,0.27346688508987427,0.34241119027137756,0.6719374656677246,0.46414485573768616,0.9174013733863831,0.9003724455833435,0.16387943923473358,0.18720410764217377,0.7143527269363403,0.4909138083457947,0.9373602867126465,0.8491273522377014,0.13495038449764252,0.18284311890602112,0.7329558730125427,0.40687015652656555,0.9557079076766968,0.8779407143592834,0.16984647512435913,0.09718059748411179,0.7551639676094055
401,0.3631212115287781,0.10056279599666595,0.9980564117431641,0.3810855448246002,0.08982283622026443,0.9983705878257751,0.38406795263290405,0.09089940041303635,0.9985495805740356,0.3871000111103058,0.09209711104631424,0.9988672733306885,0.3805914521217346,0.08906430006027222,0.9981791377067566,0.38307031989097595,0.08962611854076385,0.9982507824897766,0.3855988085269928,0.09024012088775635,0.9983447790145874,0.41154196858406067,0.112667515873909,0.9991161227226257,0.4095292389392853,0.10920966416597366,0.9975208044052124,0.36582130193710327,0.12529335916042328,0.9989637732505798,0.36467498540878296,0.12565048038959503,0.9979099035263062,0.42846429347991943,0.2489941120147705,0.9999430775642395,0.43061745166778564,0.24200426042079926,0.9974875450134277,0.4702088534832001,0.4265163838863373,0.9761821627616882,0.4558700621128082,0.4088656008243561,0.039435699582099915,0.47260186076164246,0.5694516897201538,0.9312378168106079,0.45268669724464417,0.5386480689048767,0.06330595910549164,0.48331212997436523,0.6046516299247742,0.8780282735824585,0.45109036564826965,0.5580787062644958,0.06844224035739899,0.46651047468185425,0.6073728203773499,0.872546374797821,0.4345921277999878,0.5621265769004822,0.0665559321641922,0.45841115713119507,0.5959018468856812,0.8462993502616882,0.4342196583747864,0.5570245385169983,0.06693150103092194,0.41484159231185913,0.5206689238548279,0.9991019368171692,0.39593446254730225,0.4990665912628174,0.9977735877037048,0.34773609042167664,0.6266917586326599,0.9533270597457886,0.26222607493400574,0.4351081848144531,0.6912147998809814,0.4249351918697357,0.7621470093727112,0.9014481902122498,0.1493031233549118,0.37286967039108276,0.7321134209632874,0.446559876203537,0.8500362634658813,0.8280337452888489,0.12748847901821136,0.37514132261276245,0.7450115084648132,0.4107162356376648,0.7728791236877441,0.8785271644592285,0.13080818951129913,0.3211640417575836,0.7692136764526367
402,0.3656996786594391,0.11221657693386078,0.9982396364212036,0.38492530584335327,0.09997132420539856,0.9985278844833374,0.3881165087223053,0.10099847614765167,0.9986892938613892,0.39156901836395264,0.10208585858345032,0.9989769458770752,0.384451299905777,0.09889507293701172,0.9983516931533813,0.3870256245136261,0.09914670884609222,0.9984148144721985,0.38969939947128296,0.09934525191783905,0.9985000491142273,0.41759437322616577,0.12025060504674911,0.9991991519927979,0.41340282559394836,0.11576055735349655,0.9977582097053528,0.36997100710868835,0.13711337745189667,0.9990617632865906,0.3694111406803131,0.1355457454919815,0.998101532459259,0.4360194206237793,0.25358137488365173,0.9999368786811829,0.43397223949432373,0.24727857112884521,0.997593104839325,0.47696226835250854,0.42796939611434937,0.9753775596618652,0.44626855850219727,0.4033941924571991,0.03672252222895622,0.47760555148124695,0.5739918351173401,0.933790385723114,0.4331008791923523,0.5227250456809998,0.05842304229736328,0.48615598678588867,0.612551748752594,0.8805336952209473,0.3955666720867157,0.5468510985374451,0.06340636312961578,0.4670449197292328,0.6147102117538452,0.8747767210006714,0.3858034908771515,0.5557422041893005,0.06168072670698166,0.46026527881622314,0.6002151966094971,0.8495305180549622,0.41398537158966064,0.5415955781936646,0.06236078217625618,0.41371920704841614,0.50752854347229,0.9990426301956177,0.40331727266311646,0.49462246894836426,0.9979609847068787,0.23472699522972107,0.43344178795814514,0.9484778642654419,0.37403616309165955,0.7025481462478638,0.7206690907478333,0.13837459683418274,0.24371808767318726,0.9026972651481628,0.46541306376457214,0.8992213010787964,0.7572268843650818,0.10538485646247864,0.24069836735725403,0.8233402967453003,0.4868278503417969,0.9203339219093323,0.7670851945877075,0.12661497294902802,0.13322174549102783,0.8774689435958862,0.3933083117008209,0.9539032578468323,0.7888368368148804
403,0.37390950322151184,0.10700424760580063,0.9983795285224915,0.39267921447753906,0.09297111630439758,0.9986583590507507,0.39589884877204895,0.09393727034330368,0.9988025426864624,0.39931520819664,0.09482606500387192,0.9990686774253845,0.39196866750717163,0.09225068986415863,0.9984918832778931,0.39449992775917053,0.09267384558916092,0.9985416531562805,0.3971782326698303,0.09285442531108856,0.9986236095428467,0.42526981234550476,0.11280376464128494,0.999262273311615,0.4222852885723114,0.10878058522939682,0.9979531168937683,0.37977710366249084,0.13144156336784363,0.9991404414176941,0.3788507580757141,0.1303025335073471,0.9982562065124512,0.444782555103302,0.24825388193130493,0.9999157786369324,0.44399866461753845,0.2411397099494934,0.997606635093689,0.4852505922317505,0.42496371269226074,0.9737180471420288,0.4615035057067871,0.3985142707824707,0.03390040993690491,0.4884544014930725,0.5697640776634216,0.9330823421478271,0.44756004214286804,0.5148470997810364,0.05330860987305641,0.4942813813686371,0.6052268743515015,0.8774507641792297,0.4298517107963562,0.5417057871818542,0.058012209832668304,0.4789162576198578,0.607056736946106,0.871282160282135,0.42195919156074524,0.5468341708183289,0.05642964690923691,0.47281408309936523,0.593481183052063,0.8458335399627686,0.4327101707458496,0.5343191027641296,0.05721793696284294,0.41832542419433594,0.5079432725906372,0.9988692998886108,0.4064538776874542,0.49374186992645264,0.9980844855308533,0.2635749280452728,0.4309481382369995,0.9410156607627869,0.40209460258483887,0.7151162028312683,0.7467111349105835,0.1577477604150772,0.3241058886051178,0.890091598033905,0.48407185077667236,0.9321833848953247,0.7791520953178406,0.13049617409706116,0.33379071950912476,0.8038047552108765,0.5110549330711365,0.9617024660110474,0.7862329483032227,0.10602270066738129,0.22860656678676605,0.8563108444213867,0.41041356325149536,0.9751810431480408,0.8048225045204163
404,0.3862328827381134,0.09511008858680725,0.998527467250824,0.4047601521015167,0.08086557686328888,0.9987843036651611,0.40747037529945374,0.08199555426836014,0.9989136457443237,0.4100080132484436,0.08307980746030807,0.9991551041603088,0.40311047434806824,0.08024893701076508,0.9986290335655212,0.4049752652645111,0.08091238141059875,0.9986695647239685,0.40679872035980225,0.08130056411027908,0.9987455010414124,0.43165749311447144,0.10076844692230225,0.9993292093276978,0.4301411211490631,0.09672734886407852,0.9981427192687988,0.39175817370414734,0.11982978880405426,0.9992182850837708,0.390247642993927,0.11893181502819061,0.9984152317047119,0.44541361927986145,0.23743759095668793,0.9999196529388428,0.455989807844162,0.2287977635860443,0.9978047609329224,0.50019371509552,0.4153728783130646,0.9755392670631409,0.486911803483963,0.39000630378723145,0.03377098590135574,0.5064331889152527,0.566573441028595,0.9385696649551392,0.4650874733924866,0.49934959411621094,0.05279003828763962,0.5200173854827881,0.5985339879989624,0.8866952657699585,0.43662452697753906,0.5204038619995117,0.05758623778820038,0.5040828585624695,0.6002909541130066,0.8809510469436646,0.43108540773391724,0.5200275182723999,0.05616230145096779,0.49514296650886536,0.5874844193458557,0.8568207025527954,0.4396864175796509,0.5087528824806213,0.057050153613090515,0.4324726164340973,0.5058205723762512,0.9989047050476074,0.4494134187698364,0.49865272641181946,0.9982500076293945,0.257169634103775,0.4185270071029663,0.9410312175750732,0.42130225896835327,0.7129935622215271,0.7693098187446594,0.2545343339443207,0.46526026725769043,0.8631925582885742,0.4883275330066681,0.9313883185386658,0.7976494431495667,0.27497926354408264,0.4798979163169861,0.7789667248725891,0.5130278468132019,0.9639499187469482,0.8031337857246399,0.1918257623910904,0.42611363530158997,0.8268705606460571,0.4085462689399719,0.9773592352867126,0.8178151249885559
405,0.3989364504814148,0.06324420869350433,0.9986680150032043,0.41853320598602295,0.050140392035245895,0.9988998770713806,0.42165693640708923,0.0512506477534771,0.999016523361206,0.4250214397907257,0.052271828055381775,0.9992355704307556,0.4165271818637848,0.04869193583726883,0.9987589120864868,0.4184335470199585,0.048762861639261246,0.9987934827804565,0.42054063081741333,0.04864382743835449,0.998862624168396,0.4494279623031616,0.06875051558017731,0.9993925094604492,0.4460476338863373,0.06539684534072876,0.9983195662498474,0.40612831711769104,0.08758193999528885,0.9992929697036743,0.40347450971603394,0.08484417200088501,0.9985672235488892,0.4703070819377899,0.20890682935714722,0.9999222755432129,0.4644298553466797,0.2064979374408722,0.9979398250579834,0.5263762474060059,0.3846701383590698,0.9773960709571838,0.49483591318130493,0.3685148358345032,0.03453843668103218,0.5323222279548645,0.5375906825065613,0.9436772465705872,0.47272348403930664,0.47331297397613525,0.05402624234557152,0.5436780452728271,0.574832022190094,0.895401656627655,0.45414048433303833,0.5115131139755249,0.05883831903338432,0.5260983109474182,0.5762497186660767,0.8899943828582764,0.4534774422645569,0.5124117136001587,0.05751655623316765,0.5179450511932373,0.5620446801185608,0.8671842217445374,0.4507240355014801,0.4940485954284668,0.059095073491334915,0.4571957588195801,0.5003169178962708,0.9988117218017578,0.4623353183269501,0.49268031120300293,0.9983375072479248,0.2332727015018463,0.4534420073032379,0.9450425505638123,0.44486263394355774,0.6968163847923279,0.7888079285621643,0.13046634197235107,0.5013628602027893,0.8740448951721191,0.49071425199508667,0.9210948348045349,0.8154330849647522,0.12187247723340988,0.5367705225944519,0.7957758903503418,0.5177497267723083,0.9533579349517822,0.8184866905212402,0.04273629188537598,0.427611768245697,0.8378099799156189,0.41509297490119934,0.9716656804084778,0.830327033996582
406,0.40922144055366516,0.044238872826099396,0.998785138130188,0.4281001687049866,0.02682872675359249,0.9989901781082153,0.43162116408348083,0.027909716591238976,0.999097466468811,0.43550872802734375,0.02883021906018257,0.9992984533309937,0.42583543062210083,0.025749633088707924,0.9988643527030945,0.4277667701244354,0.02596142329275608,0.9988926649093628,0.42995211482048035,0.025904197245836258,0.998957633972168,0.4645346701145172,0.04460586607456207,0.9994416832923889,0.4588533639907837,0.041742172092199326,0.9984672665596008,0.41755205392837524,0.0694139152765274,0.9993504881858826,0.4146665930747986,0.06766702979803085,0.9986923336982727,0.4811563193798065,0.18089820444583893,0.99991774559021,0.48062023520469666,0.1834278255701065,0.9980392456054688,0.5339510440826416,0.362038254737854,0.979042649269104,0.5131357312202454,0.34818804264068604,0.03633806109428406,0.5433703660964966,0.5148979425430298,0.9475115537643433,0.5109257102012634,0.47389793395996094,0.05645373836159706,0.5509751439094543,0.5515403151512146,0.9017022848129272,0.5007527470588684,0.5118631720542908,0.06119256839156151,0.5358717441558838,0.5515995621681213,0.8963568806648254,0.49752840399742126,0.5131763219833374,0.060088228434324265,0.5292816758155823,0.5393532514572144,0.8743029832839966,0.4955317974090576,0.4973415732383728,0.06207556650042534,0.4671647846698761,0.4893720746040344,0.9985732436180115,0.4728889763355255,0.4871244728565216,0.9983428716659546,0.23621419072151184,0.5665408372879028,0.9489632844924927,0.4594821631908417,0.6828332543373108,0.7980233430862427,0.1793113350868225,0.660035252571106,0.8836715221405029,0.5010785460472107,0.9066941142082214,0.827195405960083,0.17757390439510345,0.688065230846405,0.8121095895767212,0.531903088092804,0.9380199909210205,0.8284361958503723,0.09514100104570389,0.6498544216156006,0.8479399085044861,0.438137024641037,0.9601430892944336,0.8355607986450195
407,0.4200599193572998,0.037539757788181305,0.9988850951194763,0.43712612986564636,0.019109008833765984,0.999067485332489,0.4409453868865967,0.020162375643849373,0.9991661310195923,0.4450892508029938,0.021080845966935158,0.9993528723716736,0.4345048666000366,0.018181679770350456,0.9989519715309143,0.43634432554244995,0.0184322502464056,0.9989714026451111,0.4384363889694214,0.01838880591094494,0.999036967754364,0.4758477210998535,0.03748935088515282,0.999483048915863,0.46886134147644043,0.034834492951631546,0.9985876679420471,0.42785191535949707,0.0634346455335617,0.9993939995765686,0.4245222210884094,0.06214846670627594,0.9987913966178894,0.49122098088264465,0.17140881717205048,0.9999136924743652,0.49036648869514465,0.17277568578720093,0.9980899095535278,0.5399455428123474,0.35040968656539917,0.9801555871963501,0.5144282579421997,0.338756799697876,0.03563205525279045,0.5488871932029724,0.5037137269973755,0.949486255645752,0.5083861947059631,0.4695209562778473,0.055988114327192307,0.5550520420074463,0.5405288338661194,0.9049328565597534,0.49620747566223145,0.5072854161262512,0.061160314828157425,0.5400472283363342,0.540722131729126,0.8995254039764404,0.49025484919548035,0.5086128115653992,0.06036541238427162,0.5348677635192871,0.5290701985359192,0.8773369193077087,0.4908738434314728,0.494337797164917,0.06270519644021988,0.47111111879348755,0.4842890799045563,0.9983383417129517,0.4812636375427246,0.48522326350212097,0.9982727766036987,0.2381974309682846,0.5828100442886353,0.9500541687011719,0.46041035652160645,0.6742067337036133,0.7868974804878235,0.18323561549186707,0.7396165728569031,0.8920156955718994,0.5263586044311523,0.8848451972007751,0.8284315466880798,0.21785195171833038,0.7745234966278076,0.8273500800132751,0.5595263838768005,0.9168193340301514,0.8297985196113586,0.1257091760635376,0.7533075213432312,0.8567558526992798,0.4718959331512451,0.946252703666687,0.8285631537437439
408,0.42438748478889465,0.03970997780561447,0.9989823698997498,0.4420399069786072,0.022242344915866852,0.9991462826728821,0.44559285044670105,0.023251401260495186,0.9992367625236511,0.44946593046188354,0.024125004187226295,0.9994084239006042,0.4398769438266754,0.02138224057853222,0.9990360140800476,0.4417906403541565,0.021655211225152016,0.9990493059158325,0.4439748525619507,0.021611236035823822,0.9991139769554138,0.47880735993385315,0.04111246392130852,0.9995273351669312,0.47291263937950134,0.03836195915937424,0.9987062215805054,0.4317030608654022,0.06493958085775375,0.9994421005249023,0.4288467764854431,0.06330272555351257,0.9988890886306763,0.49747878313064575,0.1743497997522354,0.9999185800552368,0.4923761188983917,0.17604422569274902,0.9981481432914734,0.5455012321472168,0.35190045833587646,0.981461226940155,0.5118323564529419,0.3417498469352722,0.035713158547878265,0.5527228116989136,0.5056169033050537,0.9520623087882996,0.505230724811554,0.46630147099494934,0.056051332503557205,0.5572632551193237,0.543468713760376,0.9095805883407593,0.4939638376235962,0.5039824843406677,0.06193865090608597,0.5424275994300842,0.5438193678855896,0.9043622016906738,0.488092839717865,0.5053932666778564,0.06143898144364357,0.5378805994987488,0.531272828578949,0.8824622631072998,0.48810940980911255,0.4939160943031311,0.06412534415721893,0.47800859808921814,0.48621782660484314,0.9983574748039246,0.48186540603637695,0.48293405771255493,0.9982656240463257,0.33741074800491333,0.6356325745582581,0.9494399428367615,0.44937554001808167,0.6671929955482483,0.767615556716919,0.2785688042640686,0.8405638933181763,0.8993111252784729,0.5616016983985901,0.8692149519920349,0.8168454766273499,0.37906694412231445,0.8663578629493713,0.8405828475952148,0.5955343246459961,0.8981756567955017,0.8264298439025879,0.27969688177108765,0.8831979632377625,0.8656189441680908,0.5203576683998108,0.9436962604522705,0.815974235534668
409,0.4294452369213104,0.0426817424595356,0.9990500211715698,0.4469909965991974,0.02507856674492359,0.999194324016571,0.4504510164260864,0.026083186268806458,0.999284565448761,0.4542433023452759,0.026941977441310883,0.9994435906410217,0.445022314786911,0.02447083778679371,0.9990718960762024,0.4469803273677826,0.024882705882191658,0.999086320400238,0.44919589161872864,0.02494463324546814,0.9991468787193298,0.4814392924308777,0.04317624866962433,0.9995592832565308,0.4756295084953308,0.04096643626689911,0.998773455619812,0.43628641963005066,0.06816713511943817,0.9994774460792542,0.433609277009964,0.06661665439605713,0.9989526271820068,0.5032212734222412,0.1748179793357849,0.9999253749847412,0.49250298738479614,0.17771105468273163,0.998232901096344,0.5502675771713257,0.3564262390136719,0.9828057289123535,0.5121333599090576,0.34465092420578003,0.03563636541366577,0.5592676997184753,0.509301483631134,0.9547842144966125,0.5084550380706787,0.4689112901687622,0.05553123354911804,0.5651326775550842,0.547107458114624,0.9145236611366272,0.5030778646469116,0.5045658349990845,0.06186724454164505,0.5487932562828064,0.5474717020988464,0.9096468091011047,0.4889368712902069,0.5059109330177307,0.06158392131328583,0.5439013838768005,0.5348215103149414,0.8878298997879028,0.49010801315307617,0.4953359365463257,0.06453294306993484,0.4922468960285187,0.4867110252380371,0.9984712600708008,0.4823035001754761,0.4816568195819855,0.9982845187187195,0.43232637643814087,0.6767750978469849,0.9523643255233765,0.441689670085907,0.663733959197998,0.7402811646461487,0.582023024559021,0.8841474056243896,0.9079103469848633,0.4071771502494812,0.8787168860435486,0.7949187159538269,0.6162288784980774,0.9054734110832214,0.8511929512023926,0.5689799189567566,0.8791913986206055,0.8040019273757935,0.5350210666656494,0.9634088277816772,0.8766425848007202,0.3916909992694855,0.918381929397583,0.8071919679641724
410,0.43245112895965576,0.061108265072107315,0.999123215675354,0.4473307430744171,0.043082304298877716,0.9992504119873047,0.4509122669696808,0.04357610642910004,0.9993374347686768,0.45475247502326965,0.044048335403203964,0.9994827508926392,0.4444185793399811,0.04198532551527023,0.9991313219070435,0.44571879506111145,0.041757285594940186,0.9991457462310791,0.4472135305404663,0.04149752855300903,0.999199628829956,0.4822794497013092,0.058204274624586105,0.9995930194854736,0.4743616282939911,0.05624762549996376,0.9988464713096619,0.43967458605766296,0.0883508026599884,0.9995149970054626,0.4358374774456024,0.08743660897016525,0.9990256428718567,0.5114060044288635,0.19449712336063385,0.9999292492866516,0.49059218168258667,0.19682636857032776,0.9981949329376221,0.5620036125183105,0.3657512962818146,0.9841427803039551,0.5118996500968933,0.3576357960700989,0.03724880516529083,0.56943279504776,0.5182268619537354,0.9578220248222351,0.5079261660575867,0.4829862415790558,0.058356963098049164,0.5744442343711853,0.5553187727928162,0.919762372970581,0.5018101334571838,0.5178661942481995,0.06474028527736664,0.5589811205863953,0.5559927821159363,0.9152427315711975,0.49258723855018616,0.5235767364501953,0.06495526432991028,0.5538941025733948,0.5435820817947388,0.8940728902816772,0.4944379925727844,0.5114613771438599,0.06799726188182831,0.49561822414398193,0.5065029263496399,0.9984152317047119,0.47716599702835083,0.4969364106655121,0.9979928135871887,0.4856896698474884,0.7164692282676697,0.9556542634963989,0.46712058782577515,0.7012724876403809,0.7372367978096008,0.6183563470840454,0.9040822386741638,0.915934681892395,0.41374123096466064,0.8939162492752075,0.800574004650116,0.6402917504310608,0.9308686852455139,0.861693799495697,0.5283828973770142,0.9248402714729309,0.8041422963142395,0.5010649561882019,0.9665615558624268,0.8872838616371155,0.36786338686943054,0.9404270648956299,0.8173339366912842
411,0.4316684305667877,0.06400951743125916,0.9991915822029114,0.4472774565219879,0.047105614095926285,0.9992990493774414,0.4513106048107147,0.04766726493835449,0.999383807182312,0.45572349429130554,0.04827525466680527,0.9995162487030029,0.4427514672279358,0.045943234115839005,0.9991848468780518,0.44363534450531006,0.04575207456946373,0.9992004632949829,0.4449555277824402,0.04554732143878937,0.9992467761039734,0.4840480387210846,0.06375110149383545,0.9996212720870972,0.4727485179901123,0.0603257492184639,0.9989117980003357,0.44023025035858154,0.09160107374191284,0.9995467066764832,0.43438026309013367,0.09024669975042343,0.9990886449813843,0.5196277499198914,0.20876409113407135,0.9999291896820068,0.4808366894721985,0.2051175832748413,0.9981231689453125,0.5752166509628296,0.3802032768726349,0.9848721027374268,0.5187577605247498,0.36703985929489136,0.037954408675432205,0.5837087035179138,0.5244708061218262,0.9572291970252991,0.5195400714874268,0.48867714405059814,0.059689488261938095,0.5935055017471313,0.5610849857330322,0.9188926815986633,0.5145460367202759,0.5218886137008667,0.06674709171056747,0.5768216252326965,0.563027560710907,0.9145473837852478,0.5082294344902039,0.5268826484680176,0.06736364960670471,0.5700724720954895,0.550317645072937,0.8936049342155457,0.5101253390312195,0.5150904059410095,0.07036324590444565,0.5098803639411926,0.5154393315315247,0.9983986616134644,0.4763655662536621,0.5072095394134521,0.9978246092796326,0.5078480243682861,0.7203893065452576,0.9587221145629883,0.4871399402618408,0.7109203338623047,0.7413613796234131,0.6187534928321838,0.9098235368728638,0.9230926632881165,0.4248025119304657,0.8888028264045715,0.8107427358627319,0.6358861327171326,0.936318039894104,0.8705103993415833,0.5122286081314087,0.9224895238876343,0.8091028332710266,0.4852237403392792,0.9641502499580383,0.8967912793159485,0.36881524324417114,0.9392021298408508,0.8296589851379395
412,0.43185484409332275,0.0642508789896965,0.9992678165435791,0.44767218828201294,0.04732438176870346,0.9993618726730347,0.45199164748191833,0.047874145209789276,0.9994398355484009,0.45656993985176086,0.048438310623168945,0.9995595812797546,0.44248688220977783,0.04660708084702492,0.999257504940033,0.44305387139320374,0.046694088727235794,0.9992714524269104,0.4439670145511627,0.0467044822871685,0.9993125200271606,0.48443686962127686,0.06422242522239685,0.9996562004089355,0.4714912474155426,0.06124734506011009,0.9990056157112122,0.4407592713832855,0.0908646360039711,0.999588668346405,0.43421441316604614,0.0896405503153801,0.9991723895072937,0.5356767773628235,0.20783615112304688,0.9999340176582336,0.46219170093536377,0.2044183313846588,0.9982420206069946,0.5880661606788635,0.3740420341491699,0.9859656691551208,0.5167780518531799,0.3636702597141266,0.03898278623819351,0.6037241816520691,0.5185005068778992,0.9591094851493835,0.5155264735221863,0.48509490489959717,0.06281374394893646,0.6093709468841553,0.5563305616378784,0.9221834540367126,0.5130109786987305,0.521356463432312,0.07125359028577805,0.5924712419509888,0.5594907402992249,0.9180693030357361,0.5081131458282471,0.5262233018875122,0.07241002470254898,0.5869133472442627,0.5467961430549622,0.8980468511581421,0.5095816254615784,0.5143914222717285,0.07529768347740173,0.5333980321884155,0.5114010572433472,0.9983658790588379,0.48182910680770874,0.501273512840271,0.9977483153343201,0.4932762682437897,0.697131335735321,0.9574249982833862,0.4996894299983978,0.6993081569671631,0.7232683300971985,0.48469048738479614,0.8818705081939697,0.9286097884178162,0.6099067330360413,0.8918160200119019,0.8162542581558228,0.5131078958511353,0.9160376787185669,0.8794115781784058,0.6418924331665039,0.92574143409729,0.817732572555542,0.39164942502975464,0.9500802755355835,0.9044812321662903,0.5308501124382019,0.9508816003799438,0.837706983089447
413,0.4388617277145386,0.057168811559677124,0.9993402361869812,0.4538733959197998,0.039324041455984116,0.9994243383407593,0.4604746401309967,0.03945714980363846,0.9994946718215942,0.46790996193885803,0.03950764611363411,0.9996025562286377,0.4437187612056732,0.03986052796244621,0.9993302822113037,0.4429301917552948,0.04036364704370499,0.9993425011634827,0.4431002736091614,0.04075605422258377,0.9993789792060852,0.4940878450870514,0.05400301143527031,0.9996898174285889,0.4658912718296051,0.054710760712623596,0.9991006851196289,0.4510359466075897,0.08238004148006439,0.9996289014816284,0.4374459683895111,0.08232646435499191,0.9992527961730957,0.5495882034301758,0.20160776376724243,0.9999327063560486,0.4428984224796295,0.20408649742603302,0.9982925057411194,0.5998101234436035,0.36716750264167786,0.9866809248924255,0.5018458962440491,0.3543241024017334,0.03808208182454109,0.6168655753135681,0.5024349093437195,0.9558646082878113,0.5017938613891602,0.47987064719200134,0.06194823980331421,0.6211457848548889,0.5399882197380066,0.9165777564048767,0.5020378828048706,0.519945502281189,0.07146065682172775,0.6067652106285095,0.5421310067176819,0.9133772850036621,0.504887580871582,0.5078844428062439,0.07299954444169998,0.6013990640640259,0.5315210223197937,0.8953682780265808,0.5081919431686401,0.502626359462738,0.07601925730705261,0.5426051616668701,0.4937928020954132,0.9984013438224792,0.48339855670928955,0.49483251571655273,0.9977685809135437,0.4956933259963989,0.6840354204177856,0.9578738212585449,0.5009284019470215,0.6894543766975403,0.7065935730934143,0.4552631676197052,0.8855195641517639,0.9328427314758301,0.6191195845603943,0.8838278651237488,0.8257092833518982,0.5021803975105286,0.9104099869728088,0.8873221278190613,0.645568311214447,0.9161628484725952,0.8295438289642334,0.36435186862945557,0.957707405090332,0.9105916619300842,0.5516560673713684,0.9556072950363159,0.8472983241081238
414,0.45062756538391113,0.04982772842049599,0.9994057416915894,0.46587252616882324,0.03203112632036209,0.9994809031486511,0.4737144112586975,0.032105110585689545,0.9995443224906921,0.4823037385940552,0.032262466847896576,0.999641478061676,0.44883012771606445,0.033726442605257034,0.9993961453437805,0.44546687602996826,0.03487985581159592,0.9994070529937744,0.44343385100364685,0.03590305149555206,0.9994394183158875,0.5023877620697021,0.046304479241371155,0.9997201561927795,0.4593392610549927,0.04986444488167763,0.999187707901001,0.46794188022613525,0.07246119529008865,0.9996654987335205,0.444810688495636,0.07359234243631363,0.999326229095459,0.5634937882423401,0.1913282573223114,0.9999340772628784,0.43217748403549194,0.20174798369407654,0.9983891844749451,0.6159115433692932,0.3542651832103729,0.987714946269989,0.4872298240661621,0.3466792106628418,0.04276292026042938,0.6325269341468811,0.49482429027557373,0.9573713541030884,0.4845620095729828,0.47656795382499695,0.06742184609174728,0.6377986073493958,0.5329315662384033,0.9185276031494141,0.48660656809806824,0.5191182494163513,0.07794143259525299,0.6208255290985107,0.5344931483268738,0.9160937070846558,0.49065420031547546,0.5083964467048645,0.08008010685443878,0.614224910736084,0.5244269967079163,0.8999703526496887,0.5022448301315308,0.4914749562740326,0.083587646484375,0.5551854372024536,0.4814595580101013,0.9985024333000183,0.48569256067276,0.48547181487083435,0.9979158639907837,0.4991545081138611,0.6890773773193359,0.9614624977111816,0.4984510540962219,0.68662428855896,0.7149221897125244,0.4377779960632324,0.8897562026977539,0.938215434551239,0.5687478184700012,0.8759498596191406,0.8394885659217834,0.5032174587249756,0.9130359888076782,0.8962933421134949,0.6033602356910706,0.9080670475959778,0.8418633341789246,0.36436012387275696,0.9615452885627747,0.9176897406578064,0.44026485085487366,0.9509437680244446,0.859420895576477
415,0.4608836770057678,0.047587256878614426,0.9994650483131409,0.4765142798423767,0.028965367004275322,0.9995325803756714,0.48557111620903015,0.028977207839488983,0.9995896816253662,0.49402615427970886,0.029097840189933777,0.9996771216392517,0.4552711546421051,0.030645014718174934,0.9994562268257141,0.4497007727622986,0.031992144882678986,0.9994660019874573,0.44553685188293457,0.03327177092432976,0.9994950294494629,0.5107172131538391,0.04325241968035698,0.9997479319572449,0.45526614785194397,0.048053957521915436,0.999268114566803,0.47913965582847595,0.0701054260134697,0.99969881772995,0.4511778950691223,0.07108773291110992,0.9993932247161865,0.5747739672660828,0.186678946018219,0.9999391436576843,0.4263256788253784,0.2013625055551529,0.9985172152519226,0.6278172135353088,0.34096619486808777,0.9886415600776672,0.47162434458732605,0.34639742970466614,0.05743636190891266,0.6479282379150391,0.48489683866500854,0.9594337344169617,0.4702366292476654,0.46467021107673645,0.08018482476472855,0.652173638343811,0.5256553292274475,0.9216638207435608,0.4725438058376312,0.5200440287590027,0.09016099572181702,0.6366344690322876,0.5275852680206299,0.9198266863822937,0.4844920337200165,0.5042917132377625,0.09314466267824173,0.6296741366386414,0.5174042582511902,0.9052330255508423,0.4886195659637451,0.48988205194473267,0.09735645353794098,0.5680302381515503,0.4731918275356293,0.998618483543396,0.48700472712516785,0.47976380586624146,0.9980528354644775,0.49375125765800476,0.6897662878036499,0.9638566374778748,0.49168115854263306,0.6842693090438843,0.7263588309288025,0.4311494529247284,0.8863955736160278,0.943240761756897,0.6025692820549011,0.8579225540161133,0.8517714142799377,0.4605579078197479,0.9160040020942688,0.903645396232605,0.6335615515708923,0.8713071942329407,0.8529411554336548,0.3986370861530304,0.9652367234230042,0.9241825938224792,0.5455418825149536,0.9390762448310852,0.8701538443565369
416,0.4682560861110687,0.047951556742191315,0.9995183348655701,0.4827042520046234,0.029961347579956055,0.9995788335800171,0.49148431420326233,0.029950136318802834,0.9996302723884583,0.49916666746139526,0.029909593984484673,0.9997090697288513,0.4599393308162689,0.031062308698892593,0.9995098114013672,0.45377740263938904,0.03223206102848053,0.9995183348655701,0.44822031259536743,0.0333932600915432,0.9995442032814026,0.5147354602813721,0.04292876273393631,0.9997727274894714,0.4536656141281128,0.048603639006614685,0.9993381500244141,0.4886196553707123,0.07108413428068161,0.9997286796569824,0.4586981534957886,0.07223565131425858,0.9994531273841858,0.588433563709259,0.18707576394081116,0.9999440908432007,0.4242457151412964,0.202350452542305,0.9986159801483154,0.635644257068634,0.3436112403869629,0.9891560673713684,0.45572856068611145,0.3471584618091583,0.0785052552819252,0.6528857350349426,0.4863109290599823,0.9606459736824036,0.4629870057106018,0.4596722424030304,0.09256049245595932,0.6596633195877075,0.525030791759491,0.9234716296195984,0.4661053419113159,0.5190582275390625,0.10140729695558548,0.6428543329238892,0.526398777961731,0.9222105741500854,0.4785175621509552,0.500650942325592,0.10504785180091858,0.6350454688072205,0.5160665512084961,0.9086001515388489,0.479825496673584,0.4900916516780853,0.10941831022500992,0.5697120428085327,0.4746677875518799,0.9987314939498901,0.48530200123786926,0.47908973693847656,0.9981722235679626,0.5031650066375732,0.6926664710044861,0.9608640074729919,0.49185478687286377,0.6861453652381897,0.7456191182136536,0.42891329526901245,0.881846010684967,0.9470210671424866,0.6017223596572876,0.8479308485984802,0.863528311252594,0.4294078052043915,0.9059877991676331,0.905924916267395,0.6331632733345032,0.858394980430603,0.8597697615623474,0.4533894956111908,0.9558007717132568,0.9291039109230042,0.5525315403938293,0.9342237114906311,0.879697322845459
417,0.48096001148223877,0.05617079138755798,0.9995661377906799,0.4928794801235199,0.037814512848854065,0.999619722366333,0.5007034540176392,0.03742430731654167,0.9996660351753235,0.5071544051170349,0.03778018802404404,0.9997372031211853,0.46852102875709534,0.040308598428964615,0.9995572566986084,0.46107369661331177,0.04207353666424751,0.9995644092559814,0.45447131991386414,0.04395231232047081,0.9995874762535095,0.5221445560455322,0.04957781359553337,0.9997938871383667,0.45326125621795654,0.06079430133104324,0.9993985891342163,0.5008683800697327,0.08019954711198807,0.999755322933197,0.46981900930404663,0.08368515223264694,0.9995067119598389,0.6029624938964844,0.19226421415805817,0.999946117401123,0.4223270118236542,0.21474069356918335,0.9987214803695679,0.6387500166893005,0.34326642751693726,0.9887371063232422,0.4394436180591583,0.3576980233192444,0.1369503140449524,0.6540768146514893,0.48378652334213257,0.9594554305076599,0.44953665137290955,0.46038687229156494,0.12652307748794556,0.659474790096283,0.5226450562477112,0.9218651056289673,0.4588127136230469,0.5164713263511658,0.12910081446170807,0.644096314907074,0.5242984890937805,0.9212236404418945,0.46853840351104736,0.5020122528076172,0.13331134617328644,0.6370689272880554,0.5138300061225891,0.908159613609314,0.4702043831348419,0.49214646220207214,0.13738130033016205,0.5761430859565735,0.4809340238571167,0.9988245964050293,0.4843518137931824,0.48264279961586,0.9983062744140625,0.5276301503181458,0.7003864049911499,0.9592945575714111,0.5002928972244263,0.6985377073287964,0.7669185996055603,0.43266594409942627,0.8745443820953369,0.9499737620353699,0.5920998454093933,0.8580086827278137,0.8752685785293579,0.4167039096355438,0.8964762091636658,0.9050366282463074,0.6169848442077637,0.8692247867584229,0.8646790981292725,0.4807462990283966,0.948668360710144,0.9329707622528076,0.5474488139152527,0.9437416195869446,0.8890825510025024
418,0.4883328676223755,0.07154931873083115,0.9996083378791809,0.4990482032299042,0.05443689972162247,0.9996529221534729,0.5061914920806885,0.05407649278640747,0.9996945858001709,0.5130743980407715,0.054056908935308456,0.9997594356536865,0.4735664427280426,0.05739613249897957,0.9995964169502258,0.46546995639801025,0.05897480994462967,0.9996015429496765,0.4587978720664978,0.06062259525060654,0.9996221661567688,0.5279151201248169,0.06463884562253952,0.9998077750205994,0.4533064663410187,0.07864967733621597,0.9994416832923889,0.5083581805229187,0.09531033784151077,0.9997780919075012,0.4764563739299774,0.10069355368614197,0.9995532631874084,0.611984372138977,0.20994699001312256,0.9999374747276306,0.42238298058509827,0.23292255401611328,0.9988166093826294,0.6372690796852112,0.3555578887462616,0.9843234419822693,0.43105757236480713,0.37205392122268677,0.1942099928855896,0.6487756371498108,0.48708340525627136,0.9432815313339233,0.44946637749671936,0.4840802550315857,0.15233755111694336,0.6541731357574463,0.5259153842926025,0.9028124213218689,0.45974186062812805,0.5233156085014343,0.14995843172073364,0.6422750353813171,0.5272943377494812,0.903111457824707,0.47017326951026917,0.5197740793228149,0.1545182764530182,0.6355268359184265,0.516852080821991,0.8902090787887573,0.4712580442428589,0.5109381675720215,0.15847764909267426,0.5828765034675598,0.5116422772407532,0.9988955855369568,0.4835655093193054,0.5099382400512695,0.9984422922134399,0.5677696466445923,0.7132126092910767,0.9604360461235046,0.5094377398490906,0.723691463470459,0.7884168028831482,0.44158902764320374,0.8631493449211121,0.9514199495315552,0.5820445418357849,0.8688169717788696,0.8862901926040649,0.4165571331977844,0.8915544152259827,0.9010860919952393,0.6054981350898743,0.8822961449623108,0.8682246804237366,0.4715898633003235,0.9307817220687866,0.934529185295105,0.5515469312667847,0.9511666297912598,0.8977761268615723
419,0.495991051197052,0.08933458477258682,0.9996457695960999,0.5058565139770508,0.07149209827184677,0.9996809363365173,0.5117853879928589,0.0709056407213211,0.999718189239502,0.5192086696624756,0.07057483494281769,0.9997771978378296,0.479958713054657,0.07530152797698975,0.9996303915977478,0.470575749874115,0.07732066512107849,0.9996337890625,0.46373531222343445,0.07968386262655258,0.9996522665023804,0.5321270227432251,0.082908034324646,0.9998165369033813,0.4548001289367676,0.09628139436244965,0.9994764924049377,0.5152555108070374,0.11352434009313583,0.9997972846031189,0.48286500573158264,0.11872981488704681,0.9995943307876587,0.6146433353424072,0.22569069266319275,0.9999184608459473,0.42348945140838623,0.24805676937103271,0.9989022612571716,0.6319136023521423,0.3741675019264221,0.978671133518219,0.4269547760486603,0.39064788818359375,0.26187828183174133,0.6451639533042908,0.4914861023426056,0.9294983744621277,0.4408573508262634,0.5157421231269836,0.1978750228881836,0.6514008045196533,0.5277499556541443,0.886207640171051,0.4461662769317627,0.5531657934188843,0.1878422647714615,0.6423304080963135,0.5284907221794128,0.8871779441833496,0.4581103026866913,0.5530992746353149,0.19299300014972687,0.6360374689102173,0.5189463496208191,0.8747992515563965,0.460831880569458,0.5410103797912598,0.19680224359035492,0.5861881971359253,0.5173310041427612,0.9989495277404785,0.4837580919265747,0.5177984237670898,0.9985619783401489,0.6063042283058167,0.7128220200538635,0.9625300765037537,0.5072748064994812,0.7158942222595215,0.8078809976577759,0.4650009870529175,0.8373435735702515,0.9500188827514648,0.5735288262367249,0.8751027584075928,0.8958856463432312,0.4265986680984497,0.8544583916664124,0.8929136991500854,0.5991194248199463,0.8892201781272888,0.8683870434761047,0.4759240746498108,0.9285730719566345,0.9331480264663696,0.5533468723297119,0.9530379176139832,0.9048880934715271
420,0.5006420016288757,0.09292151033878326,0.9996784925460815,0.5095758438110352,0.07602664828300476,0.9997023344039917,0.515640139579773,0.07576367259025574,0.9997349977493286,0.5233293175697327,0.0753653272986412,0.9997892379760742,0.4847891628742218,0.0786983072757721,0.9996578693389893,0.4750679135322571,0.08032789826393127,0.9996591210365295,0.46813705563545227,0.08192071318626404,0.9996763467788696,0.5350208878517151,0.08631760627031326,0.9998183250427246,0.4569667875766754,0.09935303032398224,0.9995008111000061,0.518257200717926,0.11665500700473785,0.9998134970664978,0.4876248240470886,0.12188557535409927,0.9996301531791687,0.6162621974945068,0.23034486174583435,0.9998971819877625,0.4254838824272156,0.25211241841316223,0.9989835023880005,0.631165623664856,0.37486204504966736,0.9702031016349792,0.4288330078125,0.3919828534126282,0.325393944978714,0.6432575583457947,0.48748278617858887,0.9116896390914917,0.4313264489173889,0.5136158466339111,0.2522137463092804,0.647767186164856,0.525705873966217,0.8681406378746033,0.4318588376045227,0.550138533115387,0.2374783754348755,0.6408646702766418,0.5246317982673645,0.8695555329322815,0.44108468294143677,0.5482572317123413,0.2433072328567505,0.6349073052406311,0.5142350792884827,0.8571875095367432,0.4452691376209259,0.5368359088897705,0.24589021503925323,0.5900680422782898,0.5199235081672668,0.9990120530128479,0.4864022135734558,0.5218967199325562,0.9986752867698669,0.6360681653022766,0.7143183946609497,0.964719831943512,0.5069177746772766,0.7137328386306763,0.8252800107002258,0.4845365881919861,0.8309214115142822,0.9488373398780823,0.5709841847419739,0.8764219284057617,0.903710663318634,0.44560644030570984,0.8458878397941589,0.8854283690452576,0.5952888131141663,0.8929443955421448,0.8659015893936157,0.4791397154331207,0.9245408773422241,0.9319987893104553,0.5572510957717896,0.952864408493042,0.9102554321289062
421,0.50576251745224,0.08742434531450272,0.9997056126594543,0.5132718682289124,0.07033262401819229,0.9997121095657349,0.5197292566299438,0.07014390826225281,0.9997391700744629,0.5273935794830322,0.06993278861045837,0.9997897148132324,0.490545392036438,0.07288740575313568,0.9996737241744995,0.481110155582428,0.07456281781196594,0.9996706247329712,0.47336167097091675,0.07633781433105469,0.9996879696846008,0.5377331376075745,0.08153550326824188,0.9998066425323486,0.4612199664115906,0.09326399862766266,0.9995052814483643,0.5221081376075745,0.1109018623828888,0.9998250007629395,0.4933937191963196,0.11510580033063889,0.9996586441993713,0.6165907382965088,0.2245984822511673,0.9998689293861389,0.4266889691352844,0.2433723509311676,0.9990513324737549,0.6297774910926819,0.37008795142173767,0.9545738697052002,0.43231600522994995,0.3873971402645111,0.3785512447357178,0.6405438184738159,0.47797366976737976,0.8750966191291809,0.43068385124206543,0.5082905292510986,0.29122409224510193,0.6443326473236084,0.516480028629303,0.8322023749351501,0.43142709136009216,0.5456678867340088,0.2721201479434967,0.636075496673584,0.5150659084320068,0.8339423537254333,0.4382070302963257,0.5434800386428833,0.278805136680603,0.6308430433273315,0.5028488636016846,0.8222192525863647,0.4415919780731201,0.532041609287262,0.28059351444244385,0.5918154120445251,0.5156714916229248,0.999066948890686,0.48818910121917725,0.5161581039428711,0.9987723231315613,0.6375300884246826,0.7087812423706055,0.9663819670677185,0.5135148167610168,0.711331844329834,0.8406851291656494,0.509057343006134,0.8419855833053589,0.948993980884552,0.5703340172767639,0.8749035596847534,0.9110450148582458,0.47187942266464233,0.8596834540367126,0.8776841759681702,0.5938200950622559,0.8931326270103455,0.8649598956108093,0.5286229848861694,0.947027862071991,0.9325540065765381,0.5564466714859009,0.9532581567764282,0.9158220887184143
422,0.5078683495521545,0.07275345921516418,0.9997296929359436,0.5148177742958069,0.054462432861328125,0.9997245073318481,0.5216305255889893,0.05387095734477043,0.9997469782829285,0.529012143611908,0.05322360619902611,0.9997931122779846,0.49392569065093994,0.057758718729019165,0.9996886849403381,0.4854089021682739,0.05976289510726929,0.9996833801269531,0.4777684807777405,0.06170453503727913,0.9997004270553589,0.5400130152702332,0.06410742551088333,0.9998044967651367,0.46510133147239685,0.07858993858098984,0.9995248317718506,0.5244696140289307,0.09287580102682114,0.9998380541801453,0.49562641978263855,0.09710264950990677,0.9996874332427979,0.6178942322731018,0.21274158358573914,0.9998577833175659,0.4270828366279602,0.23084034025669098,0.9991238117218018,0.6292094588279724,0.3567084074020386,0.945806622505188,0.4311310350894928,0.38208499550819397,0.42938801646232605,0.6389544010162354,0.46987560391426086,0.8484668731689453,0.4334135353565216,0.5071567296981812,0.32791778445243835,0.6430910229682922,0.5110995173454285,0.8047594428062439,0.435518741607666,0.5446441769599915,0.3037172257900238,0.6331228017807007,0.5085112452507019,0.8069600462913513,0.4412730634212494,0.5422486066818237,0.31109005212783813,0.6280796527862549,0.494139701128006,0.7973217964172363,0.4434430003166199,0.5288683772087097,0.31344830989837646,0.5932888388633728,0.5034469366073608,0.9990828633308411,0.48882582783699036,0.5095914006233215,0.9988218545913696,0.6193928122520447,0.7046459913253784,0.9643386006355286,0.5255575776100159,0.7090434432029724,0.8513339161872864,0.5565651655197144,0.8502026796340942,0.9378891587257385,0.5699898600578308,0.8742328882217407,0.9106391072273254,0.5410541296005249,0.8614053726196289,0.8459764719009399,0.5891062021255493,0.8886016607284546,0.8434184193611145,0.554100751876831,0.9431769251823425,0.9165871143341064,0.5555802583694458,0.9526015520095825,0.9108973145484924
423,0.5190032720565796,0.04576129838824272,0.9997512102127075,0.5264142155647278,0.028580594807863235,0.9997350573539734,0.5333297252655029,0.02897283248603344,0.9997551441192627,0.5412430167198181,0.029517363756895065,0.9997950196266174,0.5058535933494568,0.02973996289074421,0.9997040629386902,0.4978277385234833,0.030878707766532898,0.999700129032135,0.48956552147865295,0.03215504810214043,0.9997150301933289,0.5508592128753662,0.04367772862315178,0.999792754650116,0.47322872281074524,0.04897739738225937,0.9995560050010681,0.5338563323020935,0.06911607831716537,0.9998487234115601,0.5072250962257385,0.06967918574810028,0.9997133016586304,0.6178454756736755,0.19199050962924957,0.9998304843902588,0.42705845832824707,0.20297783613204956,0.9991989731788635,0.6274484395980835,0.3365727663040161,0.9316728711128235,0.4319010376930237,0.349914014339447,0.4819547235965729,0.6375861763954163,0.4562581479549408,0.8134556412696838,0.4356168210506439,0.47909706830978394,0.37372907996177673,0.6381688714027405,0.5022898316383362,0.7681401371955872,0.4383862018585205,0.5198163986206055,0.3443738520145416,0.6323300004005432,0.500227689743042,0.7714496850967407,0.4449526369571686,0.5183895230293274,0.35198691487312317,0.6262891888618469,0.48388251662254333,0.7645460963249207,0.44701966643333435,0.5026776194572449,0.35501959919929504,0.5891241431236267,0.46651512384414673,0.9990440607070923,0.48881831765174866,0.4700790345668793,0.998817503452301,0.5919802188873291,0.6883076429367065,0.9602518677711487,0.5273057222366333,0.6826589107513428,0.8589751124382019,0.577795684337616,0.8817949295043945,0.9378239512443542,0.5685051679611206,0.877374529838562,0.909359335899353,0.5670680403709412,0.910904586315155,0.83589768409729,0.572379469871521,0.9002445936203003,0.8220242261886597,0.6095948219299316,0.9558728337287903,0.9142456650733948,0.560314953327179,0.9521064162254333,0.9056525826454163
424,0.5184743404388428,0.02372676506638527,0.9997644424438477,0.52903151512146,0.007117281202226877,0.9997243881225586,0.5370965600013733,0.008017690852284431,0.9997427463531494,0.5455843806266785,0.009120025672018528,0.9997778534889221,0.5071820020675659,0.00657516997307539,0.9996938109397888,0.49931368231773376,0.006993119139224291,0.9996892809867859,0.4911039471626282,0.007519640028476715,0.9997025728225708,0.557033360004425,0.022664887830615044,0.9997299909591675,0.47659170627593994,0.02396288514137268,0.9995442628860474,0.5338613986968994,0.0472649522125721,0.9998518228530884,0.5062554478645325,0.04540041461586952,0.9997294545173645,0.6198275089263916,0.17073355615139008,0.9998132586479187,0.4272082448005676,0.1772812157869339,0.9992628693580627,0.6265379786491394,0.325853168964386,0.9136872887611389,0.4296391010284424,0.33203744888305664,0.5239599943161011,0.6324082016944885,0.45093485713005066,0.770261287689209,0.43530747294425964,0.463628351688385,0.39103254675865173,0.629203736782074,0.4948276877403259,0.7253791689872742,0.437255322933197,0.5085018277168274,0.35729554295539856,0.6259867548942566,0.49273136258125305,0.7294945120811462,0.4450252950191498,0.5063663721084595,0.3650849759578705,0.622535765171051,0.47736912965774536,0.7236181497573853,0.44768062233924866,0.49020156264305115,0.3685093820095062,0.587586522102356,0.4507431983947754,0.9990971684455872,0.48857569694519043,0.4557510018348694,0.9988714456558228,0.5957695841789246,0.6793553233146667,0.9616838693618774,0.524202287197113,0.678203284740448,0.8707666397094727,0.602345883846283,0.8900578022003174,0.942192792892456,0.5505940914154053,0.8725627660751343,0.9136835932731628,0.5919329524040222,0.9166123867034912,0.8388180136680603,0.5475432276725769,0.8925564289093018,0.8043251037597656,0.6453574299812317,0.9762420654296875,0.919685423374176,0.5560613870620728,0.9505173563957214,0.908865213394165
425,0.5148443579673767,0.013482782989740372,0.9997782707214355,0.526670515537262,-0.0039685373194515705,0.9997244477272034,0.5350977778434753,-0.003359385998919606,0.9997434616088867,0.5438143610954285,-0.0025047054514288902,0.9997740983963013,0.5039805173873901,-0.0038210474886000156,0.9996879696846008,0.49603182077407837,-0.0033189174719154835,0.9996852874755859,0.4883521497249603,-0.0026395954191684723,0.999695897102356,0.5559216141700745,0.009442703798413277,0.999712347984314,0.4764458239078522,0.013547907583415508,0.9995339512825012,0.5309821963310242,0.03828532248735428,0.9998592734336853,0.5032647252082825,0.03656402602791786,0.9997466802597046,0.620789110660553,0.15652573108673096,0.9998105764389038,0.4271757900714874,0.1654328852891922,0.9993107318878174,0.6266208291053772,0.319379985332489,0.8892634510993958,0.43226662278175354,0.321336567401886,0.5320465564727783,0.6253359317779541,0.44632139801979065,0.7140559554100037,0.43754175305366516,0.45412126183509827,0.36850249767303467,0.6202815175056458,0.4885294735431671,0.6729984879493713,0.4392562508583069,0.4957217872142792,0.3380882143974304,0.6161084175109863,0.48686134815216064,0.6769232153892517,0.44623371958732605,0.4939621388912201,0.3451477587223053,0.6140941381454468,0.47335803508758545,0.6717059016227722,0.4491980969905853,0.4800688326358795,0.34941256046295166,0.5869600772857666,0.44793039560317993,0.9991577863693237,0.48739612102508545,0.4518786072731018,0.998924970626831,0.604446530342102,0.6693989634513855,0.9640932679176331,0.5212870240211487,0.6758712530136108,0.8818748593330383,0.6055090427398682,0.8878522515296936,0.9465612769126892,0.5353256464004517,0.8656330704689026,0.9191838502883911,0.5946292281150818,0.9017279148101807,0.8388258218765259,0.5317696928977966,0.8802809715270996,0.7947790026664734,0.61262047290802,0.9616674780845642,0.9251522421836853,0.553592324256897,0.9492107629776001,0.9139164090156555
426,0.516997754573822,0.006937312427908182,0.9997933506965637,0.5288664698600769,-0.009723469614982605,0.9997309446334839,0.5375895500183105,-0.00892973318696022,0.9997463822364807,0.546379029750824,-0.007898685522377491,0.9997739791870117,0.5059524774551392,-0.009872499853372574,0.9996981024742126,0.49782049655914307,-0.009212024509906769,0.999692976474762,0.48983386158943176,-0.008456964045763016,0.999703586101532,0.5580124855041504,0.0035945852287113667,0.9996976256370544,0.47809216380119324,0.007018260192126036,0.999531090259552,0.5326302647590637,0.03276115655899048,0.999864399433136,0.5052118301391602,0.030714591965079308,0.9997639060020447,0.6215125918388367,0.15105319023132324,0.999774694442749,0.42739778757095337,0.15702494978904724,0.9993626475334167,0.6263940930366516,0.3056749999523163,0.872748851776123,0.43359655141830444,0.31374120712280273,0.5602788925170898,0.6247572302818298,0.42985662817955017,0.6800480484962463,0.4360008239746094,0.43968161940574646,0.36968958377838135,0.6204198598861694,0.47430649399757385,0.639123260974884,0.4369819164276123,0.4831452965736389,0.33867767453193665,0.6162428259849548,0.4732983112335205,0.643088161945343,0.444155216217041,0.48090696334838867,0.34584811329841614,0.6140415668487549,0.45824626088142395,0.6375223398208618,0.4479890465736389,0.46655628085136414,0.3505258560180664,0.5863212943077087,0.44077733159065247,0.9991457462310791,0.4871220886707306,0.4445682466030121,0.9989808201789856,0.6041048169136047,0.6437780261039734,0.9654606580734253,0.5196465849876404,0.6637471318244934,0.8927181959152222,0.5891653895378113,0.7861934900283813,0.947779655456543,0.5278499126434326,0.8404556512832642,0.925403892993927,0.5764371156692505,0.7977389097213745,0.8400439023971558,0.5235168933868408,0.8547986149787903,0.7936955690383911,0.604183554649353,0.88129061460495,0.927651584148407,0.5525662899017334,0.9351058006286621,0.9189435839653015
427,0.5162031650543213,0.012288346886634827,0.999811053276062,0.528583288192749,-0.007117738481611013,0.9997486472129822,0.537701427936554,-0.0066362349316477776,0.9997614026069641,0.54664546251297,-0.0056254263035953045,0.9997864365577698,0.5051955580711365,-0.006563128903508186,0.9997200965881348,0.4970296323299408,-0.005715810693800449,0.9997140169143677,0.4893658459186554,-0.004547923803329468,0.9997243881225586,0.5599027872085571,0.006122681312263012,0.9997120499610901,0.479358971118927,0.010336367413401604,0.9995551705360413,0.5327087044715881,0.03721792623400688,0.9998738765716553,0.5050423741340637,0.03715241327881813,0.999783992767334,0.6240182518959045,0.15555250644683838,0.9997578859329224,0.427471786737442,0.16183756291866302,0.9994173645973206,0.6273415088653564,0.3082013726234436,0.8727118968963623,0.4314551055431366,0.3125893771648407,0.598625898361206,0.6249297261238098,0.4346376955509186,0.6727656126022339,0.4319583475589752,0.439350426197052,0.40613359212875366,0.6206496953964233,0.4760092496871948,0.626600980758667,0.43278324604034424,0.48011359572410583,0.3686337172985077,0.617638885974884,0.47602322697639465,0.6306665539741516,0.43938714265823364,0.4774952828884125,0.3767009377479553,0.6150025725364685,0.46293190121650696,0.6260516047477722,0.44329309463500977,0.464945524930954,0.38148313760757446,0.5851795077323914,0.44122231006622314,0.9991357922554016,0.4865698218345642,0.4450278878211975,0.9990549087524414,0.6048538088798523,0.6413816809654236,0.9646434783935547,0.5184139609336853,0.6599878668785095,0.901751697063446,0.5685549378395081,0.6997526288032532,0.9273962378501892,0.5294644236564636,0.8172953128814697,0.9297436475753784,0.5567476749420166,0.6956525444984436,0.8136716485023499,0.5321277976036072,0.8289246559143066,0.7912895083427429,0.5797393918037415,0.7762473821640015,0.9114496111869812,0.5512261986732483,0.9152378439903259,0.9216660857200623
428,0.515224814414978,0.01689179800450802,0.9998285174369812,0.5289993286132812,-0.001973067643120885,0.9997687339782715,0.5385361313819885,-0.0017071053152903914,0.9997795820236206,0.5475770235061646,-0.0011336134048178792,0.99980229139328,0.5048460364341736,-0.0016147819114848971,0.9997434616088867,0.49649056792259216,-0.0010950271971523762,0.9997371435165405,0.4885583221912384,-0.00029916013590991497,0.9997469186782837,0.5628166794776917,0.010907243005931377,0.9997318387031555,0.4799254834651947,0.01485725212842226,0.9995858669281006,0.5321905016899109,0.041349589824676514,0.999884307384491,0.5035776495933533,0.041566502302885056,0.9998036026954651,0.6251979470252991,0.16084446012973785,0.9997557997703552,0.42755207419395447,0.16496223211288452,0.9994681477546692,0.6292160153388977,0.3141438663005829,0.8791475892066956,0.43196916580200195,0.3163359463214874,0.6308517456054688,0.6251742243766785,0.43585506081581116,0.6847019195556641,0.42880964279174805,0.4433450996875763,0.44647619128227234,0.6213197708129883,0.4777166247367859,0.6350630521774292,0.42852237820625305,0.4842347502708435,0.4058414101600647,0.6181619763374329,0.48035722970962524,0.6390315294265747,0.43487706780433655,0.4814627766609192,0.4143173098564148,0.6152986884117126,0.46941515803337097,0.6346750855445862,0.438855916261673,0.4690330922603607,0.41853857040405273,0.5844690799713135,0.4459061920642853,0.9991750717163086,0.48501577973365784,0.449898898601532,0.9991338849067688,0.599330723285675,0.6445043087005615,0.9627993106842041,0.5117508769035339,0.6574819087982178,0.9093207120895386,0.561318576335907,0.6858434081077576,0.9086452722549438,0.546995997428894,0.8093379735946655,0.9332929253578186,0.5491776466369629,0.6923483610153198,0.7936161756515503,0.5643616318702698,0.8191491961479187,0.7958959341049194,0.5700381994247437,0.7704833149909973,0.8956035375595093,0.5476163029670715,0.8871534466743469,0.9239066243171692
429,0.5144035816192627,0.020210694521665573,0.9998443722724915,0.5284446477890015,0.001862664707005024,0.9997875094413757,0.5372547507286072,0.0021456764079630375,0.9997973442077637,0.5464576482772827,0.0027007695753127337,0.9998181462287903,0.5038971900939941,0.002298834500834346,0.9997639656066895,0.49531835317611694,0.002847494324669242,0.9997571110725403,0.48753899335861206,0.003606250975281,0.999765932559967,0.5621586441993713,0.01483248732984066,0.9997518062591553,0.479329377412796,0.019201474264264107,0.999613881111145,0.5319892168045044,0.04478474706411362,0.9998934268951416,0.502179741859436,0.04506475105881691,0.999820351600647,0.6238425374031067,0.16246727108955383,0.999752402305603,0.42667537927627563,0.16937440633773804,0.9994909167289734,0.6290411353111267,0.3173449635505676,0.8725409507751465,0.43750008940696716,0.32008621096611023,0.6277180910110474,0.625830352306366,0.43664759397506714,0.664402186870575,0.4303228557109833,0.4472671151161194,0.4267863929271698,0.6253106594085693,0.47848618030548096,0.6148370504379272,0.4305596947669983,0.4867807626724243,0.38811370730400085,0.6202185750007629,0.48311808705329895,0.6185244917869568,0.4368000328540802,0.48450109362602234,0.39687907695770264,0.6162574887275696,0.47213461995124817,0.6138443946838379,0.4406575560569763,0.4727545380592346,0.40311241149902344,0.582974910736084,0.45416882634162903,0.9992270469665527,0.4773949980735779,0.4520231783390045,0.9992075562477112,0.5904509425163269,0.6468135714530945,0.9642975926399231,0.49394890666007996,0.6508127450942993,0.9173665046691895,0.5099783539772034,0.7378807663917542,0.915478527545929,0.5904598832130432,0.7981690168380737,0.938850998878479,0.4830273389816284,0.7489993572235107,0.7996391654014587,0.6173714399337769,0.8109430074691772,0.8073261380195618,0.5370292663574219,0.8545108437538147,0.9022413492202759,0.5807863473892212,0.8840851783752441,0.9297130107879639
430,0.5133531093597412,0.02392529882490635,0.9998595714569092,0.5271009802818298,0.007401259616017342,0.9998074769973755,0.5356788635253906,0.007981470786035061,0.999816358089447,0.5446475744247437,0.008670964278280735,0.999835193157196,0.5035261511802673,0.007268780376762152,0.9997860789299011,0.49507904052734375,0.008273636922240257,0.9997796416282654,0.4874095022678375,0.00956727284938097,0.9997876286506653,0.5601187348365784,0.02325352095067501,0.9997744560241699,0.4788774251937866,0.027338732033967972,0.9996488690376282,0.5312038660049438,0.04871916398406029,0.9999035000801086,0.5019363164901733,0.04875047504901886,0.9998376369476318,0.6232954859733582,0.1719295233488083,0.9997654557228088,0.4263737201690674,0.17549355328083038,0.9995321035385132,0.6288524270057678,0.3231981694698334,0.8758741617202759,0.43622907996177673,0.32894662022590637,0.6494421362876892,0.6240532994270325,0.4558835029602051,0.6688840985298157,0.42880409955978394,0.45687004923820496,0.43873411417007446,0.6251145601272583,0.4947482645511627,0.6163572669029236,0.4305923581123352,0.49350887537002563,0.3969135880470276,0.6197329759597778,0.498260498046875,0.6198577284812927,0.43714404106140137,0.493973970413208,0.4065430164337158,0.6151342988014221,0.4863530993461609,0.6148824691772461,0.4410881996154785,0.48383650183677673,0.4141051173210144,0.5767658352851868,0.4730088412761688,0.9992744326591492,0.47101110219955444,0.4667145907878876,0.9992754459381104,0.5518221259117126,0.6655806303024292,0.9651247262954712,0.49513402581214905,0.6664767265319824,0.9245730638504028,0.4774315357208252,0.8012837767601013,0.9227672815322876,0.6227558851242065,0.8077672123908997,0.9438385963439941,0.45329686999320984,0.8189795613288879,0.8112918138504028,0.6459646224975586,0.8194636106491089,0.8173853158950806,0.4924468696117401,0.8884907960891724,0.9098572134971619,0.6316331624984741,0.9048770666122437,0.9349170327186584
431,0.5129839777946472,0.039541956037282944,0.9998722076416016,0.5269420146942139,0.021976079791784286,0.9998219609260559,0.5352598428726196,0.022477619349956512,0.9998303651809692,0.544165313243866,0.023260850459337234,0.9998470544815063,0.5027326345443726,0.022649161517620087,0.999803364276886,0.494738906621933,0.023992829024791718,0.999797523021698,0.4870089292526245,0.025424042716622353,0.9998046159744263,0.5599856972694397,0.03704015910625458,0.9997850060462952,0.4788804352283478,0.040482256561517715,0.9996744990348816,0.5304076671600342,0.06211751326918602,0.9999107122421265,0.5015444159507751,0.06241035833954811,0.9998519420623779,0.6231672763824463,0.18724702298641205,0.999752402305603,0.4264199137687683,0.18835414946079254,0.9995742440223694,0.62837153673172,0.3319694697856903,0.8723164200782776,0.43476083874702454,0.336556613445282,0.6712849140167236,0.6225568056106567,0.4663528501987457,0.6588059067726135,0.42796680331230164,0.46225666999816895,0.4511415362358093,0.6236583590507507,0.5065985918045044,0.606813371181488,0.4308145344257355,0.5000960826873779,0.406381756067276,0.6172898411750793,0.5096467137336731,0.6118975877761841,0.4376538097858429,0.5002032518386841,0.41676661372184753,0.6125321388244629,0.49637293815612793,0.6044830679893494,0.44152018427848816,0.48903483152389526,0.42565104365348816,0.5672279596328735,0.4805466830730438,0.999172031879425,0.4703748822212219,0.47170841693878174,0.9993285536766052,0.5284065008163452,0.6698036789894104,0.9512279033660889,0.514054536819458,0.6775481700897217,0.9291939735412598,0.45697352290153503,0.8168449401855469,0.9249855279922485,0.6232835054397583,0.8943659663200378,0.947834312915802,0.4245362877845764,0.8463930487632751,0.8163977861404419,0.6330791711807251,0.9198310971260071,0.8155407905578613,0.48811107873916626,0.8971078395843506,0.9125663638114929,0.6338213682174683,0.9439855813980103,0.938166081905365
432,0.5123546719551086,0.046227581799030304,0.9998844265937805,0.52569979429245,0.028384121134877205,0.9998376369476318,0.534500241279602,0.028575070202350616,0.9998452067375183,0.5430716872215271,0.029064994305372238,0.9998599290847778,0.5014920830726624,0.03005314990878105,0.9998213052749634,0.49403321743011475,0.0315893180668354,0.9998161196708679,0.4864557385444641,0.033326879143714905,0.9998224377632141,0.5573932528495789,0.04366513714194298,0.9997992515563965,0.4785957336425781,0.04871291667222977,0.9997033476829529,0.5298721790313721,0.0688571110367775,0.9999187588691711,0.5006569623947144,0.06987261027097702,0.9998661279678345,0.6227447390556335,0.1973048746585846,0.9997527003288269,0.4264717102050781,0.20048858225345612,0.9996148347854614,0.6279094815254211,0.3456355929374695,0.8711795210838318,0.43448883295059204,0.35337671637535095,0.6993480920791626,0.6194917559623718,0.4770331382751465,0.6607130765914917,0.4286670684814453,0.47975730895996094,0.4883421063423157,0.6204460263252258,0.519361138343811,0.6087967753410339,0.4310755729675293,0.5213792324066162,0.4415746033191681,0.6125730872154236,0.5208428502082825,0.6152336597442627,0.4384392499923706,0.5193256139755249,0.45192620158195496,0.6074619293212891,0.5065056085586548,0.6061543226242065,0.44285425543785095,0.5059733986854553,0.4602850377559662,0.5656405091285706,0.48653003573417664,0.9991114139556885,0.4708746075630188,0.4790154695510864,0.9993799924850464,0.5271744132041931,0.6784008741378784,0.933910071849823,0.5256103873252869,0.6892433166503906,0.9330635666847229,0.4482778012752533,0.8211389183998108,0.923395037651062,0.6152772903442383,0.9188256859779358,0.9511370062828064,0.4198276400566101,0.8503891229629517,0.8207857012748718,0.6200512647628784,0.9440349340438843,0.8133035898208618,0.4838690161705017,0.8981391787528992,0.912263810634613,0.6190325617790222,0.9618101119995117,0.940239667892456
433,0.5122263431549072,0.05035775899887085,0.9998950362205505,0.5254152417182922,0.03283686563372612,0.9998504519462585,0.533934473991394,0.03283202275633812,0.9998573660850525,0.5427075624465942,0.03319864720106125,0.9998703598976135,0.5011908411979675,0.0345272496342659,0.9998360872268677,0.4939190447330475,0.035831108689308167,0.9998314380645752,0.48636865615844727,0.03739305958151817,0.9998370409011841,0.5570494532585144,0.047562021762132645,0.9998102784156799,0.47852084040641785,0.052759699523448944,0.9997262358665466,0.5294615626335144,0.07347330451011658,0.9999254941940308,0.5002447962760925,0.07439371943473816,0.9998783469200134,0.6225571036338806,0.20289857685565948,0.9997502565383911,0.4266108572483063,0.2052028924226761,0.9996491074562073,0.6267066597938538,0.3524992763996124,0.8702058792114258,0.43390050530433655,0.35931798815727234,0.7223901748657227,0.6189310550689697,0.4832371473312378,0.660544753074646,0.4289276599884033,0.4849507212638855,0.5110862851142883,0.6201485395431519,0.5251767635345459,0.6080758571624756,0.43064671754837036,0.5275326371192932,0.460898756980896,0.6122275590896606,0.5270921587944031,0.6154918074607849,0.4388062655925751,0.5257497429847717,0.47170737385749817,0.6070796847343445,0.5130829215049744,0.6054548025131226,0.4431626498699188,0.5116348266601562,0.48116859793663025,0.565596342086792,0.4882749319076538,0.9990595579147339,0.4714242219924927,0.48292288184165955,0.9994215965270996,0.5306679010391235,0.6831048727035522,0.9250730276107788,0.5265498757362366,0.6960397362709045,0.9364966154098511,0.45350977778434753,0.8210217952728271,0.9233702421188354,0.6151314377784729,0.9202311038970947,0.9538694620132446,0.4258672893047333,0.8452927470207214,0.823314368724823,0.6194646954536438,0.942207396030426,0.8093067407608032,0.4829297363758087,0.8990568518638611,0.9125098586082458,0.6109998226165771,0.9686466455459595,0.9419084191322327
434,0.510633111000061,0.04907966032624245,0.9999045729637146,0.5236693024635315,0.03143857419490814,0.9998622536659241,0.5326294898986816,0.03151471167802811,0.9998685121536255,0.5417969226837158,0.03193885460495949,0.9998802542686462,0.4990675151348114,0.03292182832956314,0.9998495578765869,0.491280734539032,0.034143514931201935,0.9998451471328735,0.4846492409706116,0.03560463711619377,0.9998502135276794,0.5562677383422852,0.046095844358205795,0.999822735786438,0.47848638892173767,0.05113298073410988,0.9997467994689941,0.5292931199073792,0.07233966141939163,0.9999316334724426,0.4988396167755127,0.07316171377897263,0.9998891949653625,0.6225684881210327,0.20009420812129974,0.9997470378875732,0.42666855454444885,0.20306982100009918,0.9996767640113831,0.625594437122345,0.3505192697048187,0.8709763884544373,0.43369340896606445,0.3569848835468292,0.7384982109069824,0.6189059019088745,0.48288625478744507,0.6570163369178772,0.42822685837745667,0.48374485969543457,0.5162340402603149,0.6201973557472229,0.5248730778694153,0.6021506190299988,0.42993777990341187,0.5260642170906067,0.46217110753059387,0.6121871471405029,0.5271457433700562,0.6102971434593201,0.4387474060058594,0.5247376561164856,0.4734819531440735,0.6071417331695557,0.5133485794067383,0.6002615094184875,0.4434557557106018,0.5111213326454163,0.484266459941864,0.5651335120201111,0.48667022585868835,0.9990259408950806,0.47044244408607483,0.4821234345436096,0.9994535446166992,0.5278609991073608,0.6832677125930786,0.9222815632820129,0.5244660973548889,0.69532310962677,0.9396473169326782,0.45329347252845764,0.8208737969398499,0.9247651696205139,0.6123138666152954,0.9100106358528137,0.9561421275138855,0.4259442090988159,0.8433263897895813,0.8249679803848267,0.6183652877807617,0.9287063479423523,0.8069917559623718,0.47976312041282654,0.8995627760887146,0.9134589433670044,0.6047764420509338,0.9604669213294983,0.9433639645576477
435,0.5102118849754333,0.04394703358411789,0.9999136924743652,0.5235225558280945,0.027096446603536606,0.9998747706413269,0.5322798490524292,0.02739669755101204,0.999880313873291,0.5412870049476624,0.027715759351849556,0.9998909831047058,0.49800795316696167,0.0277932807803154,0.9998631477355957,0.48999664187431335,0.028676435351371765,0.9998589158058167,0.4836886525154114,0.02978678233921528,0.9998635649681091,0.5556429028511047,0.04055783525109291,0.9998380541801453,0.4783116281032562,0.04602512717247009,0.9997686147689819,0.5290292501449585,0.06745060533285141,0.9999379515647888,0.4981755018234253,0.06855446845293045,0.999899685382843,0.6232686638832092,0.19399699568748474,0.9997617602348328,0.4275338351726532,0.1946413218975067,0.9997022151947021,0.6259129047393799,0.3462306261062622,0.8740739822387695,0.43357157707214355,0.35298898816108704,0.7550479173660278,0.6184613704681396,0.4827640652656555,0.6592128276824951,0.42821159958839417,0.48286721110343933,0.5255163311958313,0.6191825270652771,0.523888349533081,0.600104570388794,0.42934003472328186,0.5255427360534668,0.46712160110473633,0.6109746694564819,0.526244580745697,0.6083774566650391,0.43901365995407104,0.523927628993988,0.4787314534187317,0.6060529351234436,0.5118232369422913,0.5993648767471313,0.4436812400817871,0.509873628616333,0.4898470640182495,0.5654206275939941,0.48162901401519775,0.9990817904472351,0.47023069858551025,0.4752100110054016,0.9994884133338928,0.5295434594154358,0.6822177171707153,0.925118088722229,0.5228697657585144,0.6943330764770508,0.9434266090393066,0.4546276032924652,0.8199440240859985,0.9288848042488098,0.6130600571632385,0.8870624303817749,0.9585826396942139,0.4278980791568756,0.8407508134841919,0.8313047289848328,0.6258923411369324,0.896731972694397,0.8104784488677979,0.47940418124198914,0.8990601301193237,0.9170560240745544,0.6017512679100037,0.9561582207679749,0.9458191990852356
436,0.5074521899223328,0.034875161945819855,0.9999218583106995,0.5222098231315613,0.014368738047778606,0.9998856782913208,0.5315872430801392,0.014429572969675064,0.9998905658721924,0.5411872267723083,0.015021747909486294,0.9999004006385803,0.4956042468547821,0.01563381776213646,0.9998751282691956,0.4876134693622589,0.016459722071886063,0.9998708963394165,0.4817957878112793,0.017667505890130997,0.9998753070831299,0.5552092790603638,0.02728113904595375,0.9998517036437988,0.47823622822761536,0.03319571912288666,0.9997877478599548,0.5282092094421387,0.05809647589921951,0.9999434947967529,0.49679234623908997,0.058769967406988144,0.999908983707428,0.6247965693473816,0.18139305710792542,0.9997683167457581,0.428129106760025,0.1851024180650711,0.9997210502624512,0.6263728141784668,0.3386020362377167,0.8750348091125488,0.4343743324279785,0.3453291058540344,0.7628540992736816,0.6179390549659729,0.48062437772750854,0.6473237872123718,0.4284106492996216,0.4821576476097107,0.5185115933418274,0.616759717464447,0.5234707593917847,0.5847843289375305,0.4294723868370056,0.5226482152938843,0.45753592252731323,0.6091625094413757,0.5261005163192749,0.5925697088241577,0.43921342492103577,0.5213671326637268,0.46918272972106934,0.604595959186554,0.5116409063339233,0.58575439453125,0.4438308775424957,0.5088294744491577,0.4814537763595581,0.5656127333641052,0.472543329000473,0.9991374611854553,0.47049298882484436,0.46662017703056335,0.9995220899581909,0.5300100445747375,0.6809893250465393,0.930223286151886,0.5218334197998047,0.690184473991394,0.9478880167007446,0.4546460807323456,0.8183789849281311,0.934373676776886,0.6166425347328186,0.8610376715660095,0.9617849588394165,0.4244571626186371,0.8298119306564331,0.8406856656074524,0.6355389356613159,0.8707815408706665,0.8213199973106384,0.47630611062049866,0.898980975151062,0.9223760962486267,0.5934993624687195,0.9434147477149963,0.9495500922203064
437,0.5046986937522888,0.028249554336071014,0.9999284148216248,0.520317554473877,0.00687338225543499,0.9998924732208252,0.5300806164741516,0.006513975095003843,0.9998968839645386,0.5399885177612305,0.00672798091545701,0.9999063014984131,0.49349647760391235,0.009347385726869106,0.999883234500885,0.4858834445476532,0.010461456142365932,0.9998783469200134,0.48038041591644287,0.0119035504758358,0.9998825788497925,0.5546884536743164,0.01789904572069645,0.9998605847358704,0.4781011939048767,0.02607784792780876,0.9997954368591309,0.5265015363693237,0.05074838548898697,0.9999474287033081,0.4954293966293335,0.05218679457902908,0.9999162554740906,0.6252937316894531,0.1718260496854782,0.9997590184211731,0.4296523630619049,0.1784096658229828,0.9997347593307495,0.6270384192466736,0.3332007825374603,0.874409556388855,0.4358103573322296,0.3424127697944641,0.7561495304107666,0.6180236339569092,0.4700731635093689,0.6304556727409363,0.4298343360424042,0.477596253156662,0.5001546740531921,0.6161150336265564,0.5119227170944214,0.5666618347167969,0.4297255575656891,0.5156288743019104,0.4400409758090973,0.6083340048789978,0.5135433673858643,0.5742459297180176,0.43963339924812317,0.5144991278648376,0.4519108533859253,0.6037513613700867,0.5009685754776001,0.5675291419029236,0.443869948387146,0.5034909844398499,0.46479108929634094,0.5659186244010925,0.4663487672805786,0.9991551637649536,0.4706811308860779,0.46186766028404236,0.9995526671409607,0.5540867447853088,0.6694424748420715,0.9354336261749268,0.5245470404624939,0.6859961152076721,0.9522580504417419,0.45635485649108887,0.7753803730010986,0.9381304979324341,0.6207250952720642,0.862277626991272,0.9650004506111145,0.4226631224155426,0.777893602848053,0.8452582955360413,0.6416150331497192,0.8731440305709839,0.8316223621368408,0.4642319083213806,0.875620424747467,0.9256811141967773,0.5957546234130859,0.9473750591278076,0.953347384929657
438,0.5032491683959961,0.025391345843672752,0.9999338388442993,0.5195179581642151,0.003693941980600357,0.9998981952667236,0.5295572876930237,0.0032372348941862583,0.9999023675918579,0.5398146510124207,0.0034131682477891445,0.9999114274978638,0.4919317364692688,0.006285033188760281,0.9998904466629028,0.48456090688705444,0.007440153043717146,0.9998850226402283,0.47898584604263306,0.008958169259130955,0.9998884201049805,0.5546168088912964,0.014907087199389935,0.9998695254325867,0.47782886028289795,0.023566115647554398,0.9998008608818054,0.5258911848068237,0.04829465597867966,0.9999507665634155,0.49414151906967163,0.04974798485636711,0.9999226927757263,0.6257520318031311,0.16918256878852844,0.9997351169586182,0.43057700991630554,0.17693601548671722,0.999735951423645,0.6278041005134583,0.33163416385650635,0.8729338645935059,0.4394111931324005,0.34157657623291016,0.7329168915748596,0.6210915446281433,0.463632196187973,0.6091707348823547,0.4399518668651581,0.470001757144928,0.4702017903327942,0.617521345615387,0.5032891035079956,0.5459396243095398,0.44255530834198,0.5052773952484131,0.41419458389282227,0.6105270981788635,0.5049853324890137,0.553878903388977,0.45050501823425293,0.503966748714447,0.42581430077552795,0.6058155298233032,0.49415841698646545,0.5468505024909973,0.4528633952140808,0.49374428391456604,0.438711017370224,0.5680158734321594,0.4645680785179138,0.9991487264633179,0.47278788685798645,0.461714506149292,0.9995753169059753,0.5766375660896301,0.6672512292861938,0.9402426481246948,0.5325638055801392,0.6858134865760803,0.956068217754364,0.45648473501205444,0.7313240766525269,0.9374380111694336,0.6236790418624878,0.8792122006416321,0.9679352045059204,0.41894689202308655,0.7294608950614929,0.8441405892372131,0.6434763669967651,0.8958384990692139,0.841171145439148,0.4519293010234833,0.8308852910995483,0.9238839149475098,0.6020753383636475,0.9644168615341187,0.9566910266876221
439,0.5036228895187378,0.026296943426132202,0.9999386668205261,0.5195191502571106,0.004855716601014137,0.9999032616615295,0.5294860005378723,0.004376768600195646,0.9999073147773743,0.5395232439041138,0.004630151204764843,0.9999159574508667,0.4920822083950043,0.007199687417596579,0.9998969435691833,0.4846094846725464,0.008284494280815125,0.9998910427093506,0.4790343940258026,0.009902255609631538,0.9998933672904968,0.5543662905693054,0.01688680425286293,0.9998776316642761,0.47767555713653564,0.024027999490499496,0.9998047947883606,0.5261288285255432,0.04908406361937523,0.9999536275863647,0.4940643608570099,0.050010792911052704,0.9999282956123352,0.6258036494255066,0.17082814872264862,0.9997220635414124,0.43070241808891296,0.17782928049564362,0.999733567237854,0.6287732720375061,0.33162617683410645,0.874788224697113,0.44065573811531067,0.3423584997653961,0.7137709856033325,0.622897744178772,0.46428850293159485,0.6013010740280151,0.44522950053215027,0.469657301902771,0.4466644525527954,0.6203416585922241,0.5037407875061035,0.5378299951553345,0.4478716552257538,0.5048182010650635,0.3944234549999237,0.6132199168205261,0.5053971409797668,0.5461816787719727,0.45550674200057983,0.5040184259414673,0.4059353768825531,0.6084266901016235,0.4943908154964447,0.5379100441932678,0.4578099846839905,0.49368253350257874,0.41885530948638916,0.5730895400047302,0.4650663137435913,0.9991521835327148,0.4751766622066498,0.4637320637702942,0.9995972514152527,0.5936614274978638,0.6684567928314209,0.9446236491203308,0.5391848087310791,0.6866926550865173,0.9591989517211914,0.45008552074432373,0.7136061787605286,0.9333975911140442,0.6324073076248169,0.8856155276298523,0.970434308052063,0.41232722997665405,0.7084891200065613,0.8387444615364075,0.6533395648002625,0.9060320258140564,0.8485068678855896,0.44751983880996704,0.8084138631820679,0.9187129735946655,0.6050101518630981,0.9700522422790527,0.9593617916107178
440,0.5037908554077148,0.026925835758447647,0.9999430179595947,0.519467294216156,0.0057437242940068245,0.999907374382019,0.5293802618980408,0.005287117790430784,0.9999111294746399,0.5392832159996033,0.005601848941296339,0.9999194741249084,0.49213823676109314,0.007989199832081795,0.9999024868011475,0.48462554812431335,0.009098613634705544,0.9998960494995117,0.47906404733657837,0.01077237632125616,0.9998976588249207,0.5542401075363159,0.018310774117708206,0.9998841881752014,0.47758063673973083,0.025032006204128265,0.9998089075088501,0.5261795520782471,0.04952472075819969,0.999955952167511,0.4939943850040436,0.05029549077153206,0.9999330043792725,0.6258329749107361,0.17185834050178528,0.9997038245201111,0.4313134551048279,0.1784137785434723,0.9997311234474182,0.6292867064476013,0.33179110288619995,0.8737027645111084,0.44117432832717896,0.3429899215698242,0.6998558044433594,0.6266531348228455,0.4643440246582031,0.5846792459487915,0.4470261037349701,0.4696207344532013,0.4264574646949768,0.6262169480323792,0.5038439035415649,0.522045373916626,0.4488511085510254,0.5053454041481018,0.3767222464084625,0.6191340088844299,0.5063034296035767,0.530692994594574,0.45718124508857727,0.5052167773246765,0.38817673921585083,0.6141372323036194,0.49525582790374756,0.5229064226150513,0.4597529172897339,0.49413812160491943,0.40113693475723267,0.5769387483596802,0.4653996229171753,0.9991446137428284,0.47915396094322205,0.4641292095184326,0.9996099472045898,0.5906120538711548,0.6685746312141418,0.9483820796012878,0.5428786277770996,0.6869620680809021,0.9617825746536255,0.452046275138855,0.7342641353607178,0.9339920878410339,0.6347945332527161,0.8875108361244202,0.9726468324661255,0.4153430163860321,0.7344197034835815,0.8352129459381104,0.6550994515419006,0.9083430767059326,0.8563937544822693,0.4517728090286255,0.8275166749954224,0.9183751344680786,0.6036804914474487,0.9719149470329285,0.9618854522705078
441,0.5037927031517029,0.02667791023850441,0.9999483823776245,0.5194110870361328,0.005499756895005703,0.9999154806137085,0.5293489098548889,0.005093451589345932,0.9999186992645264,0.5391419529914856,0.005405739415436983,0.9999263286590576,0.49191009998321533,0.00783834420144558,0.9999111294746399,0.4843282103538513,0.008883601054549217,0.9999050498008728,0.4787532687187195,0.010364880785346031,0.9999065399169922,0.5540761947631836,0.01771872118115425,0.9998934864997864,0.4773784577846527,0.025132745504379272,0.9998250007629395,0.5261791944503784,0.04937494173645973,0.9999598860740662,0.4939398765563965,0.05049538239836693,0.9999391436576843,0.6261399984359741,0.17166171967983246,0.9997192621231079,0.43284904956817627,0.1789381504058838,0.9997501969337463,0.6304753422737122,0.3319152295589447,0.879144549369812,0.44114887714385986,0.3443128168582916,0.7186631560325623,0.6322370767593384,0.4644794762134552,0.6002014875411987,0.4462136924266815,0.4722510576248169,0.4497154653072357,0.6336994171142578,0.5047944188117981,0.5336732864379883,0.4483686089515686,0.5141323208808899,0.3955382704734802,0.6254405379295349,0.5074741840362549,0.5426158905029297,0.4567103981971741,0.5133132338523865,0.40742799639701843,0.6205522418022156,0.4959157407283783,0.5359578728675842,0.45961663126945496,0.4999569356441498,0.42002350091934204,0.579768180847168,0.4595251679420471,0.9991781711578369,0.4821455180644989,0.45834532380104065,0.9996269345283508,0.590200662612915,0.6692366600036621,0.9484239816665649,0.5425791144371033,0.6838463544845581,0.962708055973053,0.45760342478752136,0.7821990251541138,0.9349334836006165,0.6340171694755554,0.8865939378738403,0.9736645817756653,0.41636234521865845,0.7998701930046082,0.8376592397689819,0.6540608406066895,0.9064496159553528,0.8595006465911865,0.477486252784729,0.8593690395355225,0.9183147549629211,0.6031413078308105,0.968638002872467,0.9626615047454834
442,0.5037398934364319,0.025038769468665123,0.9999532699584961,0.5192925930023193,0.0033292132429778576,0.9999228119850159,0.5292568206787109,0.0026763060595840216,0.9999256730079651,0.5390871167182922,0.0027424206491559744,0.999932587146759,0.49166396260261536,0.006413842085748911,0.9999188184738159,0.4840739071369171,0.007620568852871656,0.9999131560325623,0.47843652963638306,0.00917513482272625,0.9999144673347473,0.5539507269859314,0.01449010893702507,0.9999020099639893,0.47716641426086426,0.02430839277803898,0.9998389482498169,0.5261773467063904,0.047180403023958206,0.9999634623527527,0.4939037263393402,0.04907188564538956,0.9999446868896484,0.6276938319206238,0.1676858365535736,0.9997401237487793,0.4338694214820862,0.17917172610759735,0.9997684955596924,0.6353176236152649,0.33197706937789917,0.8865830898284912,0.4413709342479706,0.34433501958847046,0.7285271286964417,0.637885332107544,0.4647243022918701,0.6241163015365601,0.4465053677558899,0.4722767770290375,0.4647881090641022,0.6410470604896545,0.5051106214523315,0.5564985275268555,0.4478205442428589,0.515055775642395,0.4082469344139099,0.6315465569496155,0.5076712965965271,0.5658536553382874,0.4586150646209717,0.5139300227165222,0.42070522904396057,0.626523494720459,0.49605080485343933,0.558727502822876,0.4618438184261322,0.5004023909568787,0.4324781000614166,0.5808754563331604,0.45959192514419556,0.9992133378982544,0.48447147011756897,0.45882734656333923,0.9996468424797058,0.5612569451332092,0.6715044975280762,0.9475045800209045,0.5407962203025818,0.6816153526306152,0.963577389717102,0.4662221670150757,0.8081486225128174,0.9370860457420349,0.6327177882194519,0.8848268389701843,0.974708616733551,0.426790714263916,0.840158224105835,0.8407685160636902,0.6523734927177429,0.9059434533119202,0.8611481189727783,0.49800169467926025,0.872243344783783,0.9207639098167419,0.6028795838356018,0.9683510661125183,0.9637752175331116
