scorer,MediaPipePose,MediaPipePose,MediaPipePose,MediaPipePose,MediaPipePose,MediaPipePose,MediaPipePose,MediaPipePose,MediaPipePose,MediaPipePose,MediaPipePose,MediaPipePose,MediaPipePose,MediaPipePose,MediaPipePose,MediaPipePose,MediaPipePose,MediaPipePose,MediaPipePose,MediaPipePose,MediaPipePose,MediaPipePose,MediaPipePose,MediaPipePose,MediaPipePose,MediaPipePose,MediaPipePose,MediaPipePose,MediaPipePose,MediaPipePose,MediaPipePose,MediaPipePose,MediaPipePose,MediaPipePose,MediaPipePose,MediaPipePose,MediaPipePose,MediaPipePose,MediaPipePose
bodyparts,nose,nose,nose,left_shoulder,left_shoulder,left_shoulder,right_shoulder,right_shoulder,right_shoulder,left_elbow,left_elbow,left_elbow,right_elbow,right_elbow,right_elbow,left_wrist,left_wrist,left_wrist,right_wrist,right_wrist,right_wrist,left_hip,left_hip,left_hip,right_hip,right_hip,right_hip,left_knee,left_knee,left_knee,right_knee,right_knee,right_knee,left_ankle,left_ankle,left_ankle,right_ankle,right_ankle,right_ankle
coords,x,y,likelihood,x,y,likelihood,x,y,likelihood,x,y,likelihood,x,y,likelihood,x,y,likelihood,x,y,likelihood,x,y,likelihood,x,y,likelihood,x,y,likelihood,x,y,likelihood,x,y,likelihood,x,y,likelihood
0,213.2367753982544,74.80002343654631,0.9999971389770508,227.74705410003662,104.12489891052245,0.9995759129524232,193.59049558639526,104.56063985824585,0.99998939037323,224.67397212982178,135.56573152542114,0.4189778566360473,192.4445915222168,138.11550378799438,0.9830636382102966,228.23349952697754,163.5181474685669,0.3148581981658935,189.40174341201782,169.1273009777069,0.9539909958839417,220.80481052398682,164.4756317138672,0.9991727471351624,203.99261713027954,163.97218108177185,0.9999078512191772,209.67134714126587,209.88804817199707,0.7997267842292786,214.77102041244507,210.94730615615845,0.9598381519317628,191.94600105285645,247.20944166183472,0.9437539577484132,231.58211946487427,253.13289642333984,0.9874584674835204
1,213.23014497756958,75.04916310310362,0.9999966025352478,227.85417079925537,104.09874200820921,0.9995439648628236,193.7473726272583,104.61090445518492,0.9999880194664,224.60777521133423,135.19565105438232,0.4127988219261169,192.72472143173218,138.11339020729065,0.9823423027992249,228.06829690933228,162.44782805442807,0.3081340193748474,189.9398159980774,169.10793542861938,0.9521722197532654,220.89572668075562,164.47425842285153,0.9991529583930968,204.23734188079834,163.96975636482236,0.999897599220276,210.2954649925232,209.74129915237427,0.7967147827148438,214.67220783233643,210.60492753982544,0.9568762183189392,191.94602251052856,247.22933292388916,0.9437323212623596,231.34522676467896,252.85690784454346,0.9863466620445251
2,213.55222463607788,75.43818533420561,0.9999964237213136,228.37192296981812,104.1494572162628,0.9995315670967102,194.2749309539795,104.73796606063843,0.9999871850013732,225.15468835830688,135.11552810668945,0.4143369495868683,193.06077003479004,138.24064493179318,0.9820214509963988,228.3174204826355,162.45653986930844,0.310191810131073,190.85985660552979,169.09685254096985,0.951371729373932,221.04271173477173,164.50208902359006,0.9991437792778016,204.6089243888855,163.97729873657227,0.9998921751976012,210.8609390258789,209.3822693824768,0.7947169542312622,214.66980457305908,210.37217617034912,0.9550174474716188,192.03998565673828,247.18131065368652,0.9438355565071106,231.29879236221313,252.83244609832764,0.985569179058075
3,214.51917171478271,75.67008376121521,0.9999964237213136,230.3288197517395,104.25144553184509,0.9995390176773072,194.87529516220093,104.74336266517638,0.9999868869781494,227.0997190475464,135.59980630874634,0.4290722012519836,193.6379599571228,138.1162977218628,0.981535792350769,229.5579743385315,163.78614306449887,0.3208265602588653,191.80472373962402,168.91205906867978,0.9506406784057616,221.82005882263184,164.60729598999023,0.9991601705551147,205.35176753997803,164.01688814163208,0.9998903274536132,211.79687976837158,209.3398904800415,0.7971928715705872,215.06559133529663,210.36423683166504,0.9541534185409546,192.65644311904907,247.21914052963257,0.9450143575668336,231.4170241355896,252.85871028900146,0.9849138259887696
4,215.5088210105896,76.18807196617125,0.9999964833259584,231.41058683395386,104.59459662437438,0.9995594620704652,195.71334600448608,104.94424939155577,0.9999873042106628,229.74950551986694,136.13516449928284,0.4476049542427063,194.8258352279663,138.21607589721677,0.981817364692688,231.87480211257935,164.68928575515744,0.3413535952568054,192.72113800048828,168.9130675792694,0.9517794251441956,222.80951499938965,164.77946162223813,0.9991752505302428,206.25264644622803,164.07744169235227,0.9998919367790222,212.5669527053833,209.34308767318726,0.7959360480308533,216.1323595046997,210.43691396713257,0.9547519683837892,193.26107740402222,247.56797790527344,0.9453707933425904,232.20690250396729,253.0039143562317,0.9848522543907166
5,216.6052222251892,76.45880877971648,0.9999964237213136,232.95472383499146,104.69118833541869,0.999571681022644,196.71275854110718,105.30071496963501,0.9999871850013732,231.08297109603882,136.37447118759152,0.4676287770271301,196.11215829849243,138.45761418342587,0.981338381767273,233.17288398742676,165.4421818256378,0.3563636839389801,193.83371829986572,168.91081452369687,0.9513883590698242,224.25625562667847,165.0391101837158,0.9991851449012756,207.03080892562866,164.22048926353455,0.9998915791511536,213.35305452346802,209.90723133087158,0.795306384563446,217.34748601913452,211.06626749038696,0.9538511633872986,194.15131330490112,248.3683705329895,0.9452624917030334,234.21407461166382,253.79814863204956,0.9842549562454224
6,217.59098768234253,76.54689252376556,0.9999963641166688,234.66389179229736,104.94725346565247,0.999584436416626,197.86731004714966,105.6253159046173,0.9999865889549256,232.84230709075928,136.35985851287842,0.4884284436702728,197.1051549911499,138.46470594406128,0.9802356362342834,234.7917366027832,165.40856838226318,0.3657990396022796,194.9561047554016,168.90062212944028,0.948028564453125,225.61212301254272,165.2823758125305,0.9991949200630188,207.5221037864685,164.26005721092224,0.999887764453888,214.1934871673584,210.38215398788452,0.7944558262825012,218.3676052093506,211.2104845046997,0.9521979093551636,194.9107003211975,249.70325231552124,0.9450276494026184,235.34740447998047,254.2409062385559,0.9834351539611816
7,218.6399245262146,76.70524477958679,0.9999964237213136,235.73797702789307,105.13835549354553,0.9996057748794556,198.88972520828247,105.69593310356139,0.9999862909317015,234.409339427948,136.45678281784055,0.5141316056251526,197.98487663269043,138.49250435829163,0.9795969128608704,236.2237572669983,165.34518241882324,0.3879842460155487,195.89477062225342,168.98083090782163,0.9466910362243652,226.46907806396484,165.39205670356748,0.9992135763168336,208.0331826210022,164.3273162841797,0.999886393547058,215.1202654838562,210.73165655136108,0.7946587800979614,219.11079168319702,211.57065153121948,0.950821042060852,195.87957859039307,250.25143146514893,0.9446101188659668,236.3606357574463,254.80779647827148,0.9827731251716614
8,219.0880036354065,77.26920068264008,0.999996542930603,236.5309238433838,105.36975502967833,0.9996302127838136,199.57252979278564,105.74516773223877,0.9999863505363464,235.68463325500488,136.54950141906738,0.541023313999176,198.97684335708618,138.49404931068418,0.9793779253959656,238.22861194610596,165.32934665679932,0.4168485999107361,196.65025234222412,168.97409319877625,0.9466704726219176,227.2470474243164,165.58695673942563,0.9992356896400452,208.77617597579956,164.5549499988556,0.999886393547058,215.6783151626587,211.0441017150879,0.7958904504776001,219.65517282485962,211.80196523666382,0.9505859017372132,196.4570689201355,250.3750705718994,0.9449019432067872,236.76292419433594,255.13129234313965,0.9824718236923218
9,219.36959266662598,77.67468094825743,0.9999966025352478,237.00138330459595,105.59292554855347,0.9996466636657716,200.06054162979126,105.93652725219727,0.9999866485595704,235.75014352798462,136.63951635360715,0.5590891242027283,199.3720293045044,138.66252422332764,0.9795643091201782,238.09829950332642,165.2753913402557,0.4335835874080658,197.1479845046997,169.1082787513733,0.9474270343780518,227.9531979560852,165.70063948631284,0.9992488026618958,209.47567462921143,164.6867859363556,0.999886989593506,216.1457920074463,211.15623950958252,0.7964937090873718,220.08477687835693,211.98757410049438,0.950334131717682,197.01743602752686,250.4435634613037,0.9450822472572328,237.09232091903687,255.47931432724,0.9821731448173524
10,219.57146644592285,78.16395342350005,0.999996781349182,237.0452642440796,105.87816238403319,0.999665915966034,200.2975630760193,106.20295643806456,0.9999871253967284,235.76773881912231,136.93749904632568,0.5759929418563843,199.5040798187256,139.04792547225952,0.9799808263778688,238.134605884552,165.7014763355255,0.4511569738388061,197.3560380935669,169.31919693946838,0.9484764337539672,227.96000003814697,165.82839846611023,0.9992694854736328,209.70638751983643,164.8701202869415,0.9998903274536132,216.2909746170044,211.20415449142456,0.7970110177993774,220.40887355804443,212.02960968017578,0.9506937861442566,197.17811107635498,250.46321868896484,0.9454091191291808,237.19031810760498,255.60930490493774,0.9822016954421996
11,219.6998906135559,78.3691585063934,0.9999969601631165,236.85420513153076,106.19566082954407,0.9996885657310486,200.47162771224976,106.26982927322386,0.999987781047821,235.74952125549316,137.29783773422238,0.5961413383483887,199.64179515838623,139.1895568370819,0.9809136986732484,237.8247356414795,166.08873367309567,0.4782123267650604,197.55362033843994,169.47816610336304,0.9508681297302246,227.68999814987183,165.94009637832642,0.9993023872375488,209.72391843795776,165.2049994468689,0.9998955130577089,216.38744831085205,211.25423669815063,0.7986575961112976,220.48755884170532,212.14528799057007,0.9521429538726808,197.24724769592285,250.53261280059814,0.9463374614715576,237.087664604187,255.6864881515503,0.9825981259346008
12,219.67941999435425,78.3781599998474,0.999997079372406,236.71194076538086,106.31548047065735,0.9997087717056274,200.49763441085815,106.27404570579529,0.999988317489624,235.52754163742065,137.3908245563507,0.6130881309509277,199.66312408447266,139.1769826412201,0.9816135168075562,237.6357364654541,166.01606726646423,0.5007981061935425,197.39798784255981,169.44585084915158,0.9525667428970336,227.4478268623352,165.94531059265134,0.9993273019790648,209.563307762146,165.27033805847165,0.9998984932899476,216.3467001914978,211.26998662948608,0.797654926776886,220.4912281036377,212.14041709899902,0.952852189540863,197.21619844436646,250.69710731506348,0.9467417597770692,236.98162078857422,255.63612699508667,0.9825944304466248
13,219.57565069198608,78.31777811050415,0.9999971985816956,236.48174285888672,106.29327178001404,0.9997262358665466,200.3509283065796,106.15668296813965,0.9999887347221376,235.16677379608154,137.36931324005127,0.627223551273346,199.56100702285767,138.658447265625,0.9820111393928528,237.38300800323486,166.00460886955258,0.519525408744812,197.18100786209106,168.80396604537964,0.9531306028366088,227.29762315750122,165.8378291130066,0.999348282814026,209.4855237007141,165.17318844795227,0.9999016523361206,216.4523148536682,210.5987048149109,0.800407350063324,220.3625249862671,211.33214950561523,0.9548506140708924,197.26282596588135,250.34507274627686,0.9482293725013732,235.2416181564331,254.7072672843933,0.9832260012626648
14,219.47205305099487,76.45185649394989,0.9999971389770508,236.29538297653198,105.29803276062012,0.9997451901435852,200.2923059463501,105.03573417663574,0.999988853931427,234.8751425743103,135.97735404968262,0.6402990818023682,199.66960430145264,137.3726391792297,0.9821895956993104,237.48469591140747,163.8621997833252,0.5444821715354919,197.0374345779419,167.2694742679596,0.9537861943244934,226.91466808319092,164.7713506221771,0.999380886554718,209.40263271331787,164.30773615837094,0.9999037384986876,216.32736682891846,209.99005794525146,0.8017110228538513,220.25841236114502,209.72381114959717,0.9567246437072754,197.23132610321045,249.41799402236938,0.9493016600608826,232.70935535430908,252.29312896728516,0.983719289302826
15,219.22756433486938,73.46534013748166,0.9999971985816956,235.994074344635,102.81789064407349,0.999763250350952,200.1976990699768,102.36111044883728,0.9999889135360718,234.70369577407837,134.1746199131012,0.6513646245002747,199.5586895942688,135.45676946640012,0.9822763800621032,237.554132938385,161.6804051399231,0.5642400979995728,196.72054767608643,165.66175818443295,0.9536722898483276,226.28984212875366,162.55095362663266,0.999413013458252,209.25455331802368,161.9012475013733,0.9999058842658995,216.2840437889099,208.0902600288391,0.8044350147247314,220.07821083068848,207.08110570907593,0.9582144618034364,197.37075805664062,247.73298740386963,0.9500799775123596,230.69759130477905,251.467866897583,0.9841575622558594
16,218.73927354812622,70.55508434772489,0.9999971389770508,235.44782638549805,99.803227186203,0.9997782707214355,200.08747100830078,98.87603044509886,0.9999883770942688,234.59808111190796,130.7213187217712,0.6608976125717163,199.4894027709961,132.41948962211606,0.981820285320282,237.48482465744019,157.65962362289426,0.5802923440933228,196.37967109680176,162.0806872844696,0.9510930776596068,225.930597782135,159.39536690711972,0.9994245171546936,209.02120113372803,158.99283170700073,0.9999027252197266,216.07197761535645,204.54068899154663,0.8074820637702942,220.06505727767944,203.9586067199707,0.9590059518814088,197.63756275177002,245.17362356185913,0.9508548378944396,228.45112323760986,250.34548044204712,0.9843495488166808
17,218.0669403076172,68.0276334285736,0.9999969005584716,234.18057918548584,96.65430307388306,0.9997856020927428,199.81523752212524,95.79078197479247,0.9999876022338868,233.75786304473877,127.67648577690125,0.6556849479675293,199.4390630722046,129.73592877387998,0.981454610824585,237.1986436843872,154.8171579837799,0.5809848308563232,196.12318754196167,159.0568506717682,0.9495164752006532,225.16022443771362,156.87859654426575,0.9994211196899414,208.6942720413208,156.55554056167603,0.9998932480812072,215.8357286453247,202.6663613319397,0.8068140149116516,219.2812728881836,202.28447914123535,0.959075391292572,197.87932634353638,244.08803701400757,0.9498412013053894,226.25696897506714,247.97932147979736,0.9841776490211488
18,216.5521788597107,66.3576418161392,0.9999964833259584,232.91723728179932,94.79322552680968,0.9997921586036682,198.90860795974731,94.29096579551697,0.9999860525131226,232.66047477722168,125.79416513442993,0.6553521752357483,198.8266396522522,128.2482898235321,0.9799848198890686,236.0924792289734,152.23853588104245,0.5845671892166138,195.0335454940796,157.65999913215637,0.9458271265029908,224.32717323303223,154.5539903640747,0.9994255900382996,207.95320987701416,154.26253080368042,0.999885320663452,215.44419050216675,201.6797161102295,0.8115189671516418,218.34850788116455,200.71111679077148,0.9592458605766296,198.1466031074524,243.48419666290283,0.950486660003662,224.78718280792236,245.7333469390869,0.9840738773345948
19,214.83380556106567,65.38398921489716,0.999995768070221,232.03155040740967,94.20938372611998,0.9997912049293518,197.0858645439148,94.45502042770386,0.9999844431877136,231.93930387496948,125.3741955757141,0.6594235301017761,197.70172119140625,128.1092870235443,0.9785733222961426,234.98170137405396,152.66287207603455,0.5854592323303223,193.44359636306763,158.1103527545929,0.9416783452033995,223.90688180923462,153.92316699028015,0.9994281530380248,207.11106061935425,153.7633180618286,0.9998830556869508,214.95182275772095,201.05647802352905,0.8205933570861816,217.2548747062683,200.4431962966919,0.9607282876968384,198.27953338623047,242.5074005126953,0.9527782201766968,224.05993938446045,245.39390802383423,0.984570324420929
20,212.6150393486023,64.82618629932402,0.9999950528144836,230.6980848312378,93.97492647171019,0.9997870326042176,194.98436450958252,94.28560137748717,0.9999814629554749,230.38280725479126,125.06715774536133,0.6644874811172485,196.03662729263306,127.35120892524718,0.9751520156860352,233.09516429901123,152.71238565444946,0.5801536440849304,191.25714540481567,158.2035970687866,0.932532012462616,222.57867336273193,152.86167740821838,0.9994235634803772,205.49115657806396,153.07980537414548,0.9998779296875,214.18932437896729,200.18881559371948,0.8286009430885315,215.50551652908325,200.19574642181396,0.9612216353416444,198.26236724853516,241.62420272827148,0.9546200037002563,223.78603219985962,244.60156202316284,0.9847519993782043
21,210.62119245529175,64.60018336772917,0.9999943375587464,229.34590816497803,93.85245680809021,0.9997692704200744,192.7952742576599,94.55875754356383,0.9999760389328004,228.37902545928955,125.20755529403685,0.659355878829956,194.25362348556519,127.54578709602356,0.969533145427704,230.58483123779297,152.42403745651245,0.5583338141441345,189.59125757217407,158.18090558052063,0.9174807071685792,220.8984088897705,153.33968997001648,0.9994093775749208,202.82630681991577,153.11588644981381,0.9998692870140076,212.30072736740112,200.6370234489441,0.8375319242477417,213.98152828216553,200.3149652481079,0.9617285132408142,197.70575523376465,241.85341358184814,0.9569612741470336,223.51092338562012,245.17107009887695,0.9850646257400512
22,209.0903377532959,65.0631809234619,0.9999932646751404,227.8842544555664,93.80321145057678,0.9997594952583312,190.7148241996765,94.93895530700684,0.999969482421875,227.0316982269287,125.12994289398192,0.6578680872917175,192.35058546066284,127.60201692581177,0.9636990427970886,229.07262325286865,151.85533404350278,0.5433101058006287,188.10894012451172,157.82297015190125,0.9004321098327637,219.24548149108887,153.39075922966003,0.9993904829025269,201.11610889434814,153.04830551147458,0.9998581409454346,210.67369937896729,200.84829568862915,0.8438560962677002,212.5632405281067,200.4408359527588,0.9614758491516112,196.2733268737793,241.87830448150635,0.9584526419639589,222.41201162338257,245.55782318115234,0.985002875328064
23,207.24461317062378,65.68431079387662,0.999992609024048,225.64162731170654,93.7926435470581,0.9997267127037048,189.19379711151123,95.20906448364256,0.9999672174453736,223.50706100463867,124.44953083992004,0.6358499526977539,189.0715742111206,127.68015503883362,0.9628198742866516,225.52695751190186,152.21735715866086,0.5130536556243896,186.02649450302124,157.90144085884094,0.8963285684585571,217.47595310211182,153.62460494041443,0.9993565678596495,199.52811241149902,153.35132002830503,0.99984610080719,209.0307068824768,200.96983194351196,0.8460935354232788,211.11413955688477,200.4793095588684,0.9608298540115356,194.37299251556396,241.8947196006775,0.9588395357131958,221.04788303375244,245.6140422821045,0.9846788644790648
24,205.44182538986206,66.0401326417923,0.9999920725822448,223.91827583312988,93.6724269390106,0.9996987581253052,187.0340609550476,95.41334152221678,0.9999648928642272,221.3978147506714,124.3821859359741,0.6187995672225952,186.87325716018677,128.00341486930844,0.9611545205116272,222.44235277175903,152.39015579223633,0.4832043647766113,184.24439191818237,158.24476361274716,0.8894132971763611,216.33979082107544,153.63007664680478,0.9993305206298828,198.24219703674316,153.39295864105225,0.999837040901184,207.9082989692688,201.02135181427002,0.8508487343788147,209.53311681747437,200.48933029174805,0.9606687426567078,192.33951330184937,241.7142391204834,0.9599296450614928,219.66976404190063,245.73180198669434,0.9846674799919128
25,203.47404956817627,66.2441200017929,0.9999912977218628,221.98824405670166,93.57043862342833,0.9996650218963624,185.22597312927246,95.59351086616516,0.9999629259109496,219.10409688949585,124.35672640800475,0.599236786365509,185.16539812088013,128.23373079299927,0.9600952863693236,219.57346200942993,151.78985595703122,0.4539196193218231,182.57442712783813,158.4398353099823,0.884562075138092,214.8368740081787,153.70382666587827,0.9993182420730592,196.97327613830566,153.57275247573853,0.9998319149017334,206.66723012924194,200.8692169189453,0.8561490774154663,207.51669645309448,200.26722192764282,0.9607625007629396,190.85498571395874,241.2188458442688,0.961336314678192,218.09781789779663,244.600510597229,0.9847275018692015
26,201.25094890594482,66.3521647453308,0.9999908804893494,219.99961137771606,93.53706121444702,0.9996464848518372,183.1657361984253,95.70594906806944,0.999961256980896,217.56210565567017,123.97590637207031,0.5865254998207092,183.15511465072632,128.390736579895,0.9597830176353456,218.3604598045349,151.0474848747253,0.4323518574237823,181.03760719299316,158.57342004776,0.8822135925292969,213.3059549331665,153.7158966064453,0.9993143677711488,195.2102279663086,153.72077822685242,0.9998263716697692,204.56023693084717,200.8224606513977,0.8613951206207275,205.71178436279297,200.27810096740723,0.96077299118042,189.36983585357666,240.98158836364746,0.962709367275238,216.49147510528564,244.32621717453003,0.9846847057342528
27,199.2333483695984,66.36884808540344,0.9999907612800598,218.16410064697266,93.48768711090086,0.999636173248291,181.17536544799805,95.79799175262451,0.9999596476554872,216.2399697303772,123.77721905708313,0.5793938040733337,181.18836879730225,128.47265124320984,0.9590629935264589,216.9876194000244,151.12460374832153,0.4165771603584289,179.36240673065183,158.6144685745239,0.8787674307823181,211.4672040939331,153.57931852340695,0.9993204474449158,193.01549434661865,153.6932802200317,0.9998244047164916,202.76976585388184,200.44278860092163,0.8665363192558289,203.81121397018433,200.00483751296997,0.9611748456954956,187.92202234268188,240.8975386619568,0.96412456035614,214.77155685424805,244.10020351409912,0.984838604927063
28,197.04724073410034,66.37218475341795,0.9999902844429016,216.54046297073364,93.20944547653197,0.9996299743652344,179.24195408821106,95.72146296501158,0.9999574422836304,214.85429763793945,123.44082713127136,0.5769292116165161,179.5136725902557,128.141827583313,0.9569369554519652,216.18578910827637,151.2142968177795,0.4046152830123901,177.54387974739075,158.02619576454163,0.8735674619674683,209.87008810043335,153.27467322349545,0.9993228912353516,191.1159324645996,153.5191833972931,0.9998219013214112,201.29337072372437,200.0357151031494,0.871525764465332,202.09056615829468,199.71513748168945,0.961271107196808,186.37949466705322,240.49258947372437,0.965295433998108,213.29801559448242,244.1867208480835,0.984948754310608
29,195.0000500679016,65.98502397537231,0.9999904036521912,214.86652851104736,92.84890294075011,0.9996374249458312,177.17376708984372,95.53455591201781,0.9999567270278932,213.91820669174194,123.4850513935089,0.5837913751602173,177.458918094635,127.68704295158386,0.9561482667922974,215.55941820144653,151.3160276412964,0.404658168554306,175.55574059486386,157.59357690811157,0.8725809454917908,207.98479557037354,152.92056798934934,0.9993411302566528,189.41210746765137,153.2165551185608,0.999822437763214,199.86454725265503,199.76639986038208,0.8765766620635986,200.06358861923218,199.53148126602173,0.9616857767105104,184.77461099624634,240.20728826522827,0.9663995504379272,211.4936399459839,243.95796060562134,0.9851621985435486
30,193.0350422859192,65.44956386089325,0.9999903440475464,213.0393648147583,92.61050820350646,0.999640941619873,175.08857488632202,95.28952002525328,0.9999560713768004,211.8970012664795,123.09608817100523,0.5860511660575867,175.67161202430722,127.3703384399414,0.9549536108970642,213.56215953826904,151.47527575492856,0.3995376229286194,173.88850092887876,157.19237208366394,0.8690637350082397,205.98152875900269,152.76873350143433,0.999357283115387,187.48600244522095,153.1755816936493,0.999824583530426,198.1430196762085,199.45427656173706,0.8808117508888245,198.6006474494934,199.36548471450806,0.9621737599372864,183.32872867584229,239.79860544204712,0.9673942923545836,210.0564694404602,243.54397773742676,0.9853922128677368
31,191.11655473709106,65.06229579448699,0.9999904036521912,211.04405879974365,92.48964786529541,0.999646782875061,173.08812975883484,95.08248567581177,0.9999560117721558,209.95381593704224,122.92884707450865,0.5883183479309082,173.64282131195068,127.14991450309753,0.9539963603019714,211.79833889007568,151.49870753288266,0.3962147235870361,171.83732986450195,157.0131683349609,0.8667442202568054,204.19328927993774,152.69510149955747,0.9993728399276732,185.60298442840576,153.14984321594238,0.9998281598091124,196.367826461792,199.2826795578003,0.8852302432060242,196.81556224822998,199.2163324356079,0.9628416299819946,181.58602237701416,239.33754444122314,0.9684235453605652,208.52010011672974,243.15746068954468,0.9857158660888672
32,189.11412477493286,64.76331532001494,0.9999905824661256,209.08593893051147,92.36355185508728,0.9996565580368042,170.91169953346252,94.89991307258606,0.9999565482139589,208.3245348930359,122.79832005500792,0.593377411365509,171.63907170295715,126.95838332176207,0.9534092545509338,210.1377511024475,151.56843423843384,0.3941361606121063,169.88659143447873,156.89509749412534,0.8640397787094116,202.29557275772095,152.658451795578,0.9993897080421448,183.67780208587646,153.17286729812622,0.9998313188552856,194.27390098571777,199.22768354415894,0.8889980912208557,195.35369396209717,199.1451358795166,0.9635360836982728,180.1255488395691,239.14292335510254,0.9693284630775452,206.74134492874146,243.0661153793335,0.9859679937362672
33,186.92795276641846,64.15909409523009,0.999990701675415,207.04063653945923,92.17153787612915,0.9996617436408995,169.0259563922882,94.51661467552185,0.9999573826789856,206.35040760040283,122.63282775878905,0.5921119451522827,169.60827469825742,126.58368945121765,0.9532945156097412,208.04532766342163,151.51795506477356,0.3872029483318329,167.7696633338928,156.76580429077146,0.8617092967033386,200.2651834487915,152.56483197212216,0.9994019269943236,181.54662609100342,153.08955788612363,0.9998348355293274,192.3514223098755,199.12627458572388,0.8916488289833069,193.44089269638062,198.94040822982788,0.9643829464912416,178.2125115394592,239.01404857635498,0.9699652194976808,205.25025129318237,242.63202667236328,0.9862537980079652
34,185.18552541732788,63.79927575588226,0.9999908208847046,205.00258684158325,92.10972905158997,0.99966961145401,167.12586879730225,94.14149165153503,0.999958038330078,204.09027099609375,122.66049742698668,0.5916089415550232,167.38475561141965,126.27912998199463,0.9532396197319032,205.6688904762268,151.5618896484375,0.382009357213974,165.46473383903503,156.65022253990173,0.8593911528587341,198.25953483581543,152.50961065292358,0.999421000480652,179.39127802848813,153.01843643188477,0.9998393058776855,190.7997751235962,199.0229344367981,0.8951659202575684,191.68252229690552,198.61714839935303,0.9653456211090088,176.46948337554932,238.95081281661987,0.970922589302063,203.44388008117676,241.88517093658447,0.9865918755531312
35,183.25942039489746,63.80007505416867,0.9999908804893494,202.98882722854614,92.12449193000792,0.9996809363365172,165.02772688865662,93.98033380508421,0.9999587535858154,201.9521427154541,122.84097790718077,0.5970898866653442,165.33621311187744,126.12884044647215,0.9531552195549012,203.4591794013977,152.610901594162,0.3847668766975403,163.49791288375854,156.53236627578733,0.8583657145500183,196.06396436691284,152.5457453727722,0.9994409084320068,177.34065413475034,153.0378234386444,0.9998433589935304,189.38663721084595,199.06765222549438,0.8982043266296387,190.339035987854,198.6625099182129,0.9659913778305054,174.26849484443662,238.89830589294434,0.9715836644172668,202.32239484786987,241.89368963241577,0.9867795705795288
36,181.86649560928345,63.8839316368103,0.9999909996986388,201.0587739944458,92.16408133506773,0.999661922454834,162.93835043907163,94.03851628303528,0.9999585747718812,199.54115867614746,122.88618922233582,0.5867416262626648,163.13937664031982,126.2493896484375,0.9533368349075316,200.4735803604126,152.12010025978088,0.3681592345237732,161.76569938659665,156.55569076538086,0.8582115173339844,194.54647779464722,152.51321554183957,0.9994403123855592,176.45966649055478,152.99498319625854,0.9998440146446228,188.18595170974731,199.08760786056519,0.9028032422065736,188.60759496688843,198.70046854019165,0.9667969346046448,171.8522322177887,238.95536184310913,0.9727776646614076,200.57181358337402,241.60712242126465,0.9871488809585572
37,179.94756817817685,65.01189172267912,0.9999914765357972,199.05911207199097,93.36688041687012,0.999665915966034,161.51124358177185,95.40155053138731,0.9999581575393676,196.88841104507446,124.12388920783997,0.5892554521560669,161.87075614929196,127.71122574806212,0.9528017640113832,198.42718362808228,153.41925501823425,0.3664213120937347,160.12833952903748,157.0902121067047,0.8565513491630554,192.6523232460022,153.4201455116272,0.999456226825714,174.67448472976685,153.47172975540158,0.999847650527954,186.90683841705322,199.9634027481079,0.9073736071586608,186.5860676765442,200.00301361083984,0.9677832126617432,169.54171299934387,238.9752745628357,0.9740153551101683,199.56012725830078,241.5391230583191,0.987518548965454
38,178.9803314208984,68.02296638488768,0.9999915957450868,197.34041690826416,96.36035442352294,0.9996472001075744,160.1232326030731,99.38775300979614,0.999951183795929,195.49033641815186,126.87576055526733,0.5847184062004089,161.342693567276,132.228022813797,0.9520115256309508,195.71386098861694,155.3301680088043,0.3576157987117767,158.40300321578977,160.80587625503537,0.854625403881073,190.61159133911133,156.61146998405454,0.9994463324546814,172.89643764495847,156.4299488067627,0.9998310804367064,185.76971054077148,202.10030794143677,0.9127999544143676,184.28447484970093,203.42926740646362,0.9672672748565674,167.60883808135986,239.0748381614685,0.975327730178833,198.34819793701172,241.738121509552,0.9876272678375244
39,177.2392237186432,71.69883728027342,0.9999918937683104,196.24983072280884,99.71646308898926,0.9996380805969238,158.6700439453125,102.80586361885071,0.999947726726532,195.0644874572754,131.0521852970123,0.5852378606796265,160.4213762283325,136.223452091217,0.951096534729004,194.64672803878784,159.26918506622312,0.3538814187049866,157.2237753868103,164.6571850776672,0.8512213230133057,189.50918197631836,160.90311169624326,0.9994475841522216,171.169695854187,160.66325783729553,0.9998231530189514,184.15469884872437,205.59844493865967,0.916767418384552,182.43613243103027,207.21487283706665,0.9667574167251588,165.30307173728943,239.42519903182983,0.9759705066680908,197.50920295715332,242.7370834350586,0.9874234795570374
40,175.89836597442627,72.54519760608672,0.9999918937683104,195.4343318939209,100.87920069694518,0.9996294975280762,157.38396763801575,103.89788746833801,0.9999436140060424,194.32520627975464,131.55900478363037,0.5895164608955383,159.18585419654846,137.0649254322052,0.94985693693161,192.7724003791809,160.11950969696042,0.3472700417041778,156.12457394599912,165.07044911384583,0.8424205183982849,187.61758089065552,161.67452573776245,0.9994500875473022,169.64138388633728,160.93398928642273,0.9998194575309752,181.1522126197815,206.42735481262207,0.9189465045928956,180.97291231155396,207.48794317245483,0.9666547179222108,162.95985102653503,240.37914276123047,0.9764223694801332,196.0532784461975,244.1607141494751,0.9873126745224
41,173.92470002174375,71.48048400878905,0.9999911785125732,194.58151817321777,99.89709377288818,0.999609649181366,155.95761179924008,102.60936498641966,0.9999420046806335,192.43191003799438,130.40125608444214,0.5838856101036072,157.66615748405454,135.53182840347287,0.9489344954490662,190.9024715423584,159.00378584861753,0.3329660594463348,155.08882284164426,164.056316614151,0.8362866640090942,186.14208698272705,160.43551683425903,0.9994522929191588,167.98250198364255,159.99876737594604,0.9998200535774232,178.90107750892636,205.588059425354,0.9195549488067628,179.52957272529602,206.33922815322876,0.9667876958847046,161.1565804481506,240.64017534255981,0.9767825603485109,193.99505853652954,243.64163160324097,0.9871551990509032
42,172.21216320991516,69.0172719955444,0.9999908208847046,192.72763967514038,98.47811937332153,0.9996016025543212,153.9879584312439,100.18642902374268,0.9999452233314514,190.25586605072021,127.43571996688843,0.578589916229248,155.22840499877927,131.9210064411163,0.949575126171112,189.34558868408203,156.26905918121335,0.3207398951053619,153.4331703186035,160.31723141670227,0.8337563276290894,183.94726753234863,158.56600642204285,0.9994453191757202,165.51077127456665,158.54048252105713,0.999823808670044,177.15209484100342,201.8924045562744,0.9129209518432616,178.93775939941403,202.08702564239502,0.9665277004241944,160.90536475181577,239.7663974761963,0.9755334258079528,190.77494859695435,243.00463914871216,0.9867292046546936
43,170.95179319381714,64.51620340347289,0.9999892115592957,191.30274295806885,93.09512972831725,0.99960595369339,152.39554166793823,93.62760186195374,0.999943733215332,189.75646018981934,121.35133266448975,0.5731422901153564,153.20730686187744,125.36264061927795,0.9480232000350952,187.58586645126343,149.71853613853455,0.3105180263519287,151.0110068321228,154.05062556266785,0.8223200440406799,182.32341527938843,153.52017045021057,0.9994158744812012,163.39494824409485,152.95791506767273,0.999794602394104,177.82991051673886,197.2261118888855,0.8965830206871033,176.38781547546384,197.5145673751831,0.9633612632751464,163.00484776496887,237.01037406921387,0.9701421856880188,179.11207079887387,239.262957572937,0.9844421148300172
44,169.5488905906677,60.15959858894346,0.9999887347221376,189.87033605575562,89.86649572849274,0.9996255040168762,151.05378270149228,89.41269814968108,0.9999467730522156,189.29136514663696,119.15846586227416,0.5817745923995972,151.72144889831543,121.85579180717467,0.9501178860664368,188.42172861099243,148.12953114509583,0.3231910169124603,149.23755168914792,150.5326509475708,0.8264844417572021,180.68752527236938,149.1179251670837,0.9994297623634338,162.0191466808319,148.74162197113037,0.9997977614402772,178.75855565071106,192.45240211486816,0.8841617107391357,175.13410806655884,193.39023113250732,0.9640886783599854,163.946635723114,232.30093002319336,0.9657962918281556,172.62763738632202,235.11984586715698,0.9845872521400452
45,168.1052505970001,58.204016089439364,0.9999879002571106,188.58808994293213,88.14700126647948,0.9996449947357178,149.82287406921384,87.72624850273131,0.9999490976333618,188.71151447296143,118.72472047805786,0.5990582704544067,150.54916262626648,120.82498669624327,0.9494898915290833,188.87523651123047,148.68467330932617,0.3419876992702484,147.36456513404846,150.00677704811096,0.8235998153686523,179.18024182319638,148.2685124874115,0.9994266629219056,160.83192586898804,147.76144623756406,0.9998020529747008,178.83363604545593,190.68943977355957,0.8727995753288269,175.73917150497434,192.6070261001587,0.964651107788086,158.07414293289185,221.55872583389282,0.960846483707428,174.86349463462827,236.24886274337769,0.9850055575370787
46,166.73310756683347,58.22275936603543,0.999987244606018,187.48789072036743,87.94098079204558,0.9996690154075624,148.43960523605347,87.95786261558533,0.9999521374702454,187.5130820274353,119.01710271835326,0.6223084330558777,149.4467210769653,121.08150243759154,0.9442691206932068,188.27116012573242,149.425048828125,0.3656508326530456,145.55911660194394,149.3574249744415,0.8114691972732544,177.355535030365,147.78544664382935,0.9994171857833862,157.9918849468231,147.16769099235535,0.999813199043274,179.25158858299253,190.00197887420654,0.8704357147216797,173.21241259574887,191.66930437088013,0.9669628143310548,152.88931488990784,212.87678003311157,0.955521523952484,178.5546541213989,236.95812463760376,0.986149251461029
47,165.91242671012876,58.84690940380094,0.9999867081642152,187.16248512268066,88.85984122753142,0.999678671360016,147.26644992828366,89.00398313999176,0.9999511241912842,186.65080547332764,119.79709982872009,0.651542603969574,147.97357678413388,121.25093221664427,0.9414095282554626,187.7687931060791,149.81196284294126,0.4013665020465851,143.61739039421082,149.11840796470642,0.8056352138519287,176.1107003688812,148.54195833206177,0.999419093132019,156.00806951522824,147.7213740348816,0.9998223781585692,178.61182808876035,191.31993055343628,0.8782312870025635,169.77932453155518,191.60980224609375,0.9688420295715332,147.29402303695676,211.4660668373108,0.9542286396026612,181.40260219573975,237.42656707763672,0.986977756023407
48,164.54802989959714,59.54467535018921,0.9999860525131226,186.60977840423584,89.25799369812012,0.9996910095214844,146.8096590042114,89.66220259666443,0.9999423027038574,186.1527943611145,120.19611597061157,0.6782050132751465,147.9146111011505,122.15228319168091,0.9221742153167723,186.73893213272095,150.58890223503113,0.4236781001091003,142.84408807754517,150.26037454605103,0.7748765349388123,174.3883466720581,149.4789934158325,0.999441146850586,154.59140181541443,147.86152482032776,0.9998285174369812,174.1373562812805,193.08194875717163,0.8858807682991028,169.15359735488892,193.23041439056396,0.9691287875175476,144.61581587791443,218.09580087661743,0.9563988447189332,182.52322912216187,239.61812496185303,0.9874356389045716
49,164.12920832633972,62.052116990089395,0.9999867081642152,186.28156185150146,92.5098717212677,0.9997063875198364,145.89030504226685,93.01987767219542,0.9999356865882874,186.02351188659668,124.31235194206236,0.7009416818618774,148.56976747512817,125.56357026100157,0.9076576828956604,186.91855430603027,154.3206810951233,0.4459009766578674,143.52458596229553,153.7177312374115,0.7464579343795776,173.2027459144592,152.61799335479736,0.9994558691978456,153.74183893203733,151.28752112388608,0.9998316168785096,169.6905541419983,195.30884742736816,0.8882468938827515,166.5545690059662,195.7143759727478,0.9686643481254578,148.16108465194702,230.89867115020752,0.958096206188202,183.3255100250244,240.27099609375,0.9875098466873168
50,163.65530490875244,68.04802894592282,0.999987244606018,185.17807960510254,98.37829828262329,0.9997170567512512,144.8560345172882,98.28080534934998,0.9999087452888488,185.41797637939453,130.28856039047238,0.7193829417228699,148.53956580162045,131.11326456069946,0.8871141076087952,186.60016536712646,160.40461778640744,0.4603390693664551,144.151793718338,157.90249228477478,0.7152494192123413,171.92144393920896,158.7445557117462,0.9994345903396606,152.13183760643003,157.47317790985105,0.9997813105583192,164.95979189872742,201.80878400802612,0.8894962072372437,162.2822284698486,201.38495206832886,0.9645926356315612,148.42253565788266,241.5027093887329,0.9595040678977966,182.74407148361206,240.27170419692993,0.9861592054367064
51,162.79302835464475,72.30968356132504,0.9999879598617554,184.4954252243042,103.2814836502075,0.9997350573539734,144.66410636901853,102.51755833625792,0.9998704195022584,185.41061639785767,135.617938041687,0.7397847175598145,147.88092255592346,135.70878982543945,0.8638470768928528,186.44238710403442,164.53567028045651,0.4853328764438629,144.19311046600342,161.67513728141785,0.681875467300415,170.8134126663208,163.2690453529358,0.999446988105774,150.67672848701477,161.97205781936646,0.9997352361679076,164.96401906013486,204.62634801864624,0.896453857421875,155.24602174758908,203.30762386322021,0.9652448892593384,148.07981371879578,242.81995296478271,0.962431013584137,179.36857581138608,237.05114364624023,0.9858936667442322
52,162.59981274604797,75.00800192356108,0.9999882578849792,184.84954118728638,105.89257121086119,0.9997501969337464,144.67331171035767,105.38503289222717,0.9998381733894348,185.62457084655762,137.2424340248108,0.7590529322624207,147.5404322147369,137.69351720809934,0.8471658229827881,186.8510913848877,166.83271408081055,0.5119739770889282,144.67891216278073,162.7938866615295,0.6553604602813721,171.55672788619995,166.19418740272522,0.9994608759880066,150.49935936927795,164.51802134513852,0.9997079968452454,165.75930476188657,207.91093826293945,0.9045704007148744,148.26513290405273,203.06946516036987,0.9674679040908812,149.18985128402707,243.6489701271057,0.965405523777008,174.77123737335202,235.56653022766113,0.9856882691383362
53,162.35769510269165,73.72238695621489,0.999988853931427,184.9195146560669,104.02748107910155,0.9997687339782716,144.80283021926877,104.20311212539671,0.999789834022522,185.86873769760132,135.5164647102356,0.7799415588378906,147.44541764259338,136.2996697425842,0.8204934000968933,187.1152138710022,164.88134264945984,0.5483685731887817,145.0745701789856,161.47189021110535,0.6223115921020508,172.54676342010495,164.4672095775604,0.999492645263672,151.36156082153317,163.1535816192627,0.9996985793113708,166.31113171577454,206.03562355041504,0.9121495485305786,147.1711456775665,202.98706769943237,0.9692599177360536,149.8829984664917,242.76896953582764,0.968159317970276,171.3084840774536,237.23419904708862,0.9863906502723694
54,162.83708095550537,73.62585961818692,0.9999880194664,184.80812788009644,103.93611431121825,0.9997797012329102,145.05090236663818,103.10337424278259,0.9997634291648864,186.03147268295288,133.90472531318662,0.797183096408844,147.02325940132138,135.0486874580383,0.800235390663147,187.28925704956055,162.24855065345764,0.576958954334259,144.90377783775327,159.98176217079163,0.6039045453071594,172.9118013381958,162.73469567298886,0.9994879961013794,152.0851457118988,161.5478181838989,0.9996844530105592,164.72737312316892,204.8147463798523,0.916469395160675,150.1343858242035,203.0560541152954,0.968494713306427,150.4053211212158,240.48145294189453,0.968658447265625,164.10760045051575,243.89058351516724,0.9860590100288392
55,163.27074050903317,66.16731762886046,0.9999840259552002,185.0943946838379,96.84928894042969,0.999778151512146,145.44421076774594,97.09282279014587,0.999731719493866,186.13135814666748,128.52720737457275,0.8116526007652283,147.00224161148068,128.21084618568418,0.7919163107872009,187.62290239334106,156.73568844795227,0.6008236408233643,144.7171068191528,154.23210382461548,0.5889571905136108,173.34531068801877,157.38465428352356,0.9993215203285216,152.63258457183835,156.39753699302673,0.9995832443237304,165.12040257453918,200.65796613693237,0.907192885875702,153.67727279663086,200.555419921875,0.953201174736023,150.96198678016663,236.8169116973877,0.9533185362815856,156.53107881546018,244.09855127334595,0.977619767189026
56,163.8019251823425,60.41334092617033,0.999976933002472,185.20846366882324,90.94012498855591,0.9997636675834656,145.688441991806,91.46412134170531,0.9997009038925172,186.77371501922607,122.31037259101868,0.8272964358329773,146.9390058517456,120.9753406047821,0.7961095571517944,189.1554307937622,150.14378428459167,0.6314379572868347,144.1269564628601,147.37060546875,0.5926966071128845,175.40022611618042,151.6206085681915,0.9988996982574464,152.94237971305844,151.30485892295837,0.9994558095932008,165.2657890319824,195.87960004806519,0.9044889807701112,155.01603841781616,197.6839542388916,0.9492975473403932,158.10222029685974,231.68631792068481,0.927501380443573,155.18477082252502,244.492449760437,0.9697166085243224
57,165.59695601463315,56.491565108299234,0.9999743700027466,186.22156620025635,86.94943785667418,0.999749720096588,146.4415097236633,87.93234944343565,0.9996768236160278,187.43926763534546,119.63818430900572,0.8393877744674683,147.03012585639954,118.93899679183959,0.8022259473800659,189.17148113250732,148.82387995719907,0.6487317085266113,144.29904699325562,145.57453393936157,0.5989282727241516,177.62388467788696,146.64195656776428,0.9986963868141174,154.8119759559631,145.7142984867096,0.9993294477462769,169.85856771469116,191.28338813781738,0.9099678993225098,154.5643329620361,191.77927494049072,0.9501804709434508,166.0212278366089,230.04976272583008,0.9297581315040588,156.81184172630307,240.0986909866333,0.9695351719856262
58,167.41010785102844,55.17077028751371,0.9999751448631288,187.8995132446289,84.9953681230545,0.9997698664665222,147.4601697921753,85.87385594844818,0.9996833205223083,188.03866624832153,118.7782037258148,0.8518202304840088,147.16724038124082,117.32933878898619,0.8036383390426636,188.8661813735962,147.64804244041443,0.6661936640739441,145.2765941619873,143.3257269859314,0.6008757948875427,178.63882184028625,144.65834498405454,0.99878990650177,156.15141749382016,143.49645495414734,0.999339997768402,172.63304471969604,188.55540990829468,0.9184461832046508,154.1410481929779,187.41585731506348,0.9541006088256836,173.8208019733429,227.73920059204102,0.9363759756088256,157.7368927001953,227.16591596603394,0.9717329144477844
59,168.42153668403625,55.87296187877654,0.9999752044677734,188.85000228881836,85.00915467739105,0.9997878074645996,148.76891613006592,85.97739458084105,0.9996864795684814,188.256676197052,117.65848875045775,0.8619112968444824,147.2307550907135,116.41695857048035,0.8067665100097656,188.595449924469,146.8827974796295,0.6739041805267334,146.82290911674497,141.59468293190002,0.5977779626846313,179.50463891029358,144.2915689945221,0.9988926649093628,157.82760500907898,142.9190933704376,0.9993590116500854,175.10891675949097,185.4879069328308,0.926182746887207,154.25338983535767,183.79940271377563,0.9573602676391602,174.90646362304688,222.6731514930725,0.94224351644516,160.58351039886475,207.12964296340942,0.9697887301445008
60,170.10366797447205,56.42324924468994,0.9999743103981018,189.87361907958984,86.07556879520415,0.9997930526733398,149.67111468315125,87.22228825092316,0.9996879696846008,188.61931085586548,118.07893037796019,0.8629214763641357,149.12386894226074,117.77721405029295,0.8148578405380249,189.04438734054565,147.82263278961182,0.6674724817276001,149.58486557006836,142.77229070663452,0.5927203893661499,181.2403392791748,145.2333569526672,0.9989873766899108,159.52501416206357,143.9957320690155,0.999398410320282,177.27075576782227,184.04097318649292,0.9312925338745116,154.67861652374268,184.60565328598022,0.9598538875579834,171.7421007156372,213.36101531982422,0.944423258304596,168.78151059150693,194.61829662322998,0.9499621987342834
61,171.17616534233093,57.19433069229124,0.9999735951423644,190.6474256515503,86.58600389957427,0.9997825622558594,150.61078906059265,87.81308233737944,0.9996723532676696,189.15380001068115,118.20898532867432,0.8631525635719299,150.71394681930542,118.60360264778137,0.8223918080329895,189.6273708343506,146.93388819694516,0.6553571224212646,151.18379473686215,143.72390627861023,0.5974448919296265,182.52033233642578,145.1202857494354,0.9990582466125488,161.04875564575195,144.40891027450562,0.9994128942489624,180.21661520004272,180.42557001113892,0.93575119972229,157.47387528419492,182.67525672912598,0.960424304008484,169.44253563880918,209.06351566314697,0.9469640254974364,174.75909233093262,206.17024898529053,0.9485399127006532
62,172.0690298080444,57.649882435798645,0.9999747276306152,191.34246110916138,86.81642174720761,0.9997437000274658,151.346937417984,88.18823218345639,0.9996920824050904,189.70513343811035,117.12348461151123,0.8447087407112122,151.35187268257138,119.25745010375977,0.8315319418907166,190.16879081726074,142.28822708129883,0.61604905128479,152.29440093040466,144.50876355171204,0.606359601020813,184.49512481689453,146.17681860923764,0.9990925192832948,163.53655815124512,145.37582516670227,0.9994452595710754,183.01448106765747,182.94901371002197,0.9391823410987854,163.17701339721677,185.35319566726685,0.9621629118919371,163.16360235214233,216.06504678726196,0.9505104422569276,182.94330596923828,213.6872363090515,0.9521865844726562
63,172.89712429046628,58.4060615301132,0.9999767541885376,191.65608644485474,87.21308290958403,0.999744951725006,151.91295862197873,88.35033416748045,0.9997175335884094,189.83405113220215,117.9726505279541,0.8377836346626282,151.73983812332153,119.36016798019409,0.8420360684394836,190.50256490707397,143.74970912933347,0.5998650789260864,152.17445254325864,147.73311138153073,0.632738471031189,184.9968695640564,148.17004323005673,0.9991198778152466,165.10470628738403,148.24511289596555,0.9994682669639589,180.60617923736572,191.3512372970581,0.9391570687294006,174.63845729827878,192.89618968963623,0.9602321982383728,160.43336033821106,235.12561798095703,0.9535696506500244,189.8536205291748,230.44724464416504,0.9551249146461488
64,173.25822472572327,59.30299222469327,0.9999783635139464,191.83592319488525,88.19688498973845,0.9997386932373048,152.135968208313,89.60949718952178,0.9997434616088868,190.94626665115356,118.21380257606505,0.832572877407074,152.1680474281311,121.18618369102478,0.8554660677909851,192.28913068771362,144.5758831501007,0.5858669877052307,152.12389826774594,150.5571341514587,0.6624777317047119,185.89616060256958,148.7629401683807,0.9991503357887268,165.77939987182617,149.31524991989136,0.9994955062866212,177.74649381637573,193.73241662979126,0.9409159421920776,178.50637435913086,193.6408567428589,0.9541215896606444,160.64352750778195,242.0028018951416,0.9561868906021118,193.26642036437988,231.65140628814697,0.9560651183128356
65,173.49836826324463,60.1984906196594,0.9999797940254213,192.04148769378662,89.45791482925415,0.999732255935669,152.4337792396545,90.99434852600098,0.9997667074203492,192.22892045974731,119.44166421890257,0.8257578611373901,153.20846557617188,123.05624127387999,0.8683397769927979,193.6812400817871,146.08667492866516,0.5758214592933655,152.36471772193906,151.93455576896667,0.6905247569084167,186.85248613357544,149.14403915405273,0.9991872310638428,166.93086147308347,149.74333047866818,0.9995168447494508,177.362025976181,194.97741222381592,0.9399769902229308,179.6702706813812,194.09543752670288,0.9449007511138916,161.287043094635,244.37299489974976,0.9581440687179564,193.10656070709229,233.37306261062622,0.95414799451828
66,173.5028851032257,60.20089387893677,0.9999810457229614,192.50269889831543,89.45259869098663,0.9997285604476928,152.78295993804932,91.09907269477844,0.9997866749763488,192.2933578491211,119.70165610313414,0.8077974319458008,154.40702676773068,123.59084844589233,0.87957364320755,193.45996856689453,146.9020879268646,0.553975522518158,153.23127508163452,153.10104846954343,0.713831901550293,186.9111728668213,149.46486353874204,0.999235212802887,167.67855405807495,149.86019968986508,0.9995383024215698,178.11671376228333,194.82377529144287,0.9391777515411376,180.66497325897217,193.8331174850464,0.941011905670166,163.1187129020691,243.7055540084839,0.9608463644981384,193.07096242904663,232.43042707443237,0.9539422392845154
67,173.3845567703247,58.748719096183756,0.9999822974205016,192.605459690094,87.85049378871916,0.999744713306427,152.87579655647278,88.96865844726561,0.9998039603233336,193.53004932403564,118.98226618766785,0.81181800365448,154.84052538871765,120.90766310691833,0.8881118893623352,194.12955522537231,147.0257592201233,0.5690782070159912,153.50035429000854,150.65526008605957,0.7343732714653015,186.5445899963379,147.198429107666,0.999279260635376,167.45058774948117,147.96504735946652,0.9995631575584412,178.83804559707642,193.86573314666748,0.940250277519226,181.99285984039307,193.04729461669922,0.9420257806777954,163.7022757530212,240.04714965820312,0.963469386100769,194.10964250564575,231.25418186187744,0.9565367102622986
68,173.57850193977356,56.783990263938875,0.9999836683273317,192.65022039413452,85.6177371740341,0.999763011932373,153.09109210968018,86.5569448471069,0.9998196363449096,194.4640588760376,116.39425635337828,0.8190010786056519,154.66017365455625,118.3277428150177,0.8955796957015991,195.5357837677002,144.22945976257324,0.5909972190856934,153.8236355781555,147.46413946151733,0.7520285844802856,186.38333559036255,144.75713610649106,0.9993150234222412,167.60289430618286,145.9141230583191,0.9995806217193604,178.48672986030576,193.75127792358398,0.9393289685249328,179.38157916069028,192.17074871063232,0.9425661563873292,163.7055480480194,238.59551668167114,0.9650167226791382,195.54155588150024,231.0362148284912,0.9584067463874816
69,173.52351665496823,55.873289108276346,0.9999848008155824,192.83430576324463,84.63944435119627,0.9997783303260804,153.16239595413208,85.80925762653348,0.9998272657394408,194.84671354293823,116.14065885543823,0.82651287317276,154.8814880847931,117.69308924674986,0.9004021883010864,196.1820673942566,144.8498547077179,0.6017646193504333,153.88463973999023,146.17160439491272,0.7618572115898132,186.61136627197266,144.7935175895691,0.999360740184784,167.65443563461304,145.67176938056943,0.9995814561843872,178.32446694374082,192.89473056793213,0.9410742521286012,175.6983911991119,191.5542483329773,0.9438835978507996,163.58642578125,238.16906690597534,0.9679190516471864,195.4189682006836,221.50448083877563,0.9607974886894226
70,173.40097188949585,55.97351253032684,0.9999862313270568,193.127760887146,84.86112892627715,0.9997962117195128,153.1397259235382,86.13879919052123,0.9998340010643004,195.27689695358276,116.60797476768492,0.8346513509750366,154.91521954536435,118.13683390617369,0.903368890285492,197.24020957946777,145.37028908729553,0.6184599995613098,153.91928315162656,146.54606223106381,0.7656925916671753,186.40674591064453,145.24436473846433,0.9994061589241028,167.248295545578,145.90943455696106,0.999582827091217,176.24722480773926,193.58547449111938,0.943932056427002,166.55714392662045,190.16288995742798,0.9477941393852234,162.80033469200131,239.7264003753662,0.9707648158073424,195.1921820640564,209.4126319885254,0.9627116322517396
71,173.21632862091062,56.09725356101987,0.9999874830245972,193.35486888885498,84.91905391216277,0.99981290102005,153.07757377624512,86.52060627937315,0.999836564064026,195.67800521850586,116.91023826599121,0.8431358933448792,155.10979771614075,118.42864751815794,0.9050903916358948,197.7653431892395,145.4693269729614,0.6323085427284241,153.79663109779358,147.23960638046262,0.7637889385223389,186.24207973480225,145.61795353889465,0.9994521141052246,166.68609380722043,146.71778798103333,0.9995878338813782,175.56119084358215,194.3174386024475,0.9475860595703124,161.7668259143829,190.23179054260254,0.9518877267837524,162.77646303176877,239.54900979995728,0.9734013080596924,196.31798028945923,204.64113235473633,0.9636484980583192
72,173.14179539680478,56.42242312431333,0.9999885559082032,193.66113424301147,86.60060048103333,0.9998266100883484,153.02877902984616,87.77247369289398,0.9998419284820556,195.88157415390015,118.91013622283934,0.8490126132965088,155.41848778724668,119.5287501811981,0.9068267345428468,198.0903196334839,147.28646993637085,0.6393280029296875,153.94300460815427,147.9930603504181,0.7626926302909851,186.3754391670227,146.23652458190915,0.99949312210083,166.4050304889679,147.26315617561337,0.999602437019348,175.97285628318784,195.40459156036377,0.9507829546928406,162.03349113464353,190.28616428375244,0.9555612802505492,163.38058233261108,239.45313692092896,0.9757077693939208,194.79759693145752,205.30445337295532,0.9644866585731506
73,173.03838014602658,58.272112011909456,0.9999894499778748,193.6017394065857,88.08881342411041,0.9998374581336976,153.01411271095276,89.670050740242,0.9998485445976256,195.66343545913696,120.24955630302429,0.8549790382385254,155.2925419807434,122.08502411842346,0.9100605845451356,198.32937955856323,148.78922581672668,0.6488110423088074,153.8547170162201,150.2055716514587,0.7699910402297974,186.7912244796753,148.00863862037656,0.9995310306549072,166.2937617301941,148.45441102981567,0.999622404575348,180.51049947738647,195.16533851623535,0.9539312720298768,164.97766613960266,192.7229404449463,0.9583808183670044,164.25280451774594,238.879873752594,0.9775904417037964,193.97720575332642,214.6857476234436,0.966321587562561
74,172.83840537071228,64.44581687450406,0.9999898076057434,192.19274282455444,93.0347156524658,0.999799370765686,152.63879656791687,95.09196996688843,0.9998552799224854,193.28060388565063,125.02997159957886,0.8259641528129578,155.18061876296994,128.4306693077087,0.916383683681488,196.79974794387817,152.11746096611023,0.6239904761314392,153.91826391220093,156.41254663467407,0.7826730608940125,187.1187973022461,154.66035604476926,0.9995626211166382,166.94238424301147,155.7771635055542,0.999649941921234,191.62145376205444,194.49416399002075,0.9579316973686218,174.00598168373108,199.48650598526,0.96085125207901,168.3636116981506,224.54895973205566,0.9786413311958312,193.5094928741455,229.7910475730896,0.968402862548828
75,172.2090947628021,66.06825292110442,0.9999881386756896,190.37583589553833,94.37090635299683,0.9997201561927797,151.79111123085022,97.53201842308044,0.9998610615730286,189.52943801879883,125.55420398712158,0.7887282371520996,154.24653410911557,130.07346868515012,0.9226840734481812,193.86611938476562,151.74396872520447,0.5855851769447327,153.02711606025693,158.37063431739807,0.7954286932945251,187.02230215072632,155.5532205104828,0.9995871186256408,166.90403938293457,156.80587649345398,0.9996727705001832,196.6255760192871,192.2516655921936,0.9616473913192748,175.44628500938413,200.59337854385376,0.9627268314361572,169.8341059684753,220.43925762176514,0.9795057773590088,192.78207778930664,233.07396411895752,0.9701589345932008
76,171.21224641799927,65.12579441070555,0.9999853372573853,188.10638666152954,93.42588901519775,0.9996849298477172,150.19782543182373,96.38690829277039,0.9998648166656494,188.00800323486328,124.69700217247009,0.7613357901573181,152.74249076843262,128.9394950866699,0.9275504350662231,192.64466285705566,150.97561240196228,0.5577651262283325,152.1033525466919,157.51412987709045,0.804780125617981,186.63027048110962,154.25273537635803,0.9996162056922911,166.78958415985105,155.76939582824707,0.9996941089630128,198.7319254875183,190.45220375061035,0.9649020433425904,175.61009287834167,200.07760047912598,0.96415776014328,173.15711617469785,222.91912078857422,0.9802268743515016,190.40162801742554,231.00542306900024,0.9709621071815492
77,170.0424599647522,62.48253107070922,0.9999834299087524,187.1560263633728,91.08462095260619,0.999661147594452,149.14074540138242,93.8197660446167,0.9998693466186525,186.87096118927002,122.92659401893614,0.724339485168457,150.64540028572083,126.46764636039734,0.9309365153312684,190.55129528045654,148.55673193931577,0.5172592401504517,150.20980954170227,157.0420181751251,0.807795524597168,186.20729684829712,151.67361974716184,0.999644100666046,166.31377100944516,154.65269565582275,0.9997126460075378,194.5186686515808,190.30075550079346,0.9676663875579834,175.27201652526853,198.9899754524231,0.9654632210731506,179.7564661502838,223.25152158737183,0.981184422969818,189.48980569839478,229.75757360458374,0.9708653688430786
78,168.8529646396637,56.31608426570892,0.999971866607666,186.98530912399292,85.36713302135466,0.9995347261428832,148.3783435821533,87.2996163368225,0.999865174293518,185.9528946876526,117.01197981834412,0.69888836145401,149.5828056335449,120.95647931098937,0.9328099489212036,189.31378841400146,144.75918531417847,0.4811420738697052,149.03355360031128,149.78452920913696,0.804887056350708,184.02915000915527,145.69903135299683,0.9995932579040528,164.04005169868466,147.18532919883728,0.9996423125267028,189.09002780914307,188.90888214111328,0.9576765298843384,174.6233510971069,190.02341508865356,0.9490579962730408,186.5903377532959,235.65924882888794,0.9742546677589417,187.59818315505981,228.72831344604492,0.9490590691566468
79,167.74171471595764,51.86226010322571,0.9999682903289796,186.6799235343933,80.54502010345458,0.999542236328125,148.03968787193295,81.76032900810242,0.9998722672462464,185.67709922790527,109.96223330497742,0.6814601421356201,148.47781062126157,115.40852308273315,0.937216818332672,187.71793842315674,136.47010803222653,0.4632675647735595,147.20353603363037,144.0194749832153,0.8124445080757141,182.42958784103394,140.03214597702024,0.9996031522750854,162.55685448646545,140.89838147163388,0.999642550945282,187.86500930786133,187.02873945236206,0.958508312702179,173.69174480438232,184.38373804092407,0.95162433385849,187.9664182662964,235.35691022872925,0.9750127196311952,179.41372275352478,221.60458087921143,0.9465773105621338
80,166.68424844741818,48.88791024684905,0.9999628067016602,185.95162868499756,78.33087801933286,0.9995574355125428,146.50912284851074,79.49286460876463,0.9998718500137328,185.36062002182007,107.65728235244751,0.674755334854126,147.2255301475525,112.82799124717711,0.9386420249938964,186.60846948623657,134.33196902275083,0.4477240443229675,146.5617477893829,140.6371450424194,0.807660698890686,180.94523191452026,137.88137912750244,0.9996020197868348,160.76307892799375,138.9549386501312,0.9996235966682434,187.77211904525757,182.24230527877808,0.9603040218353271,171.17086529731748,182.7883815765381,0.9540696740150452,186.15530490875244,224.3900442123413,0.9756402969360352,173.112291097641,221.77587747573853,0.948777973651886
81,166.40214443206787,47.70142972469327,0.9999563097953796,184.83797550201416,77.24980294704436,0.99955153465271,146.00960969924927,77.96909093856812,0.9998692274093628,184.67858791351318,107.56574392318726,0.6598376035690308,146.63989663124082,111.82361125946044,0.9400222301483154,185.90888500213623,134.2149710655212,0.4304638504981994,146.02329969406128,140.13578653335568,0.803681492805481,180.13998985290527,137.65286564826965,0.9996040463447572,159.87385153770447,137.83898949623108,0.999618113040924,187.64354467391968,180.19217491149902,0.961896538734436,170.0292956829071,181.33095502853394,0.9565442800521852,182.9639482498169,217.46737003326416,0.9755080938339232,168.53591680526733,219.93247032165527,0.9505337476730348
82,165.11944770812988,48.86345386505124,0.999947190284729,184.19109106063843,77.53380060195921,0.9994922280311584,145.46618342399594,79.22556102275848,0.999868392944336,184.0412950515747,107.08295702934265,0.6497770547866821,145.45334100723267,112.17418670654295,0.9419580698013306,184.6660566329956,133.3776068687439,0.4167807996273041,145.15705347061157,140.99749445915222,0.8060914278030396,179.24766182899472,138.2277703285217,0.9995580911636353,159.32995319366452,138.78221511840817,0.99960595369339,187.08588123321533,178.57756018638608,0.9618549346923828,168.95230293273926,180.497624874115,0.9586508274078368,178.48883271217346,204.09743785858154,0.968814253807068,168.6805415153503,217.62064218521118,0.9530510902404784
83,164.1654074192047,50.10892689228055,0.9999141693115234,184.06676530838013,78.54452669620512,0.9992836713790894,144.9055051803589,80.63411772251128,0.9998432397842408,183.49760055541992,108.3479082584381,0.6453081965446472,144.42240715026853,113.14572572708128,0.9415151476860046,183.26916217803955,135.400013923645,0.3999232947826385,144.3735909461975,142.18031644821164,0.7966527342796326,178.300906419754,139.38007950782776,0.9994909763336182,158.43734622001648,139.99708414077756,0.999585747718811,186.98760509490967,179.42552447319028,0.9611955881118774,169.08620953559875,181.48231744766235,0.9580467343330384,169.89590406417847,188.66443634033203,0.9425376057624816,168.92842054367065,216.74306631088257,0.9506380558013916
84,163.57449531555176,50.67665934562681,0.9999211430549622,184.26097869873047,79.23567831516263,0.9993128180503844,144.11109924316403,80.78163921833037,0.9998511075973512,183.42979431152344,110.3152871131897,0.6582967638969421,143.58733892440793,113.88067245483397,0.9427155256271362,183.70584726333618,138.05192470550537,0.4031038880348205,143.24702024459836,142.87112474441525,0.800410807132721,177.07553386688232,139.69253540039062,0.9995123744010924,157.18656778335568,140.3736126422882,0.9996125102043152,183.83414268493652,180.7524561882019,0.9639156460762024,168.39330911636353,182.7267336845398,0.960836946964264,157.6744508743286,204.339759349823,0.9465802907943726,169.6870458126068,213.36730241775513,0.9536148905754088
85,162.8461146354675,52.051382660865784,0.9999288320541382,184.15834665298462,80.81891119480133,0.9993610382080078,143.69467020034787,82.5068414211273,0.9998618364334106,182.42235660552979,113.70672583580016,0.6721687912940979,143.36008071899414,115.56430578231812,0.94499009847641,182.1851634979248,143.62741112709045,0.4171684682369232,142.36283540725708,143.79610061645505,0.8108469843864441,175.0963747501373,141.3579511642456,0.999535083770752,155.98379015922546,140.96893429756162,0.9996383786201476,172.82834172248837,185.62049388885498,0.962204933166504,167.73669362068173,184.656400680542,0.9619567394256592,151.20287060737607,222.34139442443848,0.9507585763931274,182.71164894104004,218.71395349502563,0.9571887254714966
86,163.09602141380307,55.05320370197293,0.9999356269836426,184.32599544525146,83.81072223186491,0.9994113445281982,143.43431353569028,85.66723465919493,0.9998750686645508,182.33905792236328,117.59320378303528,0.6802183389663696,142.89739966392514,118.35400700569151,0.948760449886322,181.82583332061768,148.05754065513608,0.4332136213779449,140.8703255653381,146.46896481513977,0.8231460452079773,173.5179269313812,145.9265899658203,0.9995325207710266,154.42497611045837,144.43151593208313,0.9996699690818788,164.30601954460144,191.68893814086914,0.9402757287025452,167.84762978553772,190.56756019592285,0.963047981262207,142.44523286819458,231.36316537857056,0.9510600566864014,188.08943510055542,236.0538125038147,0.9605056643486024
87,163.02835464477536,59.39833939075469,0.9999418258666992,184.27720069885254,87.88960039615628,0.9994581341743468,143.4666395187378,88.6174178123474,0.999887228012085,181.8285584449768,121.82217836380005,0.680509090423584,142.20962762832642,121.39087915420531,0.9528106451034546,180.9814953804016,150.43431043624878,0.4422448575496673,139.7913372516632,150.17189383506772,0.8363239169120789,172.89096593856812,148.3739876747131,0.9995337724685668,153.80913019180298,146.56523466110227,0.9996991157531738,159.54843521118164,195.10690927505493,0.9146237373352052,168.33865642547605,192.0468521118164,0.9639416337013244,138.89851570129392,235.34560203552246,0.9507202506065368,188.01860332489014,238.0961537361145,0.9634215831756592
88,162.6837122440338,61.60911262035369,0.9999473094940186,184.31406497955322,89.98232424259183,0.9994935393333436,143.53117346763608,91.42342686653137,0.999897837638855,181.03374481201172,123.57292056083679,0.6814181804656982,142.0916748046875,124.97840881347655,0.9556451439857484,178.9811360836029,151.85747981071472,0.441556841135025,139.10882234573364,153.55258226394653,0.8442860245704651,173.0397534370422,150.48144221305844,0.9995229840278624,153.83784055709836,148.6622929573059,0.999723494052887,163.32952380180356,195.53565502166748,0.8953276872634888,168.43902468681333,193.57165575027466,0.9636304974555968,140.71757912635803,234.77304697036743,0.9503093361854552,187.3828125,239.51487064361572,0.9656153321266174
89,162.59596109390256,62.39710807800293,0.99995219707489,184.37521934509277,90.7114827632904,0.9995185732841492,143.65697979927063,92.37657666206358,0.9999074935913086,180.51509141921997,124.06823873519897,0.6733642220497131,142.52596735954285,126.51265382766722,0.9588713049888612,178.4776425361633,152.65995383262631,0.4344688355922699,139.90968704223633,154.7877824306488,0.8544028997421265,173.12211871147156,151.07956409454343,0.9995221495628356,154.46664690971375,149.5705533027649,0.999746799468994,165.47976493835446,195.67002296447754,0.8821458220481873,169.09768939018247,193.6311149597168,0.9646039009094238,142.15011477470398,234.09283876419067,0.950950801372528,186.32213830947876,237.8199291229248,0.9680880904197692
90,162.597473859787,62.12411820888519,0.9999561309814452,184.41641807556152,90.75028896331787,0.9995285868644714,143.78108024597165,92.67127633094786,0.9999152421951294,179.72112536430356,123.78896713256836,0.668415904045105,142.77735471725464,126.27432346343994,0.9606403708457948,177.24065065383908,153.17314624786377,0.4219611883163452,140.21054506301877,154.46925401687622,0.856748640537262,173.4392523765564,150.89641213417053,0.9995211958885192,154.84720945358274,149.65522527694702,0.9997655749320984,166.56779766082764,195.9963297843933,0.8723843693733215,169.88152742385864,193.04253101348877,0.9644673466682434,142.9250371456146,233.42121362686157,0.9515978097915648,185.9347629547119,235.76915502548218,0.9696086645126344
91,162.70684361457825,61.76973938941955,0.9999592304229736,184.27788734436035,90.15711307525635,0.9995371103286744,143.82118463516233,92.12775349617004,0.9999201893806458,180.0726556777954,122.86698460578918,0.6642359495162964,142.94616222381592,125.31993985176085,0.9625227451324464,178.21287631988525,152.3096144199371,0.4230391979217529,140.380597114563,153.7235140800476,0.8629778027534485,173.7739062309265,150.5736136436462,0.9995166659355164,155.58204889297483,149.74091649055478,0.999774158000946,168.25897336006162,196.09338283538818,0.8679280877113342,171.22166633605957,193.6641812324524,0.9628650546073914,145.01209616661072,231.99601650238037,0.95054292678833,185.78423738479614,235.80305814743042,0.9704204797744752
92,162.79078602790833,61.53441309928894,0.9999618530273438,184.21709775924683,89.88785684108733,0.9995262026786804,143.8469660282135,92.091007232666,0.9999223947525024,180.08381366729736,122.33710885047913,0.6503108739852905,142.93367385864255,124.93327260017394,0.9636161923408508,178.85196089744565,151.55277013778684,0.4094811379909515,141.46198868751526,153.58860969543457,0.8631545305252075,174.00810599327087,150.9269678592682,0.9995071887969972,156.10165715217587,150.30978083610535,0.9997811317443848,174.2017078399658,195.60803174972534,0.8750848770141602,172.11484193801877,195.04109859466553,0.9639154076576232,146.74673438072205,228.59763622283936,0.9518861770629884,186.0384464263916,237.9896593093872,0.972393810749054
93,162.98210263252258,62.257423996925354,0.9999644160270692,184.21924352645874,90.24717092514038,0.9995124340057372,143.9023697376251,92.35116004943848,0.9999260306358336,180.14421701431274,122.10436820983885,0.6436664462089539,142.87014842033386,125.00750541687012,0.9646040201187134,178.9700746536255,151.15052461624146,0.3979977965354919,142.00556516647336,153.96926879882812,0.8648985028266907,174.39120054244995,151.75013780593872,0.9994935393333436,156.4409351348877,151.06608867645264,0.9997928738594056,180.23393154144287,195.60856819152832,0.8829674124717712,173.46874594688413,195.882089138031,0.9656810760498048,147.11339235305786,217.8372573852539,0.9521701335906982,188.08518648147583,240.08407831192017,0.97454571723938
94,163.3826744556427,62.69394814968107,0.99996680021286,184.2504858970642,91.20121121406554,0.9995110630989076,143.98151636123657,92.33412265777586,0.9999303221702576,181.4999556541443,122.26918458938599,0.6482041478157043,142.92916774749756,124.7581136226654,0.9649997353553772,181.26516580581665,150.90864300727844,0.3948937952518463,142.48289108276367,153.65359425544736,0.8651853203773499,174.52337980270386,151.8494117259979,0.9994888305664062,156.35231494903562,151.24852180480957,0.999807059764862,185.01197576522827,195.57573795318604,0.891480028629303,173.18136334419248,195.42712211608887,0.9682672023773192,147.49640107154846,212.16296911239624,0.9521076083183287,188.25710535049438,240.30348300933838,0.9767934679985046
95,163.69704008102414,62.491114139556885,0.9999693036079408,184.65097188949585,91.82388067245483,0.9995218515396118,143.99394035339353,92.31441378593443,0.9999344944953918,182.7437710762024,123.66281747817993,0.6567481756210327,143.41516256332397,125.03352284431456,0.965019166469574,182.77836084365845,151.89057826995847,0.392587810754776,142.90221691131592,154.37746882438657,0.8628148436546326,174.57185268402097,152.64075994491574,0.999502182006836,156.13414406776428,151.6337728500366,0.9998218417167664,183.35402727127075,195.92159271240234,0.8983919024467468,172.9560577869415,196.4737629890442,0.970656394958496,147.61887073516843,213.94477128982544,0.9520108699798584,188.19884777069092,240.14143466949463,0.9788178205490112
96,164.2296195030212,62.34815776348112,0.9999719858169556,185.62261819839478,91.49135112762451,0.99955415725708,144.32341217994687,92.17947721481323,0.9999377131462096,184.54735279083252,124.24633741378783,0.6787768006324768,143.44003200531006,124.99101519584656,0.9662848711013794,183.61911535263062,153.11432003974912,0.4194135367870331,143.00463438034055,154.96230840682983,0.8632240295410156,174.5207619667053,152.57465958595276,0.9995312094688416,155.55281281471252,151.424742937088,0.9998342394828796,178.29723715782163,196.24605417251587,0.9039655923843384,169.79867935180664,197.2614312171936,0.97267085313797,148.63269209861753,224.07420873641968,0.9536830186843872,186.9950294494629,239.81233835220337,0.980501353740692
97,164.42289948463437,62.17828810214994,0.9999739527702332,186.41955614089966,91.46211504936217,0.9995832443237304,144.8573005199432,92.11002945899962,0.9999372363090516,186.18380069732666,124.55083250999449,0.7015044689178467,143.50680828094482,124.88454222679138,0.9652642011642456,185.30877828598022,153.48141789436337,0.454305499792099,142.9976391792297,154.76237654685974,0.8586088418960571,174.33301806449887,152.87516355514524,0.9995241165161132,154.90263462066648,151.27916336059567,0.9998199939727784,171.06240749359128,197.6153540611267,0.9014419913291932,166.46936058998108,198.50595474243164,0.9721974730491638,152.67841815948486,236.59907341003418,0.9535197019577026,179.75722789764401,240.04749298095703,0.9803066849708556
98,165.08012652397156,62.10173785686491,0.999973475933075,186.91909074783325,91.7345631122589,0.9995977878570556,145.27445912361142,92.02605485916136,0.9999168515205384,187.43845224380493,124.5547592639923,0.7243216037750244,143.5320425033569,124.88443493843077,0.959364116191864,186.93902492523193,153.23980450630185,0.489021897315979,142.21995949745178,154.68603014945984,0.8412665724754333,174.26884889602658,153.7843680381775,0.999489426612854,154.07484054565427,151.62484645843506,0.99977445602417,169.38711047172546,197.52192735671997,0.9014459848403932,158.55409741401672,197.9628825187683,0.96870219707489,153.2118558883667,235.14690399169922,0.9519144892692566,163.86516094207764,236.99466705322266,0.9770795702934264
99,165.57571291923523,62.3125433921814,0.9999690055847168,187.23653554916382,92.68566370010375,0.9995819330215454,145.79532265663144,91.95928931236266,0.9999075531959534,187.5195837020874,125.87327957153319,0.7431306838989258,143.6599087715149,124.4724690914154,0.9581874012947084,187.24434614181519,154.762966632843,0.5201906561851501,141.6289937496185,153.02189111709592,0.8386676907539368,174.30471539497375,154.54261779785153,0.9993122816085817,152.98531651496887,152.0716595649719,0.9997050762176514,168.9736747741699,199.98732805252075,0.9013180732727052,152.67179846763608,200.02095222473145,0.9691120982170104,153.56120824813843,238.17812204360962,0.9409031271934508,149.7301125526428,245.26893854141235,0.9750419855117798
100,166.06533408164978,62.67832696437833,0.9999696016311646,187.6050066947937,93.16213130950928,0.9995867013931274,146.05997085571286,92.20149278640746,0.9999009370803832,187.98012971878052,126.65354490280151,0.7622695565223694,143.74590039253235,124.6814775466919,0.9567785859107972,188.10391902923584,154.89808559417725,0.5557172894477844,140.50985813140866,152.9494822025299,0.8360447883605957,174.80965733528137,155.59589982032776,0.9992988705635072,152.70872712135315,152.98616409301755,0.9996978640556335,169.16700839996335,202.60366201400757,0.9094681739807128,143.5298645496368,201.43014192581177,0.9717434644699096,153.24786186218262,240.19859790802002,0.9454658627510072,136.9744062423706,245.83016395568848,0.9770082831382751
101,166.8615746498108,62.63805627822874,0.999971091747284,188.04381608963013,93.0364429950714,0.99960595369339,146.58374190330503,92.24808812141418,0.9999038577079772,188.532235622406,126.57284259796141,0.7784278988838196,143.78495335578918,124.95951533317564,0.9575020670890808,188.50245237350464,154.95338201522824,0.5869956612586975,139.34378385543823,152.97416925430298,0.8389593958854675,175.2079439163208,156.1590564250946,0.9993314743041992,152.70059466361997,152.82408356666565,0.9997125267982484,169.75973367691037,203.4206199645996,0.9169988632202148,139.50269937515256,200.5342197418213,0.9743144512176514,153.07880759239197,241.02701425552368,0.949953317642212,125.7586097717285,244.1706919670105,0.9789607524871826
102,167.78305292129517,62.602667212486246,0.9999728798866272,188.75316381454468,92.99692869186401,0.9996207356452942,147.42658853530884,92.30231165885925,0.9999056458473206,189.19188737869263,126.97521686553954,0.7944461703300476,144.11150693893433,124.93001103401183,0.9568628668785096,188.56180429458618,155.88356137275693,0.6153496503829956,139.2823827266693,152.97060728073117,0.8368702530860901,175.5976152420044,156.15453958511353,0.9993627071380616,152.6435816287994,152.75300502777097,0.9997238516807556,169.98451352119443,202.97966480255127,0.9241810441017152,136.43840432167053,200.08373737335205,0.9766656160354614,152.92579293251035,241.16878509521484,0.9541772603988647,120.77849864959715,243.87882471084595,0.980798363685608
103,168.66907238960266,62.56698846817014,0.9999739527702332,189.5169496536255,92.90639877319336,0.9996322393417358,148.49772334098813,92.2802424430847,0.9999063014984132,189.70052003860474,126.99281215667725,0.8077569007873535,144.92825031280518,124.90947604179382,0.95549213886261,189.17270421981812,155.7771635055542,0.6398013234138489,139.42214727401733,152.50490069389343,0.8379992842674255,176.15687727928162,156.08001708984372,0.999392867088318,152.76087999343872,152.73176193237305,0.999731719493866,170.2421236038208,202.55568265914917,0.9307829737663268,136.02967858314514,200.04009246826172,0.9787537455558776,152.94489026069638,241.4187240600586,0.9580115675926208,119.47183370590209,241.11449718475342,0.9824609756469728
104,169.3485724925995,62.540032267570496,0.9999736547470092,190.13184070587158,92.88406133651733,0.9996485114097596,149.16351199150083,92.25840926170349,0.9999061822891236,190.10145664215088,126.9045352935791,0.8195215463638306,145.69432139396667,124.89256739616394,0.9532782435417176,189.74425077438354,155.74573874473572,0.6603981256484985,139.65075731277463,152.4406886100769,0.8352451324462891,177.28977799415588,155.88258504867554,0.9994299411773682,153.5576355457306,152.66505002975464,0.9997392296791076,170.35455107688904,202.0938491821289,0.936694324016571,137.83820629119873,197.69899606704712,0.9804802536964417,153.25509309768677,241.0801649093628,0.9614720344543456,122.2664701938629,234.24527406692505,0.9837675094604492
105,169.981187582016,62.43979275226591,0.9999729990959167,190.81801414489746,92.8394830226898,0.9996667504310608,149.94353055953977,92.24784135818481,0.999904453754425,190.26260375976562,126.73190832138062,0.8286975026130676,146.51973366737363,125.0104236602783,0.952479362487793,189.7865653038025,155.6165635585785,0.675737202167511,141.14134669303894,152.6140236854553,0.8325577974319458,178.11258316040036,155.78128337860105,0.9994733333587646,154.57687497138977,152.33723044395447,0.9997486472129822,170.53874373435974,201.82762384414673,0.9414748549461364,141.1872553825378,194.15204286575317,0.9815272688865662,154.10489201545715,240.96882104873657,0.9642241597175598,129.14829969406128,230.10855674743652,0.9836089611053468
106,170.8683443069458,62.37905144691467,0.9999725818634032,191.57871007919312,92.62243866920471,0.9996814727783204,150.8303117752075,92.19956159591673,0.9999009370803832,190.70199251174927,126.51020765304565,0.836704671382904,147.99741625785828,124.78407740592955,0.9500781893730164,190.08326053619385,154.50095772743222,0.6893614530563354,144.20899987220764,151.74601793289185,0.8284556269645691,178.8817763328552,155.66679596900937,0.9995111227035522,156.14198684692383,152.19003081321716,0.9997559189796448,171.47710919380185,200.349383354187,0.9452863335609436,144.4311511516571,193.80303382873535,0.9819217324256896,155.18339753150937,240.54863691329956,0.9661145210266112,134.4028115272522,229.61153268814087,0.982616364955902
107,172.3443639278412,62.35295355319975,0.9999716281890868,192.60700464248657,92.26132750511168,0.9996984004974364,151.8011963367462,92.18942284584045,0.9998892545700072,191.7090654373169,125.16940355300903,0.8454045653343201,150.0084829330444,124.77877736091614,0.9477729201316832,191.38741493225098,151.87666296958923,0.7033939361572266,146.89413785934445,150.84257483482358,0.8218157291412354,180.88199615478516,154.75732326507568,0.9995465874671936,158.621324300766,151.75654292106626,0.9997559785842896,172.57776975631714,198.2469606399536,0.9487111568450928,153.44592690467832,193.76694202423096,0.9810804128646852,157.02972292900083,240.05244970321655,0.96724933385849,150.15794634819028,227.85088777542114,0.9774717688560486
108,173.74215960502625,62.143038511276245,0.9999688267707824,193.88174057006836,91.97102665901183,0.9996919631958008,153.094664812088,92.24235892295837,0.9998581409454346,193.4320092201233,123.96575689315794,0.8497723340988159,151.92140221595764,124.78263974189758,0.9479392766952516,192.98047542572021,150.52284479141233,0.7046130895614624,150.2260637283325,150.99909782409665,0.8051613569259644,182.8695774078369,152.8287935256958,0.9995644688606262,161.37618899345398,150.9706878662109,0.9997351169586182,173.44489574432373,196.5561604499817,0.9465036392211914,160.244060754776,192.87694215774536,0.9748356938362122,157.36401200294492,239.3340253829956,0.9639889001846312,160.3320801258087,222.80069589614868,0.95174902677536
109,175.21396279335022,62.15271592140198,0.9999666810035706,195.3447675704956,91.90850973129271,0.9996988773345948,154.6532106399536,92.27783918380737,0.9998326897621156,195.45280694961548,123.8270652294159,0.8596130609512329,154.39138412475586,124.82479333877562,0.9473846554756165,194.21255350112915,150.8742570877075,0.7185028195381165,154.1057181358337,151.0638463497162,0.782046914100647,184.11914348602295,152.3987281322479,0.9995829463005066,163.62452387809753,150.63709616661072,0.999693751335144,173.91841292381284,196.53450965881348,0.9464333653450012,166.44135832786557,192.97232151031494,0.9622077941894532,158.1321859359741,239.81173753738403,0.9619913101196288,167.5995361804962,209.06662702560425,0.8918251395225525
110,176.94676637649536,62.24789679050445,0.9999691843986512,197.240788936615,91.91678166389465,0.9997187256813048,156.6462206840515,92.32057213783264,0.9998346567153932,197.74343490600586,123.45921635627747,0.8673075437545776,157.07011699676514,125.0813841819763,0.94951331615448,196.70488357543945,150.67999005317685,0.735289990901947,156.729519367218,152.77504205703733,0.7900441288948059,186.55441761016846,152.0367908477783,0.9996087551116944,166.38106226921082,150.65482020378113,0.9996885061264038,174.81796145439148,196.36550903320312,0.9446709156036376,169.50132966041565,193.28575372695923,0.9554534554481506,159.62368726730347,240.06609678268433,0.9626481533050536,178.02607655525205,215.92499256134033,0.8849127292633057
111,178.26814055442807,62.68962979316711,0.9999717473983764,198.75207424163818,92.02767491340637,0.9997385740280152,158.6559462547302,92.71841883659363,0.9998356103897096,199.79217052459717,123.51503849029541,0.8753100037574768,159.40370321273804,125.12019038200377,0.9507612586021424,199.0865993499756,150.79060435295102,0.7510537505149841,159.2406141757965,152.79372096061704,0.7965246438980103,188.18024396896362,151.71133160591125,0.9996213912963868,168.31428050994873,150.66068887710568,0.9996423721313475,175.28927922248837,195.70750951766968,0.9431385397911072,170.25408625602722,193.32527875900269,0.9495635628700256,160.40443539619443,240.1714324951172,0.9641997814178468,185.90397119522095,214.3499994277954,0.881540834903717
112,180.0293755531311,64.04198348522185,0.9999733567237854,200.41727542877197,92.23158717155455,0.9997535943984984,160.45243620872498,93.86862516403197,0.9997982382774352,201.9092059135437,123.53853464126587,0.8815343976020813,162.32826590538022,125.1742959022522,0.9442963600158693,201.6898012161255,150.74438452720642,0.7601853609085083,163.29753041267392,152.64736890792847,0.7776135206222534,189.78626489639282,151.72194242477414,0.99961119890213,169.8387622833252,150.80933690071106,0.9995048642158508,177.29137659072873,195.84994554519653,0.9393220543861388,173.44125866889954,193.57543230056763,0.9398916363716124,161.3483154773712,240.77428579330444,0.9656856060028076,193.7463641166687,215.31306266784668,0.8790635466575623
113,181.71650648117065,65.12701213359831,0.9999751448631288,202.03698635101318,93.82048487663268,0.9997678995132446,162.17039108276367,96.05584859848021,0.999756157398224,203.17484378814697,124.72415685653685,0.8866692781448364,164.92416143417358,127.28845596313477,0.9249923229217528,203.0311632156372,152.64696121215817,0.763650119304657,165.54635882377625,154.07957196235657,0.7456660270690918,191.1147952079773,153.0657184123993,0.9995956420898438,171.2648499011993,152.9866790771484,0.9994227886199952,181.1386513710022,196.71072006225586,0.938728928565979,177.83285021781919,196.13900184631348,0.9387766122817992,163.93274188041687,240.71444034576416,0.96784645318985,199.8939871788025,217.65297889709473,0.8877509236335754
114,183.58242273330688,67.84274876117706,0.999977171421051,203.4534502029419,97.21479892730713,0.9997734427452089,163.48777413368222,99.92146968841551,0.9997590184211732,204.3056845664978,127.37589597702025,0.8872868418693542,165.87388873100278,130.79939246177673,0.9213438034057616,205.032799243927,155.6968367099762,0.7584050297737122,166.772643327713,157.1620953083038,0.7333071827888489,193.5896372795105,155.79049944877625,0.999568521976471,173.86637806892392,156.03248834609983,0.9994421601295472,189.12712812423706,196.53197765350342,0.9384936690330504,181.5865159034729,196.93042516708374,0.9423803091049194,167.8223741054535,235.37407636642456,0.9686795473098756,200.56739330291748,225.85650444030762,0.8971458673477173
115,184.55421924591064,71.72830402851103,0.9999789595603944,204.52815771102905,101.09401345252991,0.9997597336769104,164.4006371498108,102.99338221549986,0.9997763633728028,205.06629467010498,130.44530868530273,0.8777418732643127,166.04110836982727,132.11016654968262,0.9175388216972352,206.49104118347168,156.75864815711972,0.7215698957443237,166.14868640899658,157.470463514328,0.7283555269241333,196.6348671913147,157.1785318851471,0.9995454549789428,176.8416130542755,157.0951795578003,0.9994879961013794,197.63756275177002,194.94677066802979,0.941284477710724,181.90475463867188,196.04121923446655,0.9466594457626344,171.3297700881958,227.51640558242798,0.9692345261573792,202.13562726974487,228.55538606643677,0.9066106081008912
116,185.61068773269653,72.81140148639678,0.9999805688858032,204.73855018615723,101.84476375579834,0.999751627445221,165.2045488357544,103.59519481658934,0.9997908473014832,206.47351026535034,130.8979368209839,0.8743840456008911,165.56392192840573,132.77067661285398,0.921541392803192,208.5598611831665,156.69482231140134,0.7074920535087585,165.90603232383728,158.56932163238525,0.7419557571411133,198.57886791229248,157.89535760879517,0.9995512962341307,178.64204049110413,158.19135546684265,0.9995211362838744,204.53305006027222,191.22113943099976,0.9463104009628296,184.09298658370972,196.63212060928345,0.9507960677146912,174.4366478919983,219.66126680374146,0.9709861278533936,203.83784294128418,231.06157779693604,0.9150802493095398
117,185.3587532043457,71.60897254943848,0.9999818205833436,205.14594554901123,100.37761688232422,0.9997323155403136,166.19972348213193,101.87597393989563,0.9997965693473816,206.81015968322754,130.25471091270447,0.8735045790672302,166.33466005325317,132.00312495231626,0.923319935798645,209.53298807144165,155.35818099975586,0.6996904611587524,165.8265209197998,153.47877860069272,0.7491523623466492,199.0210461616516,157.6609754562378,0.9995635151863098,179.49003696441648,157.34760761260986,0.9995531439781188,209.63184356689453,188.00216674804688,0.95040363073349,186.8530011177063,196.54431581497192,0.9539628624916076,180.44496774673462,205.8835530281067,0.9682308435440063,204.27881956100464,231.69395685195923,0.9222633242607116
118,186.15768671035767,68.99868965148923,0.9999829530715942,204.85497951507568,96.53057813644409,0.999741792678833,167.05850243568418,97.61262416839598,0.9998047351837158,206.73922061920166,125.32723546028137,0.8761328458786011,168.3144950866699,125.94073176383972,0.9235029220581056,209.49666023254395,150.04607677459714,0.7022167444229126,167.35624909400937,150.3578996658325,0.7559201717376709,198.52670431137085,152.3237335681915,0.9995920658111572,178.75210762023926,153.41879367828366,0.9995861649513244,212.2157120704651,185.13529300689697,0.9545807242393494,189.5296311378479,194.98835563659668,0.9568020701408386,182.3639702796936,201.13569974899292,0.9673880338668824,205.0965714454651,231.3869833946228,0.9289293885231018
119,187.1519923210144,60.607173442840555,0.999981164932251,204.75106000900269,90.04379510879517,0.999707281589508,167.27110505104065,90.52466154098511,0.9997732043266296,205.92990159988403,118.70755434036255,0.8561318516731262,170.44513463974,120.41569232940672,0.8998392224311829,208.30601692199707,144.67424511909485,0.664458692073822,170.62371611595154,147.6721179485321,0.7114570736885071,198.98248672485352,148.20643544197083,0.9995920658111572,178.93946528434753,149.83863472938535,0.9996058344841005,213.05140256881714,185.23562908172607,0.9581689834594728,192.0500922203064,194.18452978134155,0.9588560461997986,183.8989233970642,201.86938047409058,0.9657659530639648,205.691077709198,230.92206001281738,0.9347904920578004
120,187.6053500175476,55.25613963603973,0.9999800324440002,204.45258378982544,84.24017071723937,0.9997050762176514,167.26588010787964,83.199822306633,0.9997342824935912,205.57316780090332,113.63779306411743,0.8200637102127075,170.67633032798764,111.78658604621887,0.8800395727157593,207.41277694702148,138.71435523033142,0.6194632649421692,172.2420859336853,141.13339662551877,0.6704369187355042,199.26326036453247,142.41557836532593,0.9996259808540344,178.957017660141,144.61971044540402,0.999630331993103,210.64642667770386,182.15389966964722,0.9617178440093994,187.25425958633423,183.50423097610474,0.96012943983078,184.72796201705933,210.3447961807251,0.9681623578071594,206.56891107559204,220.6912136077881,0.9398053884506226
121,187.70053625106812,51.96871697902679,0.9999803900718688,204.87560033798218,81.08358085155486,0.9997145533561708,167.56045103073117,81.60380601882933,0.9997372031211852,205.65303325653076,111.14838123321532,0.7980111837387085,169.49262857437134,111.4230179786682,0.8807811141014099,207.03183889389038,137.72158384323117,0.587184488773346,170.79183697700498,139.36457633972165,0.6601582765579224,199.2165470123291,140.51052331924438,0.9996545314788818,178.84766936302185,141.80696368217465,0.9996480345726012,206.81921482086182,183.15189599990845,0.9639580249786376,187.10675954818726,183.3180856704712,0.9617452025413512,187.34105587005615,218.76139640808105,0.9699543714523317,205.2472472190857,202.23519086837769,0.9369898438453674
122,187.5198197364807,51.1048150062561,0.9999808669090272,205.58280229568481,79.36765372753142,0.9997379183769226,167.87112593650815,80.88689982891081,0.9997434616088868,206.44136667251587,110.62200307846068,0.7959486842155457,169.4010043144226,112.22102880477904,0.8749544024467468,207.29937314987183,137.7177536487579,0.5670767426490784,170.69055676460266,140.01941084861753,0.6357582211494446,199.55572843551636,139.316189289093,0.9996684193611144,178.58291387557983,140.34210205078122,0.9995774626731871,204.7674322128296,184.57531213760376,0.9649589657783508,186.88312768936157,183.79815816879272,0.9617874026298524,191.0132360458374,231.3169240951538,0.9721951484680176,207.562894821167,181.8608522415161,0.9137260317802428
123,187.411630153656,51.294500827789285,0.9999735951423644,205.6758213043213,78.94596219062804,0.9997591376304626,168.30810070037842,81.44885480403899,0.9997172355651855,206.6120195388794,110.17480373382568,0.7938746213912964,170.50843477249146,112.31974482536314,0.8598303198814392,207.46071338653564,138.7714862823486,0.5513409972190857,170.89819192886353,139.846419095993,0.598649799823761,199.18691396713257,139.05848264694214,0.9996840357780457,178.28378319740295,140.06082415580747,0.9993892908096312,202.28057384490967,185.288565158844,0.9640085101127625,185.25994062423706,185.16456127166748,0.9545553922653198,192.63869762420654,234.3364691734314,0.9734681248664856,201.11183881759644,162.1387946605682,0.8406492471694946
124,187.69673824310303,53.022369146347046,0.99997079372406,206.1763858795166,80.51948010921477,0.9997789859771729,168.32136154174805,82.5257509946823,0.9997201561927797,206.97800159454346,111.97906136512755,0.801455020904541,171.27642631530762,114.14323925971985,0.8553865551948547,208.89316320419312,140.43830752372742,0.5646708607673645,170.96038699150083,141.54748678207397,0.5718551278114319,200.14727354049683,141.25728249549863,0.9997053146362304,178.85072708129883,141.57419085502625,0.9993458986282348,200.0132918357849,187.2416853904724,0.9640460014343262,184.24960613250732,185.82000732421875,0.9513610601425172,190.7508945465088,236.0270118713379,0.9747496247291564,182.2279930114746,157.48923897743222,0.7669528126716614
125,187.97609567642212,54.081605672836304,0.9999701976776124,206.4463448524475,81.27423763275146,0.9997973442077636,168.21507096290588,83.38206231594083,0.9997348189353944,207.8390121459961,112.63533353805542,0.8039352893829346,170.65835952758786,114.70709323883055,0.8595531582832336,209.6679139137268,141.21113777160642,0.5732583999633789,170.43541431427,142.4156641960144,0.5655815601348877,200.36418914794922,142.25725293159485,0.999725341796875,179.2018926143646,142.2261822223663,0.9993417859077454,198.5114049911499,189.2831254005432,0.9637066125869752,183.08597803115845,186.46727800369263,0.9510068297386168,190.10903120040894,237.41553783416748,0.9753636717796326,180.936541557312,160.0293445587158,0.7032086253166199
126,188.18584442138672,54.76562261581421,0.999969482421875,206.4456582069397,81.81006789207457,0.9998138546943665,168.1490457057953,84.01854515075684,0.9997515678405762,207.53289699554443,113.00057530403137,0.8026255965232849,169.72804069519043,115.21393418312071,0.8658654689788818,209.45116996765137,141.6722846031189,0.5745455026626587,169.84555363655087,142.929790019989,0.5678765773773193,200.40970087051392,142.6912236213684,0.9997443556785583,179.25431370735168,142.35780358314514,0.9993485808372498,198.09128522872925,190.0068497657776,0.9631783366203308,182.24224090576172,186.8496322631836,0.9511120319366456,190.18462657928467,237.756929397583,0.9758024215698242,178.36384177207947,160.59206128120422,0.6478506922721863
127,188.2180094718933,55.15333592891691,0.9999675154685974,206.36823892593384,82.1105396747589,0.9998268485069276,168.09326648712158,84.36752200126645,0.9997690320014954,207.464919090271,113.12824845314026,0.7908879518508911,169.13599133491516,115.54244041442871,0.8736746311187744,209.09531593322754,141.6286504268646,0.5616419911384583,169.75043177604675,143.0881369113922,0.5749162435531616,200.2204442024231,143.03625226020813,0.9997608661651612,179.37270641326901,142.6414632797241,0.9993662238121032,198.10508251190186,190.223228931427,0.9634504318237304,181.91853046417236,187.26535320281982,0.9530153274536132,191.09475374221802,237.65970468521118,0.976575493812561,178.69566321372986,159.86776828765866,0.6063306927680969
128,188.275945186615,55.40986239910125,0.9999656677246094,206.06216669082642,82.40240693092345,0.9998331665992736,168.13386440277097,84.49337124824523,0.9997848868370056,205.05829095840454,113.45762372016907,0.7653939127922058,169.04231786727902,115.65647721290588,0.8817073702812195,207.28392362594604,141.81315422058103,0.53827303647995,168.3497929573059,143.28346610069272,0.5853196382522583,200.07309436798096,143.23237538337705,0.9997713565826416,179.23181533813477,142.90958762168881,0.999363660812378,198.32225561141968,190.48436880111694,0.9631268382072448,181.751868724823,187.57146835327148,0.9547094702720642,191.87720775604248,238.21773290634155,0.9773580431938172,177.29229927062988,160.5995500087738,0.5701256394386292
129,188.22678565979004,55.57006001472473,0.9999656081199646,205.6387209892273,82.62964367866515,0.9998409748077391,168.05253982543945,84.62949872016905,0.999799370765686,204.0961503982544,113.64293217658997,0.7492144703865051,167.86425948143003,115.68586349487305,0.88949054479599,206.16829633712769,141.98042750358582,0.5243183970451355,166.41092061996457,143.41662168502805,0.5990174412727356,199.36936855316162,143.38393092155454,0.9997807145118712,179.0461421012878,143.01623225212094,0.9993661046028136,198.35828304290771,190.5286145210266,0.963562309741974,181.67640209197998,187.94824361801147,0.9566237926483154,192.47943878173828,238.36398839950562,0.9781568646430968,176.61524534225464,163.72659802436826,0.5416806936264038
130,188.1650948524475,55.68319559097288,0.9999657869338988,204.91375207901,82.78492748737334,0.9998351335525512,167.9976189136505,84.75074529647826,0.9998126029968262,203.0455183982849,113.79838228225708,0.7392534613609314,167.58885025978088,115.75501084327698,0.8979707360267639,203.52883100509644,141.50312304496765,0.5104609131813049,165.26913642883298,143.44935536384583,0.6207692623138428,198.58208656311035,143.27975392341614,0.9997766613960266,179.0001368522644,143.00017118453977,0.999360203742981,198.3943748474121,190.4941964149475,0.9657631516456604,182.6641845703125,187.46276378631592,0.9590977430343628,193.15863847732544,238.7880563735962,0.9796045422554016,178.23037505149838,165.37539482116696,0.5283128619194031
131,188.03164958953857,55.71337580680845,0.9999588131904602,204.229896068573,82.88976967334744,0.99983012676239,167.65776157379148,84.79332804679869,0.9998199939727784,201.38304233551025,113.4423243999481,0.7227809429168701,166.68632984161377,115.14576315879822,0.9028448462486268,201.46769285202026,140.7836580276489,0.4848438799381256,163.66588354110715,143.46141457557678,0.6255069971084595,197.9683756828308,143.36195826530454,0.9997785091400146,178.82200598716736,143.07416796684265,0.9993306994438172,198.40312957763672,190.5541706085205,0.967339277267456,183.5881519317627,188.43024730682373,0.9594427347183228,194.1386103630066,238.7337040901184,0.9806810021400452,178.29690456390378,166.2989544868469,0.5011137127876282
132,187.35463857650757,55.78206181526182,0.9999589920043944,203.1300401687622,82.85077571868896,0.9998334646224976,166.7654013633728,84.77546453475951,0.9998321533203124,201.2592101097107,112.63050556182861,0.7201464176177979,164.52157258987427,115.08946895599365,0.9090911746025084,201.62920475006104,139.83977794647214,0.4773467779159546,161.92294120788574,143.5101342201233,0.6388059854507446,197.15397119522095,143.40760946273804,0.999778151512146,178.03434848785398,143.13851952552795,0.999341607093811,198.4093952178955,190.8376693725586,0.969486653804779,183.61782789230347,187.4330234527588,0.962187111377716,194.73135709762573,238.65248680114746,0.9820612668991088,176.8433082103729,163.5191774368286,0.4961571991443634
133,185.95566272735596,55.13029575347898,0.9999593496322632,202.14444637298584,82.73962497711179,0.9998313188552856,165.10352611541745,84.43112790584563,0.9998406171798706,200.93976974487305,112.45060443878172,0.7226525545120239,162.31587409973142,114.84989404678343,0.9150952100753784,201.60276889801025,139.13441061973572,0.4744008779525757,160.86352229118344,142.97614932060242,0.6518251895904541,195.9731125831604,143.09316873550415,0.9997814297676086,176.61807775497434,142.66213774681088,0.9993808269500732,198.03860664367676,189.40702199935913,0.9718592166900636,183.39872360229492,170.98142623901367,0.9647740721702576,195.44763565063477,238.15351009368896,0.9833811521530152,178.05000185966492,174.20009851455688,0.5134885311126709
134,184.1721224784851,54.805968403816216,0.9999537467956544,201.25476837158203,82.69437611103055,0.999828279018402,162.9378247261047,84.48288917541502,0.9998413920402528,200.83413362503052,112.5225841999054,0.7310317158699036,161.16984128952024,115.0339150428772,0.9204182028770448,201.6038417816162,140.3319525718689,0.4827124178409576,159.38895106315613,144.30978655815125,0.6643063426017761,195.25646924972534,143.07881355285642,0.9997891783714294,175.77600359916687,142.61656165122986,0.9994089007377625,198.06894779205322,188.9974594116211,0.9737440943717957,186.28214120864868,177.18051552772522,0.966312825679779,195.02204418182373,237.85170793533325,0.9843931794166564,178.73085379600522,187.21078634262085,0.5390691161155701
135,182.80730724334717,54.90600407123566,0.9999355673789978,200.43761730194092,82.97325074672698,0.999814748764038,161.49921655654907,84.73590731620786,0.9998174905776978,200.51488637924194,113.44142317771912,0.7390075922012329,160.48034191131592,115.11189222335815,0.9220860600471495,201.35544776916504,141.99922442436215,0.483503133058548,158.25965523719785,144.78126525878903,0.6548420190811157,194.04614925384521,143.5687243938446,0.9997939467430116,173.97269010543823,142.64959573745725,0.999423086643219,197.96663761138916,188.61907482147217,0.9750161170959472,188.60549211502075,179.6112084388733,0.9663864970207214,194.7503900527954,235.68244457244873,0.9850899577140808,178.91007900238037,193.91774654388428,0.5649439096450806
136,182.3183298110962,56.0751736164093,0.9999290108680724,199.59497451782227,84.85610783100127,0.9998148083686828,160.46720981597898,87.25052654743193,0.9998093247413636,200.18641233444214,117.13130593299864,0.7384864687919617,159.74844217300415,118.8720703125,0.9254787564277648,200.65582036972046,145.71941614151,0.4856225252151489,158.2496988773346,148.3931279182434,0.6562076210975647,192.6757550239563,144.9721097946167,0.9997972846031188,173.1376755237579,143.79483461380005,0.9994396567344666,197.12618350982666,188.36997270584106,0.9711390733718872,191.62239789962769,180.86671829223633,0.968055009841919,191.80326461791992,232.95884370803833,0.9842299222946168,177.21696138381958,205.1139736175537,0.6019337177276611
137,181.35854959487915,60.19375383853912,0.9999349117279052,198.97010564804077,87.6019763946533,0.999825358390808,159.49144363403317,90.95994114875792,0.9998255968093872,199.73959922790527,120.81035256385803,0.7444490790367126,159.48104739189148,124.74902629852294,0.9321603178977966,200.64470529556274,150.2064085006714,0.5020655989646912,157.81019210815427,153.15598011016843,0.6817436218261719,192.21570253372192,147.47565150260925,0.9998024106025696,173.21435451507568,146.85775637626648,0.9994804263114928,194.67518091201782,188.41953992843628,0.961588740348816,196.13391637802124,183.9932942390442,0.9704075455665588,188.12456130981445,232.0694661140442,0.9826435446739196,178.5173392295837,216.21246099472046,0.638389527797699
138,180.59049367904663,65.52766442298888,0.9999406337738036,198.50359439849854,91.68931961059569,0.9998348951339722,158.81025910377502,94.91777658462524,0.9998415112495422,198.87700080871582,124.78378772735594,0.7489286065101624,159.27931308746335,129.45798754692078,0.9376420974731444,199.54212427139282,154.49060440063477,0.5086191296577454,157.90772795677185,157.88041234016418,0.7014712691307068,191.04872703552246,151.59788489341736,0.9998026490211488,172.38014459609983,151.50832056999204,0.9995221495628356,193.47037553787231,191.60475969314575,0.9514614939689636,196.71460390090942,189.97766733169556,0.9722163677215576,183.3566451072693,232.26636171340942,0.9810471534729004,183.1623888015747,227.20271587371826,0.6723296642303467
139,179.98442173004148,70.15058040618896,0.9999457001686096,197.94824838638306,96.1565601825714,0.999838411808014,158.93410205841062,99.13842558860779,0.9998559951782228,197.5023365020752,128.37406396865842,0.746313750743866,159.55474376678464,132.9778289794922,0.942379891872406,197.1948480606079,157.4493062496185,0.5045776963233948,158.22207212448117,160.51290392875669,0.7199045419692993,190.3224492073059,154.76695775985715,0.9997891187667848,172.20407366752625,155.28669476509094,0.9995582103729248,193.60081672668457,195.08274793624878,0.92888742685318,196.37173175811768,194.14159297943115,0.972891926765442,184.6684169769287,237.97129154205322,0.9760389924049376,186.7223882675171,238.39679718017578,0.703319251537323
140,179.9706673622131,71.40665352344512,0.9999486804008484,197.52967357635498,98.55623602867126,0.9998101592063904,158.79244923591614,101.13491177558899,0.9998663663864136,196.24547481536865,129.8572826385498,0.7382986545562744,159.17564034461972,134.94359850883484,0.9470045566558838,196.5634560585022,157.9243791103363,0.5009026527404785,158.48855495452878,163.0879962444305,0.7406771779060364,190.40682077407837,157.0133936405182,0.9996878504753112,172.4798583984375,157.5925898551941,0.999542236328125,193.64428997039795,198.07534217834473,0.8983142971992493,194.78128910064697,197.84417867660522,0.968197226524353,189.14828538894653,243.37555646896362,0.959120750427246,190.23518085479736,244.14208889007568,0.725075364112854
141,179.82502341270447,72.06440091133115,0.9999487400054932,197.24119663238525,99.16757583618164,0.9997956156730652,158.51977586746213,102.20732331275939,0.999873697757721,194.85750675201416,130.06558299064636,0.7234391570091248,158.81818771362305,135.43313384056088,0.9506690502166748,194.54261541366577,157.445068359375,0.4848681986331939,158.63736391067505,163.676655292511,0.7503493428230286,190.71342945098877,159.7437000274658,0.9995868802070618,172.53067016601562,160.02540707588193,0.9994773864746094,194.16330814361572,202.75081872940063,0.8684934973716736,193.53511333465576,202.3376727104187,0.9642879962921144,192.55359649658203,247.5796937942505,0.9414106607437134,190.20859479904175,248.26666116714478,0.7419984936714172
142,179.20511126518247,71.37132346630095,0.999946653842926,196.91982507705688,98.56198668479918,0.9997338056564332,158.730286359787,101.83909893035889,0.999879002571106,193.5332465171814,129.03652667999268,0.6943750381469727,158.52068781852722,134.71902251243588,0.951898992061615,193.25313806533813,156.53987646102902,0.4611630737781524,158.3741319179535,164.01858329772946,0.7525159120559692,190.8273696899414,159.94188308715817,0.9994534850120544,172.6452648639679,160.21037220954892,0.999475359916687,194.40728187561035,201.91165208816528,0.8568848371505737,191.39275789260864,203.80239486694336,0.964744746685028,192.25685834884644,245.21941423416138,0.9363040328025818,194.1074538230896,247.16251373291016,0.7650502324104309
143,178.93049597740173,70.61351895332335,0.9999480843544006,197.16319799423218,97.9085898399353,0.9996944069862366,158.77113103866574,100.84299087524414,0.999889075756073,193.40218305587769,128.2109212875366,0.6654570698738098,158.13307642936704,133.5083484649658,0.953805923461914,192.82716035842896,155.91488957405087,0.4374021887779236,157.67727255821228,162.63437032699585,0.765390157699585,190.81707000732422,159.6603798866272,0.9993555545806884,172.7802765369415,159.96707439422605,0.9995092153549194,195.48346996307373,200.5111312866211,0.8512207865715027,191.3254451751709,203.65296363830566,0.9668850302696228,187.3723840713501,236.8565011024475,0.9311816692352296,196.76460027694702,250.2239227294922,0.7879557609558105
144,178.8249564170837,70.30130982398985,0.9999518394470216,197.23814964294434,97.70825028419493,0.9996934533119202,158.81040930747986,100.47427296638487,0.9998990297317504,193.9294195175171,128.31815600395203,0.6551710963249207,157.57194757461548,133.12368750572205,0.9568924903869628,193.73866081237793,156.4925515651703,0.4308260977268219,156.66647672653195,162.61355638504025,0.7824996113777161,190.93146085739136,159.6062207221985,0.9993343949317932,172.8617513179779,160.03666162490842,0.999548614025116,197.0499873161316,200.17297983169556,0.8566865921020508,191.2466526031494,204.87388372421265,0.9695470929145812,180.30311107635498,229.30222034454346,0.9296391606330872,201.07006072998047,251.81912899017334,0.8088799118995667
145,179.00652050971985,70.33701539039609,0.9999555349349976,197.7480697631836,97.88140296936035,0.9996930360794068,158.90777349472043,100.37797093391418,0.9999069571495056,194.35883045196533,128.1864058971405,0.6546809077262878,157.57121801376343,133.13807487487793,0.9590832591056824,194.31437015533447,156.35986804962158,0.4250785708427429,156.33271336555478,162.69689798355103,0.7944023013114929,191.01362228393555,159.34016704559323,0.9993382096290588,172.8875756263733,159.60558772087094,0.9995831847190856,197.03417301177979,200.7089924812317,0.8628529906272888,191.21038913726807,204.28283214569092,0.9710288047790528,169.6650731563568,226.6388726234436,0.931434154510498,202.72809505462646,250.1923155784607,0.827463686466217
146,179.14071679115295,70.54253160953519,0.999959111213684,198.17939043045044,98.79929780960082,0.9996737241744996,158.97729635238647,100.91163396835326,0.9999120831489564,194.59437131881714,129.11436438560486,0.64595627784729,157.7312922477722,134.40417408943173,0.960640549659729,194.1850233078003,157.7484154701233,0.4054279029369354,156.397944688797,163.26745748519897,0.8019566535949707,191.0309386253357,159.94615316390988,0.9993583559989928,172.9097735881805,159.9095892906189,0.9996122121810912,194.35327291488647,203.10218811035156,0.8704891204833984,190.93658924102783,203.98457050323486,0.9705365896224976,162.80580639839172,227.5276494026184,0.9360901117324828,204.0616250038147,246.13138675689697,0.8437669277191162
147,179.38947558403015,72.45288133621214,0.9999626278877258,198.75801801681519,100.39423584938048,0.9996850490570068,159.03863310813904,102.3558211326599,0.9999182820320128,194.86209869384766,131.05367660522458,0.6535339951515198,158.66686820983884,135.7620048522949,0.962681770324707,194.29604530334473,160.7995247840881,0.4087617695331573,156.55455350875854,165.8970308303833,0.8137987852096558,191.05623722076416,161.31582856178284,0.9993902444839478,173.1033968925476,161.4142334461212,0.9996400475502014,189.51677799224854,206.1756134033203,0.8734292984008789,190.23035287857056,205.93674659729004,0.9679827690124512,158.82301568984983,236.00568294525146,0.9400745630264282,205.09717226028442,242.68367528915405,0.8574432730674744
148,180.1318359375,75.12203335762023,0.9999659657478333,199.9982500076294,103.34333539009094,0.9996895790100098,159.79447960853577,105.1078748703003,0.9999233484268188,196.199791431427,134.44662809371945,0.6602842807769775,159.90994334220886,137.002032995224,0.9637401700019836,195.02564907073975,162.83645868301392,0.4110645949840545,158.68051528930664,166.8589890003204,0.8227885961532593,191.82435750961304,163.6089026927948,0.999418318271637,173.8143968582153,163.29416155815125,0.9996638894081116,189.2526340484619,206.62309169769287,0.879118800163269,188.4217071533203,206.8477964401245,0.9673203229904176,161.90037846565247,238.4924340248108,0.9441751837730408,205.1370406150818,237.98815727233887,0.8697085380554199
149,180.87424993515015,74.69935476779938,0.9999684691429138,201.59165382385254,103.34829211235046,0.9996521472930908,161.2835669517517,106.05455517768858,0.9999274015426636,198.73917818069458,134.2028045654297,0.6544690728187561,161.1785531044006,137.66450643539426,0.9638544917106628,197.47493505477905,162.56411790847775,0.3908021152019501,160.95024347305298,167.08484172821042,0.8247275352478027,194.0737223625183,163.17693829536435,0.9994268417358398,175.63957571983337,163.07551860809323,0.999687135219574,190.3393793106079,205.6248378753662,0.8842789530754089,188.47294807434082,205.88391780853271,0.967613697052002,165.93302607536313,239.54840898513794,0.9474680423736572,206.84685230255127,235.6014633178711,0.881145715713501
150,182.39195108413696,73.87721478939056,0.9999709725379944,202.97382831573486,102.24551796913146,0.9996349811553956,162.97725319862363,104.81843233108519,0.9999315142631532,200.6072187423706,133.30157160758972,0.6510517597198486,163.1108057498932,136.8373453617096,0.9638152718544006,200.05657196044922,161.80596470832825,0.3724560737609863,163.0838441848755,166.32036924362183,0.8251188397407532,195.87127447128296,162.3582100868225,0.999445617198944,177.1127951145172,162.38203883171082,0.999710977077484,192.0571732521057,205.17948389053345,0.8904265761375427,188.98572206497192,205.26426315307617,0.9692822098731996,168.45655560493466,239.79508638381958,0.9507527351379396,209.24884557724,237.5601625442505,0.892315149307251
151,184.34369802474976,70.38849771022795,0.999972939491272,204.3816876411438,99.71698880195618,0.9995935559272766,164.3487524986267,102.57243633270264,0.9999351501464844,202.14176416397095,132.35091090202332,0.6371816396713257,163.9910101890564,135.42087078094482,0.963386595249176,202.90870428085327,161.57267689704892,0.3499350249767303,164.38456535339353,165.994770526886,0.8251870274543762,198.12651872634888,161.4549708366394,0.999433696269989,178.41875195503235,161.65626525878903,0.999728500843048,194.5914101600647,204.70312356948853,0.8948349356651306,192.31685400009155,205.93037366867065,0.9698078632354736,177.1997845172882,239.39704656600952,0.9525360465049744,213.11802864074707,245.5996012687683,0.902058482170105
152,187.36837148666382,63.65686655044556,0.9999741315841676,206.57073497772217,94.13462519645691,0.9995049238204956,166.52567625045774,96.92054986953734,0.9999389052391052,203.62635612487793,126.8098211288452,0.6103652715682983,165.082905292511,131.90492391586304,0.965607762336731,202.98404216766357,154.35348987579343,0.3283076584339142,166.2138855457306,162.7164566516876,0.8344309329986572,201.41630172729492,156.15774750709534,0.9993373155593872,181.29752397537231,156.8367755413055,0.9997333288192748,197.83617496490479,201.34443998336792,0.8996071219444275,196.64542436599731,202.6535725593567,0.9704506397247314,183.96597862243652,239.1356921195984,0.953337788581848,213.59771490097046,247.7932620048523,0.9110226035118104
153,190.4356813430786,58.15458297729489,0.9999745488166808,209.26669836044312,88.27370345592497,0.9994487762451172,169.44496035575864,90.78119874000548,0.9999409914016724,208.19398641586304,121.70847415924072,0.5977594256401062,167.83893942832947,124.87804055213928,0.96646386384964,209.18996572494507,150.40485978126526,0.3164112865924835,168.2957947254181,155.19803166389465,0.8390150666236877,204.56907749176025,150.25094389915466,0.9992306232452391,184.28816556930542,151.03274345397946,0.9997220635414124,200.0854754447937,197.08818197250366,0.901794135570526,198.78966808319092,196.87412023544312,0.9701076745986938,190.4168200492859,237.64485597610474,0.9539545178413392,213.02586793899536,245.52621603012085,0.9184178709983826
154,192.95249462127686,54.02380943298337,0.9999735951423644,211.49829626083374,83.66257309913634,0.9993501901626588,172.04014778137207,86.25476717948912,0.9999406337738036,210.3766393661499,115.98666787147522,0.5834016799926758,171.21007919311523,118.92683029174805,0.9655872583389282,211.98012828826904,144.14473414421082,0.3039189577102661,170.87389111518857,147.9459822177887,0.8390519022941589,207.360098361969,145.21275758743286,0.9990658164024352,187.46829986572266,146.1205458641052,0.9996956586837769,201.41726732254028,194.0737009048462,0.9032062888145448,200.45725107192993,194.0878415107727,0.9698047041893004,194.53898906707764,234.60243701934814,0.9546573758125304,213.52733373641968,243.0603003501892,0.9249994158744812
155,194.92921829223633,51.46122694015501,0.9999750256538392,214.10164833068848,80.86910068988799,0.9993708729743958,174.40542697906494,83.22951436042784,0.9999432563781738,213.25525045394897,112.95828223228455,0.5881755948066711,173.94338965415955,116.91555976867676,0.9659634828567504,214.0144443511963,141.74595952033997,0.313878059387207,173.6711883544922,144.80212211608884,0.8455020785331726,209.16857242584229,143.01977276802063,0.999086618423462,189.1321063041687,143.5390484333038,0.9997076988220216,203.22426080703735,190.65042972564697,0.9072021842002868,201.64658546447754,190.00908136367798,0.970414936542511,195.16490936279297,230.8158016204834,0.9567477107048036,213.40691328048706,234.11871671676636,0.9313408732414246
156,196.54062509536743,50.591912269592264,0.9999760985374452,216.5546464920044,79.46082830429076,0.9993571043014526,176.8979287147522,82.16699481010436,0.9999403953552246,214.99154090881348,111.49472951889038,0.5847528576850891,176.31632924079892,114.85497951507568,0.9633933901786804,213.97438287734985,140.08382678031919,0.3094212710857391,176.45788550376892,143.44320774078366,0.8465613722801208,210.9226942062378,141.34710431098935,0.9991062879562378,190.87539196014404,141.548033952713,0.9997055530548096,206.7140293121338,188.5582423210144,0.9114938974380492,201.802818775177,187.41300344467163,0.9698811769485474,192.89305686950684,227.5397515296936,0.9584202766418456,214.67954635620117,226.39770984649658,0.93674635887146
157,198.54698181152344,50.76349854469297,0.9999772906303406,219.01498317718506,79.66059923171996,0.9993389844894408,178.9508056640625,83.10239374637602,0.9999377131462096,217.25747108459473,111.95463180541991,0.5925940871238708,179.99821901321408,116.45799636840819,0.9602062702178956,216.89269065856934,139.7009253501892,0.3065712451934814,179.6254456043243,146.1919355392456,0.8380789160728455,213.5841965675354,141.8003976345062,0.99913227558136,193.0486035346985,141.47520661354065,0.9997203946113586,216.99676036834717,183.98095607757568,0.9187581539154052,200.7975697517395,184.2720079421997,0.9716310501098632,190.53221940994263,217.92735815048218,0.9601616859436036,216.6817831993103,221.07298851013184,0.9423423409461976
158,200.08504629135132,51.55270099639892,0.9999749064445496,221.33994340896606,80.37674903869627,0.9990980625152588,180.78949213027954,84.20603156089783,0.9999293684959412,219.06598806381226,112.33979701995848,0.5919740200042725,182.28524208068848,117.13587641716003,0.956276535987854,219.45374965667725,140.71125984191892,0.2970992624759674,181.01393938064575,146.40394806861875,0.8315227031707764,216.8048644065857,143.32506179809567,0.9990573525428772,195.85309982299805,143.0829656124115,0.999721109867096,225.74230670928955,187.59069442749023,0.9251258969306946,202.0381236076355,187.82788753509521,0.9722787141799928,190.134437084198,206.3496994972229,0.957131564617157,217.9130458831787,225.5989909172058,0.9470707178115844
159,201.11413478851318,52.97437369823454,0.999967634677887,222.15121507644653,81.9903552532196,0.998920202255249,181.6082525253296,85.51609754562378,0.9999191164970398,220.7323694229126,113.96084904670715,0.5975330471992493,183.19429636001587,118.5402488708496,0.9522715210914612,222.50279903411865,142.10142731666565,0.2945230007171631,183.3104681968689,147.81910300254822,0.8199064135551453,218.81171464920044,144.434015750885,0.998980700969696,197.36796855926514,143.1428217887878,0.9997167587280272,230.83142280578613,188.5845708847046,0.927706241607666,203.31348180770874,192.51413583755493,0.9698148965835572,193.8915467262268,198.21552515029907,0.9280787706375122,217.95435190200806,231.1085057258606,0.9488304257392884
160,203.52102041244507,53.328988552093485,0.9999688267707824,223.90559434890747,83.35594296455382,0.9989047646522522,183.2011842727661,87.75951325893399,0.9999197125434875,223.17275047302246,116.76117181777953,0.6133860945701599,185.36853790283203,123.32660794258118,0.9538806080818176,224.98472213745117,146.3459050655365,0.3117640316486358,186.06162071228027,152.86523938179016,0.826423704624176,220.7855200767517,146.86750888824463,0.9989864826202391,200.25908946990967,146.59997463226318,0.9997271299362184,234.02883052825928,191.4352011680603,0.9319219589233398,205.98616361618042,194.8341178894043,0.970263421535492,192.23254680633545,194.97766971588135,0.919519543647766,219.6118712425232,233.4766173362732,0.9523757100105286
161,205.0459098815918,53.94034445285797,0.9999656677246094,225.40977716445923,85.12536406517027,0.998849391937256,184.86243724822998,89.20912921428679,0.9999144673347472,224.6861171722412,117.86497592926025,0.6146107912063599,186.8569278717041,124.23362374305724,0.9467493891716005,227.13834285736084,148.22940587997434,0.2977582216262817,188.36432933807373,153.8561975955963,0.8019465208053589,222.24648714065552,147.67865180969238,0.9989680647850036,201.15531206130981,148.72278213500977,0.999728262424469,234.80134963989258,191.7670440673828,0.9305561184883118,209.50925588607788,197.00670719146729,0.9669138193130492,210.8872890472412,190.42471647262573,0.8610303997993469,224.6768045425415,234.62902307510376,0.9518174529075624
162,205.5983805656433,54.34607684612271,0.9999684691429138,226.3955855369568,85.22604882717131,0.9989180564880372,186.02200984954834,89.2660295963287,0.9999182224273682,226.218581199646,118.74398946762085,0.6314987540245056,187.71703720092773,124.13780450820921,0.9497382044792176,229.10410165786743,148.8509488105774,0.3254364430904388,189.1537356376648,154.08140659332275,0.813879668712616,223.41756105422974,149.03962612152097,0.9990327954292296,203.16765546798706,149.39382791519165,0.9997435808181764,229.23771858215332,194.81592178344727,0.9363012313842772,213.2909345626831,197.60612726211548,0.9685429930686952,199.29819345474243,200.36682844161987,0.8726301789283752,229.78536128997803,234.57471370697021,0.9559159278869628
163,206.3598918914795,54.57822740077972,0.9999712705612184,227.64259815216064,84.5943510532379,0.9989946484565736,186.58291339874268,88.48170340061188,0.99992436170578,226.7798924446106,117.99156546592711,0.6376814246177673,188.1127381324768,123.5528254508972,0.9523506760597228,228.5317611694336,148.7697958946228,0.3303014039993286,189.41118478775024,154.03562664985657,0.8214655518531799,224.63685035705566,148.74390721321106,0.999088168144226,204.9591565132141,149.03522729873657,0.9997618794441224,228.32568168640137,193.22187423706055,0.9402196407318116,218.01353216171265,194.9637222290039,0.9704872369766236,196.637442111969,218.42281579971313,0.8842739462852478,234.00838136672974,234.54705476760864,0.959891438484192
164,206.60903692245483,54.44967985153196,0.9999738931655884,228.10138463974,83.47489356994627,0.9990833401679992,187.5015163421631,87.27226316928864,0.9999306797981262,228.6561942100525,116.27572417259216,0.6535135507583618,188.6861515045166,121.88437342643736,0.955408811569214,229.98893022537231,148.0972695350647,0.360933244228363,189.63618993759155,153.43245148658752,0.8316278457641602,224.03116464614868,147.39894032478333,0.999143660068512,204.71224308013916,147.52531528472898,0.999779462814331,227.38491296768188,192.7508783340454,0.9394065737724304,221.29910945892334,192.22220420837402,0.971739649772644,195.46207666397095,219.230375289917,0.8934879302978516,234.67676639556885,234.5293092727661,0.9632657170295716
165,207.1974277496338,54.232125878334024,0.9999758005142212,228.51006746292114,83.06002557277678,0.9991681575775146,188.0094838142395,86.17530941963194,0.9999350309371948,229.84185934066772,115.76667308807373,0.6679773330688477,189.3803071975708,121.23628735542297,0.9581112265586852,231.80253267288208,147.12847709655762,0.4003554880619049,190.23258447647095,153.36880803108215,0.8395777940750122,222.79541730880737,146.825258731842,0.9992122054100036,203.9338231086731,146.53111696243286,0.9997907280921936,226.31076335906982,191.43258333206177,0.9357371926307678,221.61882877349854,189.0514898300171,0.9733354449272156,206.6687536239624,225.59911966323853,0.9009444713592528,232.60316133499146,226.93837881088257,0.9659019112586976
166,207.65902519226074,54.35266971588135,0.999977171421051,228.96297454833984,83.17624032497405,0.9992430806159972,188.09840440750122,86.42191171646117,0.9999397993087769,230.13973474502563,115.86597919464111,0.6749510169029236,189.72508907318115,121.25743389129639,0.96123868227005,231.52137279510498,147.14253187179565,0.4202377498149872,190.37639379501343,153.64698529243466,0.8478333950042725,222.53876209259033,146.86830282211304,0.9992827773094176,203.60251665115356,146.36162281036377,0.9998031258583068,228.0784034729004,190.28403997421265,0.9330230951309204,223.35926055908203,187.916100025177,0.9754582643508912,220.0747776031494,229.75525617599487,0.9082090258598328,208.11890602111816,217.92034149169922,0.9681475162506104
167,208.1232190132141,55.58413088321683,0.9999784231185912,228.8986873626709,85.2441108226776,0.999312937259674,187.94596910476685,87.1987062692642,0.9999445676803588,230.02811193466187,118.67828607559203,0.6919246315956116,190.26972770690918,122.65997171401976,0.9641801118850708,231.9407844543457,150.28325915336606,0.4487089216709137,190.3175139427185,154.61900711059567,0.8558930158615112,221.9595980644226,146.88894510269165,0.99934583902359,203.0069375038147,146.4637291431427,0.9998160004615784,226.69811725616455,189.7574257850647,0.9133779406547546,227.54505157470703,185.09857892990112,0.9765501022338868,213.4179425239563,230.53571462631226,0.9101852178573608,211.6158413887024,222.18799352645874,0.9687917828559875
168,208.6330533027649,59.18924510478973,0.9999796748161316,229.15465593338013,88.57273757457733,0.9993763566017152,188.01450490951538,89.965962767601,0.9999487400054932,229.48716402053833,122.59570598602294,0.7127439975738525,189.43918704986572,124.37387108802795,0.9667777419090272,231.57186269760132,153.11071515083313,0.4859117865562439,189.62867975234985,155.52445650100708,0.8645130395889282,221.59473180770874,148.8831031322479,0.9994033575057985,202.8712821006775,148.47661972045896,0.9998272657394408,226.06550216674805,190.46441316604614,0.8976414203643799,225.9426784515381,185.35025596618652,0.9751718640327454,210.96213340759277,231.8348264694214,0.9094862341880798,213.27554941177368,222.34587907791138,0.9631971120834352
169,208.59453678131104,60.75963020324707,0.9999802112579346,229.3011474609375,90.40101170539856,0.9994290471076964,188.28914165496826,91.42171025276183,0.9999510645866394,229.28162097930908,124.77190017700195,0.7313987612724304,188.96074533462524,125.35772681236266,0.9686632752418518,231.4702820777893,154.20353293418881,0.5228932499885559,189.13772821426392,155.49441576004025,0.8726336359977722,221.2934446334839,151.48227095603943,0.999433696269989,202.90040016174316,151.289302110672,0.9998283386230468,225.9015440940857,192.64642238616943,0.881384015083313,223.13245296478271,191.18837356567383,0.9730693101882936,209.09422159194946,235.96808910369873,0.9082215428352356,214.00382280349731,231.6376519203186,0.963567316532135
170,208.4978485107422,60.37421286106109,0.9999802112579346,229.20948028564453,90.13107419013977,0.99946528673172,188.2740569114685,91.32393836975098,0.999954342842102,229.0305233001709,123.50716352462769,0.7316668033599854,188.80260229110718,125.41512608528137,0.9705271124839784,230.80685377120972,153.16632270812988,0.5300948023796082,188.08743953704834,155.8931851387024,0.8794410228729248,221.2228488922119,151.21786952018735,0.9994342923164368,202.63488292694092,151.10230922698975,0.9998263120651244,222.56401777267456,193.90774726867676,0.8646342754364014,221.4778733253479,194.27791357040405,0.9724805951118468,209.6592664718628,237.83917665481567,0.9082459807395936,212.74168252944946,238.05317401885986,0.964365303516388
171,208.23213815689087,59.96307849884031,0.9999794960021972,228.95400524139404,89.62169051170346,0.9994987845420836,187.96684741973877,91.26370668411255,0.9999555349349976,228.78910303115845,123.22219491004942,0.7351669073104858,187.40738153457642,125.35216927528381,0.9710834622383118,230.6667995452881,150.94791054725644,0.5426136255264282,186.76684856414795,155.72856187820435,0.8788699507713318,220.12558937072754,151.74460172653195,0.9994150400161744,200.61043739318848,151.15451574325562,0.9998169541358948,220.93608856201172,196.76215410232544,0.8683894276618958,207.5375747680664,198.77492666244507,0.9743265509605408,216.69922828674316,236.88690662384033,0.9143007397651672,202.83119916915894,245.5694317817688,0.966655135154724
172,207.9692816734314,58.03860425949094,0.99997740983963,228.73084545135498,88.35600972175597,0.999524474143982,187.80121564865112,89.48322415351865,0.9999567270278932,228.56313228607178,121.97114825248717,0.7390185594558716,186.41146659851074,123.47041726112364,0.9707009196281432,229.10257816314697,150.02612113952634,0.5500265955924988,184.78506088256836,154.29600477218628,0.8768877983093262,219.31202173233032,152.2201573848724,0.9994099140167236,198.4900975227356,151.5752577781677,0.9998137950897216,218.27392101287842,197.40489721298218,0.8756827712059021,201.2883710861206,200.95691442489624,0.9762557744979858,217.61298179626465,236.24669551849365,0.9202242493629456,203.70197296142578,247.2377872467041,0.96888267993927
173,207.47521877288818,56.46525800228118,0.9999749064445496,228.6962342262268,86.91920399665833,0.999519109725952,187.57408618927002,88.6115115880966,0.999956488609314,227.06851959228516,121.07791900634764,0.7434669137001038,185.29478788375854,123.32237005233763,0.9694684743881226,226.79886102676392,149.83671426773068,0.5514330267906189,182.64566659927368,154.44280743598935,0.8744057416915894,217.5070023536682,151.93301081657407,0.999372661113739,195.98349809646606,151.4235734939575,0.9998119473457336,218.17219018936157,197.01282262802124,0.8839592933654785,199.1453719139099,199.90905046463013,0.97806054353714,214.69585418701172,233.41301679611206,0.9241740107536316,204.76768970489502,246.0172963142395,0.9711921215057372
174,206.67991161346436,55.95274150371551,0.999962031841278,227.49005556106567,86.40405893325806,0.9994556903839112,186.7878770828247,88.03364574909207,0.999946355819702,224.7131109237671,120.2106213569641,0.7475454807281494,184.21791315078735,122.92956590652464,0.965269148349762,224.27168369293213,149.67062115669248,0.5352746844291687,180.70316791534424,154.02069211006162,0.8588255047798157,216.11354112625122,152.0616281032562,0.9992657899856568,194.1795301437378,151.91804409027097,0.9997880458831788,218.55162620544434,196.52429580688477,0.8902472853660583,198.80054712295532,201.24783754348755,0.9786474704742432,206.504065990448,211.26470804214478,0.9083788990974426,203.16864252090454,248.82365942001343,0.9722884893417358
175,205.69584131240845,55.99039435386657,0.999944031238556,226.67035102844238,86.61945104598996,0.9991446733474731,185.33961296081543,88.25691282749176,0.9999175071716307,223.00188302993774,119.7545599937439,0.7357605695724487,183.35795402526855,123.1288969516754,0.9586625695228576,221.25346899032593,148.87814640998837,0.5018540024757385,179.53364968299863,154.0837562084198,0.8354107737541199,215.26237964630127,152.92035341262817,0.9991402626037598,193.0495047569275,153.0879700183868,0.9997474551200868,219.36892747879028,196.53182744979858,0.8980832695960999,195.81810235977173,203.97218942642212,0.9782574772834778,194.0701389312744,208.11461448669434,0.906066358089447,201.64958953857422,251.17752313613892,0.973346471786499
176,204.980206489563,57.09298074245453,0.999911904335022,225.9315848350525,88.28169107437134,0.9988300800323486,183.93917798995972,89.54424440860748,0.999884307384491,221.93286180496216,120.30484199523926,0.7320963144302368,182.81880855560303,124.79591131210326,0.9470232725143432,220.55521488189697,149.77578520774838,0.4722620248794555,178.70277643203733,157.3741507530212,0.8014990091323853,214.5003318786621,153.87412548065183,0.999020516872406,192.18486785888672,154.24696326255795,0.999721884727478,220.3850555419922,197.44139671325684,0.8995965719223022,194.33224439620972,206.2347936630249,0.972619354724884,190.87665796279907,201.00759744644165,0.8688303828239441,201.8716335296631,250.5974578857422,0.9686824083328248
177,203.70991230010986,58.05122673511505,0.9999129176139832,225.71224451065063,90.1349687576294,0.9987526535987854,183.00089836120605,91.05463385581969,0.9998750686645508,221.5629744529724,122.64091730117798,0.7441551685333252,182.07377672195435,125.75588464736938,0.941618263721466,221.1490559577942,153.66684436798093,0.4697803854942322,177.61543035507202,157.6105499267578,0.789268970489502,213.57799530029297,155.04745244979858,0.9989747405052184,191.02237701416016,154.80604290962216,0.9997203946113586,220.27770280838013,199.48551893234253,0.9062620401382446,195.82981824874878,205.4071283340454,0.971615195274353,180.85326433181763,205.1189947128296,0.8690245747566223,202.52928972244263,251.15303993225098,0.9697471857070924
178,203.48883390426636,58.44007730484007,0.9999200105667114,225.56931495666504,90.58387398719786,0.9988089203834534,182.308931350708,91.48319721221922,0.9998766183853148,221.9543194770813,123.85740637779236,0.7583508491516113,181.29293203353882,126.05854511260986,0.939773678779602,221.70423030853271,155.10928273200986,0.4792350530624389,176.9751012325287,157.6128566265106,0.7867993116378784,213.07453393936157,155.14816403388977,0.9989758729934692,191.08941078186035,154.74836468696594,0.9997255206108092,215.46146392822266,200.25501251220703,0.9130409359931946,197.76950597763062,205.04382848739624,0.9720900058746338,175.8751273155212,207.59141206741333,0.8755602836608887,206.7138147354126,250.19785165786743,0.9717007279396056
179,203.18501472473145,58.376079797744744,0.9999274015426636,225.49105882644653,90.31296014785767,0.9989081025123596,181.86316967010498,91.44833922386168,0.9998833537101746,221.99159145355225,123.97050976753235,0.7726497650146484,180.60025691986084,125.89702248573303,0.9409548044204712,221.74384117126465,155.72267174720764,0.5005208849906921,177.3255479335785,157.47191190719604,0.7919310331344604,212.67971277236938,154.84238147735593,0.999031662940979,191.46453380584717,154.6834123134613,0.9997379779815674,205.7605791091919,200.1377034187317,0.9190112948417664,198.798508644104,204.1856288909912,0.9728566408157348,177.4251544475555,226.14242792129517,0.8863664269447327,210.04765033721924,249.06482219696045,0.973693549633026
180,203.20657968521118,58.36292088031768,0.9999341368675232,225.42951822280884,90.12593507766722,0.9990020394325256,181.94181203842163,91.24858975410461,0.999888241291046,222.50915050506592,124.44426298141478,0.7869663834571838,180.3289246559143,125.87629437446594,0.9422671794891356,222.4655270576477,155.75918197631836,0.5279350280761719,177.22995400428772,155.95863103866574,0.7975329756736755,212.613365650177,154.64227795600888,0.999086856842041,191.72048091888428,154.350893497467,0.9997485876083374,205.5663013458252,199.70741271972656,0.9240617156028748,199.32756900787354,202.66745567321777,0.973433792591095,175.37527084350586,227.07667350769043,0.8961814641952515,212.6443076133728,248.42885971069336,0.9754454493522644
181,203.27389240264893,58.29298496246337,0.999940037727356,225.4470705986023,89.99701738357543,0.9990872144699096,182.0952558517456,90.65602540969849,0.9998923540115356,223.50528001785278,124.12741899490355,0.7987245917320251,180.59736013412476,124.6524131298065,0.9417802095413208,223.77362966537476,155.37118434906006,0.5464654564857483,177.6219534873962,154.25068616867065,0.7936135530471802,212.71376609802246,154.52354192733762,0.999131679534912,191.95988416671753,153.76685857772824,0.9997587203979492,206.05568647384644,199.50223445892334,0.9277082681655884,199.35127973556519,201.2701964378357,0.9741244316101074,174.2106986045837,225.1005506515503,0.9043859839439392,212.86396980285645,245.84078550338745,0.97709459066391
182,203.29062938690186,58.67406249046326,0.9999454617500304,225.52335262298584,90.588219165802,0.999165952205658,182.21647024154663,90.60712337493896,0.9998950958251952,224.46297883987427,124.78362679481505,0.8109561204910278,180.71593523025513,124.65123295783997,0.941101610660553,225.3045916557312,155.45877456665036,0.5690646171569824,177.845242023468,154.2939448356628,0.7884374856948853,212.49000549316406,154.48306202888486,0.99918794631958,191.75026416778564,153.66016030311582,0.9997722506523132,205.2360463142395,199.3009614944458,0.9318149089813232,199.63342666625977,200.57664155960083,0.9753089547157288,172.94767856597898,224.41225290298462,0.9121363759040833,212.51654863357544,242.70835161209106,0.9787781834602356
183,203.65729808807373,61.163506507873535,0.9999504089355468,225.82511186599731,93.47964048385619,0.999238669872284,182.61981010437012,92.56011486053465,0.999894082546234,224.8394536972046,127.2767722606659,0.822557806968689,180.86345672607422,126.60569429397582,0.9388777017593384,225.3771185874939,157.83808708190915,0.5941393971443176,178.30065965652463,155.56265115737915,0.7813212275505066,212.281973361969,156.98701143264768,0.9992367029190063,191.692156791687,154.8198294639587,0.9997770190238952,202.12429761886597,200.82160234451294,0.9316232800483704,198.41484546661377,201.53369665145874,0.9747165441513062,173.77520442008972,233.30154418945312,0.9190438389778136,212.99479722976685,239.90484237670898,0.9795509576797484
184,204.91999626159668,63.4830754995346,0.9999548196792604,226.89932584762573,96.18309259414671,0.9993020296096802,183.7029504776001,95.02124547958373,0.9998921751976012,226.29387617111206,129.39059972763062,0.8356946706771851,180.96450090408325,128.12172174453733,0.9378870129585266,226.09316110610962,159.3825566768646,0.6226658225059509,178.98181200027463,156.3883101940155,0.7833133935928345,212.02083349227905,158.18853378295896,0.9992675185203552,191.4601993560791,155.33854722976685,0.9997739791870116,200.20716190338135,201.1592173576355,0.9310771226882936,195.60906171798706,202.34565496444702,0.9736184477806092,174.43485617637631,237.6519799232483,0.9254040718078612,214.4763207435608,236.83860540390015,0.98003488779068
185,206.41613245010376,64.47432875633237,0.9999588131904602,228.24113845825195,97.82869219779967,0.999355971813202,185.4525661468506,96.1404240131378,0.999893844127655,227.98909664154053,130.16384840011597,0.8467916250228882,181.37908458709717,128.0345606803894,0.9379416704177856,227.25955724716187,159.45449352264401,0.6443415880203247,179.44009423255918,156.34927868843076,0.7887862324714661,212.11479663848877,159.52821135520935,0.9992957711219788,191.57592058181763,156.29265189170837,0.9997753500938416,197.93571710586548,201.22485637664795,0.929542362689972,192.71178245544434,202.3293685913086,0.972934365272522,176.05962038040158,238.7220311164856,0.93106347322464,214.31246995925903,233.37911367416382,0.980108678340912
186,207.9770064353943,65.41054308414458,0.9999624490737916,229.3123483657837,97.9710853099823,0.9994099140167236,186.43906116485596,96.21694207191467,0.999894380569458,229.2203164100647,131.0560154914856,0.8581557273864746,181.74695491790771,128.32619190216062,0.9371106028556824,228.86789560317993,160.58488368988037,0.667408287525177,179.94035840034485,156.43858551979065,0.792263388633728,212.52116203308105,160.2635550498962,0.9993269443511964,191.81901454925537,156.93879604339597,0.9997789859771729,199.230215549469,202.6590657234192,0.9311606287956238,191.85148000717163,202.27048873901367,0.9730608463287354,177.2966766357422,237.54398345947266,0.9365827441215516,214.89787817001343,234.77362632751465,0.9808162450790404
187,209.44647073745728,64.54468309879303,0.9999656677246094,230.7668137550354,96.97258472442627,0.9994550347328186,187.8547739982605,95.56379199028015,0.9998998045921326,230.2901315689087,130.1531195640564,0.8679574131965637,183.6865782737732,128.27276229858396,0.93910813331604,230.4995584487915,160.2241480350494,0.6900618076324463,180.47202587127686,156.47424817085266,0.8036825656890869,215.57834386825562,159.62968468666077,0.9993457198143004,193.34836721420288,156.74566626548764,0.999790608882904,206.69079065322876,203.68255376815796,0.934917449951172,192.73139476776123,202.19300508499146,0.9744141101837158,188.02664995193481,234.9971079826355,0.9403138160705566,214.67242240905762,239.8483657836914,0.9817624092102052
188,210.19774675369263,61.8603229522705,0.9999679923057556,231.48946523666382,95.22348403930664,0.9994946122169496,188.51433992385864,94.02601718902586,0.999900996685028,230.97214221954346,127.51022100448608,0.8746225833892822,184.24321174621582,127.86039948463439,0.9377619028091432,231.98333501815796,155.24068951606748,0.7064207792282104,181.49770259857178,155.13251066207886,0.807663083076477,217.71690130233765,159.1958212852478,0.999376654624939,194.6829056739807,156.66980266571042,0.9998026490211488,213.84355545043945,202.38784074783325,0.9393666386604308,193.18958044052124,201.86075448989868,0.9759679436683656,197.45622396469116,232.1007513999939,0.9435800313949584,214.12686109542847,240.6615686416626,0.9828675389289856
189,210.65704822540283,60.061976909637444,0.9999688267707824,231.84675693511963,92.69941806793213,0.9995256066322328,189.09116506576538,91.22218608856201,0.9998940229415894,231.770281791687,123.70341539382935,0.8820968866348267,184.92683172225952,125.06396055221556,0.9392089247703552,232.9675555229187,150.40713429450986,0.7232768535614014,182.92714834213257,151.78183078765866,0.8131318092346191,218.69414806365967,155.85341334342954,0.9993359446525574,195.39680242538452,155.17458915710446,0.999763548374176,220.42872190475464,199.7640609741211,0.9424018263816832,196.5688419342041,201.0541820526123,0.9757246971130372,211.0712456703186,228.43234777450562,0.9365225434303284,210.70775270462036,240.29337644577026,0.9811620116233826
190,211.40042781829834,58.723130822181695,0.999969244003296,232.52612829208374,90.83250403404236,0.9995619058609008,189.50662851333618,90.74639439582825,0.9998958110809326,232.21192359924316,122.78425455093384,0.8887584805488586,185.03630876541138,124.80749845504761,0.93975830078125,233.02388191223145,149.80819702148438,0.7396383881568909,183.6545205116272,152.19085693359372,0.8122121691703796,219.83513832092285,154.70770239830014,0.9993322491645812,196.45466566085815,154.46694731712338,0.999763011932373,221.54724597930908,197.50924587249756,0.9415128827095032,200.63189506530762,201.07898712158203,0.9765161275863647,221.3436770439148,228.18073511123657,0.9334741830825806,208.73017072677612,240.65212726593018,0.9808647036552428
191,211.54872179031372,58.74570965766906,0.9999706745147704,232.75357961654663,90.55897235870361,0.9995936155319214,189.9546217918396,90.8573842048645,0.9999026656150818,232.49608755111694,122.73847460746765,0.8937409520149231,185.1998805999756,124.8457896709442,0.9427890181541444,233.3844780921936,150.06609678268433,0.7509737610816956,184.24258947372437,152.36860156059265,0.8189261555671692,221.20471715927124,152.6309859752655,0.999319553375244,198.4108328819275,153.5249018669128,0.999768316745758,221.84437036514282,194.38331365585327,0.9434072971343994,204.50730085372925,200.6637167930603,0.9779600501060486,229.12150382995605,226.56314849853516,0.93593829870224,209.13301706314087,242.13006734848022,0.9816431999206544
192,211.39431238174438,59.07853960990906,0.99997079372406,232.55608320236206,90.67369580268858,0.999614715576172,189.78688716888428,92.98653244972229,0.9998999834060668,232.81859636306763,123.68938207626343,0.8974824547767639,185.25240898132324,126.8487238883972,0.944250762462616,233.61572742462158,150.70838928222653,0.7561293244361877,184.452702999115,155.1534855365753,0.8230284452438354,222.74072170257568,152.977055311203,0.9993027448654176,199.795024394989,153.89364123344419,0.9997380971908568,224.02451276779175,195.21522760391235,0.9470267295837402,209.38956499099731,200.67959547042847,0.9783521294593812,230.2115535736084,227.31320142745972,0.9399514198303224,214.63266134262085,242.0054841041565,0.9816230535507202
193,211.45872831344604,62.03830361366272,0.9999613165855408,232.6692295074463,93.3181071281433,0.9995161294937134,190.04751205444336,96.68083548545837,0.9998887777328492,232.62775182724,125.65440058708191,0.8893309831619263,185.19123315811157,129.81546163558957,0.9444794654846193,233.44496726989746,150.7454681396484,0.7276790738105774,184.37766551971436,158.63332986831665,0.8190140724182129,222.91043043136597,155.51549792289734,0.9991039037704468,201.14578485488892,156.82860016822815,0.9996985793113708,224.28775548934937,197.66979217529297,0.9421619176864624,214.17707204818726,201.6689658164978,0.9741113185882568,222.1676731109619,218.96837711334229,0.9061018228530884,223.16309452056885,242.0076084136963,0.974611759185791
194,211.37954950332642,64.78447794914243,0.9999591708183287,232.63981103897095,96.7256498336792,0.9994621276855468,190.2633762359619,99.84817028045653,0.9998864531517028,232.41130828857422,129.57522153854367,0.8687379956245422,185.12649536132812,132.04203844070435,0.9415172934532166,233.3052134513855,154.67243671417236,0.6837680339813232,184.74167346954346,160.63862442970276,0.806980550289154,223.8246774673462,157.5246012210846,0.9990803003311156,202.34325170516968,158.40007424354553,0.9997063279151917,224.8590874671936,198.90069007873535,0.9414716958999634,217.8640365600586,201.891610622406,0.973243236541748,216.78608894348145,234.72309350967407,0.90977281332016,232.85249948501587,241.98282480239868,0.9748757481575012
195,211.31320238113403,67.75906383991239,0.9999569058418274,232.51602172851562,100.07799267768858,0.9993218779563904,190.25142431259155,102.73384094238281,0.9998632073402404,232.34573364257812,132.7161741256714,0.8292378783226013,184.94024276733398,135.63817262649536,0.9345296025276184,232.27651119232178,159.25153613090515,0.6247268915176392,185.41754722595215,163.940509557724,0.784898579120636,223.7057590484619,160.68887829780576,0.9989963173866272,202.61449813842773,161.55189514160153,0.9996359944343568,223.80356311798096,206.82955741882324,0.9391425848007202,218.5268211364746,206.76647186279297,0.9678871035575868,208.35590600967407,250.44334888458252,0.9161320924758912,239.65215682983398,242.15530157089233,0.9746121168136596
196,211.22353076934814,70.01834213733672,0.9999593496322632,232.43096351623535,102.70274877548216,0.999352753162384,190.1311755180359,104.86788153648376,0.9998593926429749,232.31213092803955,135.58468937873837,0.8022724986076355,184.5817494392395,137.6517605781555,0.9342465996742249,231.25572681427002,160.94406366348267,0.5813435316085815,185.4883360862732,165.7086217403412,0.7681313157081604,223.11756134033203,165.09653091430664,0.999055027961731,202.05694198608398,165.22979378700254,0.9996110200881958,221.7456865310669,215.73253870010376,0.941544234752655,214.84635829925537,210.381338596344,0.9683703780174256,206.10027551651,262.0802092552185,0.9235793948173524,237.8117322921753,232.61635780334473,0.969347357749939
197,211.26713275909424,70.1400554180145,0.9999545216560364,232.780659198761,103.05245518684387,0.999377965927124,190.09265899658203,105.86844205856323,0.9998195767402648,233.03855895996094,134.8534548282623,0.8025566339492798,184.7935152053833,137.9449903964996,0.9324358701705932,231.60930633544922,161.28667831420896,0.56257164478302,186.22405529022217,164.55194592475888,0.7396061420440674,222.87532567977905,166.8787837028503,0.9990922808647156,201.61624431610107,167.0093858242035,0.9994528889656068,221.39206409454346,218.8657021522522,0.941686987876892,212.3932957649231,213.37200164794922,0.9654511213302612,206.26878261566162,264.57693815231323,0.9286906719207764,233.46457958221436,218.52486848831177,0.9306444525718688
198,211.21784448623657,69.11352038383481,0.9999341368675232,233.04443836212158,102.19177722930908,0.999384582042694,189.96447086334229,104.89512205123901,0.9997137188911438,233.10142993927002,135.55578589439392,0.7810674905776978,184.85582828521729,137.88343906402585,0.9180200695991516,231.2449336051941,164.3331956863403,0.5207760334014893,187.6203489303589,164.34838771820068,0.6837952733039856,222.6696753501892,165.88299751281738,0.9991499185562134,201.36984586715698,166.5197432041168,0.9993019700050354,222.95847415924072,216.44373178482056,0.9386037588119508,207.53266096115112,215.47927379608154,0.96064692735672,208.58415126800537,263.37013721466064,0.9328175783157348,213.50926637649536,196.06611013412476,0.859173595905304
199,210.6964659690857,67.96849608421326,0.9999234676361084,232.9749584197998,99.17817592620848,0.9994397163391112,189.79190826416016,100.55630564689636,0.999666392803192,234.4348955154419,134.34904932975766,0.798454225063324,184.84336137771606,131.87421798706055,0.9105098247528076,234.6012568473816,164.57227706909177,0.5489698052406311,187.2193694114685,158.30705523490906,0.649529218673706,222.74424076080322,165.18276929855347,0.9992122650146484,201.05441808700562,163.91467452049253,0.9991334080696106,222.87352323532104,214.67109203338623,0.9357454180717468,203.53490352630615,211.94974422454834,0.9457278847694396,212.00954675674438,261.64665699005127,0.9363447427749634,211.28159523010254,185.60025930404663,0.7884337902069092
200,210.6899642944336,59.15090560913086,0.9999273419380188,232.97478675842285,90.29266119003294,0.9994921684265136,189.64490175247192,91.97051167488097,0.9996601343154908,234.2755937576294,127.41450905799864,0.8110358119010925,184.85016345977783,123.23001623153685,0.9023147821426392,235.4432773590088,158.57029795646667,0.5709207653999329,186.46260023117065,151.0938763618469,0.6175771951675415,222.65244483947754,156.11000418663022,0.9992825388908386,200.32912731170654,154.00017857551575,0.999106228351593,222.5389552116394,210.55495262145996,0.9369244575500488,196.6434931755066,200.35346031188965,0.9442548155784608,215.05750179290771,260.42670249938965,0.9408705830574036,174.5637202262878,168.6495244503021,0.7441087365150452
201,210.69386959075928,49.17309343814848,0.9999308586120604,232.93787956237793,81.45509898662564,0.999539315700531,188.91321659088135,82.96410977840422,0.9996758103370668,234.16510820388794,117.86449313163756,0.8122720122337341,184.54758882522583,115.82219481468199,0.900737464427948,235.37650108337402,148.45678210258484,0.5690407156944275,182.8073287010193,146.25825047492978,0.5942198038101196,222.69471645355225,149.621365070343,0.9993483424186708,200.2381682395935,148.10173273086548,0.999125838279724,222.49247789382935,208.88307809829712,0.939842402935028,195.64914464950562,195.28648853302002,0.9458196759223938,217.8202199935913,259.29779291152954,0.9455740451812744,175.87164044380185,168.26175212860105,0.708295464515686
202,210.84169149398804,41.21012449264526,0.999935507774353,232.9593801498413,72.36846685409544,0.999582588672638,188.5936689376831,75.66017031669615,0.9997037053108216,233.99316787719727,107.49789476394653,0.8106809854507446,184.3385910987854,109.98203873634338,0.9052128195762634,234.86061573028564,139.9040973186493,0.5759646892547607,180.79899787902832,141.1177110671997,0.5992804169654846,222.78728485107422,143.44947338104245,0.9994086027145386,200.19295692443848,142.0711076259613,0.9991820454597472,222.35323905944824,201.73651456832886,0.9393477439880372,196.22633457183838,191.43045902252197,0.949959397315979,218.70575666427612,256.71443939208984,0.949817419052124,171.19900703430176,161.3582718372345,0.710473895072937
203,211.12782955169678,34.721630215644815,0.999933421611786,233.14822912216187,66.64491176605222,0.9996166229248048,188.49653005599976,70.79947113990784,0.9997184872627258,233.30841064453125,102.0905828475952,0.8115862011909485,185.03766059875488,104.72984433174132,0.9094321727752686,234.22757148742676,133.7482452392578,0.5836166739463806,181.2816882133484,136.1769425868988,0.6059412956237793,223.29776287078857,139.39229965209958,0.9994567632675172,200.2125906944275,137.7219808101654,0.9991979598999025,222.57088422775269,196.8354320526123,0.9403826594352722,201.96119785308838,187.3545742034912,0.9518267512321472,218.297438621521,253.812997341156,0.9531928896903992,175.8983767032623,164.59612727165222,0.6928819417953491
204,211.33830785751343,29.877075254917116,0.9999340772628784,233.70164394378662,62.82932460308075,0.9996474981307985,188.67902755737305,65.197736620903,0.9997386932373048,233.25146198272705,98.68122696876526,0.808320164680481,185.3524875640869,99.31617021560668,0.9132096767425536,233.4058928489685,130.00375270843506,0.5838761925697327,181.5476131439209,130.77206611633298,0.6130519509315491,223.34400415420532,134.00111317634583,0.9995036125183104,200.17755031585693,131.85487389564514,0.9992424845695496,222.47569799423218,191.97550535202026,0.9415158033370972,199.94576454162598,182.7670955657959,0.955123782157898,217.39087343215942,249.68250274658203,0.9565883874893188,175.33311724662778,163.50111007690427,0.686997652053833
205,211.61923170089722,27.641277015209173,0.9999327063560486,233.70220184326172,60.122010111808756,0.9996698498725892,189.5493721961975,60.879927277564995,0.9997522830963136,233.208589553833,96.81351900100708,0.8115073442459106,185.6673789024353,95.3134560585022,0.91898113489151,233.36817026138306,127.543888092041,0.5994629859924316,181.69891119003296,126.14614605903625,0.6351103782653809,223.30958604812622,129.63788866996765,0.9995440244674684,200.2053165435791,127.22627162933348,0.9992820024490356,221.71837091445923,184.5887017250061,0.944377899169922,200.11678218841553,179.37942266464233,0.957638680934906,216.96635484695435,245.34170150756836,0.9595283269882202,176.31759524345398,172.78097391128537,0.6835984587669373
206,212.08248138427734,26.13422691822049,0.999932825565338,233.89974117279053,59.2921185493469,0.9996930956840516,189.57518577575684,58.98887336254119,0.9997650384902954,233.17700386047363,96.25869870185852,0.8152926564216614,185.79949378967285,94.44421648979187,0.9240959286689758,233.29137325286865,127.98200011253357,0.6186965703964233,181.8198037147522,126.35463953018188,0.6555848121643066,222.99126148223877,129.35285568237305,0.9995808601379396,199.92196798324585,126.81393027305602,0.9993187189102172,221.56233072280884,184.6199655532837,0.946075975894928,199.3317747116089,176.9354259967804,0.9597501754760742,216.57219886779785,243.496835231781,0.9620357751846312,178.18379044532776,176.24022960662842,0.6826722621917725
207,212.9097819328308,24.571571946144083,0.9999330043792723,234.91722106933594,58.435946702957125,0.9997129440307616,189.5704436302185,58.83336961269376,0.9997687935829164,234.0600299835205,94.6932327747345,0.8194636106491089,185.93113660812378,94.05949115753172,0.9262609481811525,233.69585037231445,127.12691187858582,0.63433837890625,181.89975500106812,126.24098896980284,0.6657198667526245,222.96602725982666,130.55515050888062,0.9996134638786316,199.68074083328247,127.8841209411621,0.9993454217910768,221.55145168304443,186.0440468788147,0.9481991529464722,198.61995935440063,178.75467181205747,0.9610571265220642,216.99203968048096,243.41321468353271,0.9645520448684692,180.84266424179077,176.90558910369873,0.6777476072311401
208,213.77581357955933,25.3965041041374,0.9999313950538636,236.2261176109314,59.061845541000345,0.9997292160987854,189.98599290847778,59.29074525833129,0.9997658133506776,235.5613374710083,96.24696135520935,0.8304187059402466,186.64971113204956,95.25774121284485,0.9291091561317444,235.09450435638428,129.3190813064575,0.6569744348526001,182.16960668563843,128.22468638420102,0.6755411028862,223.00372838974,131.61630749702454,0.999638855457306,199.43477153778076,128.9209449291229,0.9993584752082824,221.56286716461182,188.38550806045532,0.9507341980934144,198.85558605194092,178.18822145462036,0.9615706205368042,217.84502506256104,243.8961410522461,0.966646134853363,182.82003164291382,174.76610898971555,0.6606945991516113
209,214.50953722000122,27.00281202793121,0.9999123215675354,236.8078351020813,61.126089692115784,0.9997252225875854,190.33684730529785,61.15173161029816,0.9996643662452698,235.98328113555908,98.10979843139647,0.8360685706138611,187.95234203338623,97.24614858627318,0.9145272970199584,235.2678394317627,131.18527650833127,0.6573185324668884,184.55278158187866,129.92141962051392,0.6416348814964294,223.01156044006348,133.81503224372864,0.999641478061676,198.24563026428223,131.56826376914978,0.9992495775222778,221.56724452972412,188.54114055633545,0.9506604671478271,197.99174308776855,179.4031548500061,0.956009030342102,218.03842306137085,244.37621355056763,0.9671239256858826,190.81591129302979,185.7675862312317,0.6290404796600342
210,214.59676265716553,28.829997181892374,0.9999111890792848,237.55194425582886,63.252668380737276,0.9997381567955016,190.97853899002075,63.47448170185089,0.999652087688446,237.41495847702026,99.75536584854125,0.843548059463501,187.52012014389038,98.92143487930298,0.9135832190513612,236.48358821868896,131.4202916622162,0.6733675599098206,184.4911551475525,131.3771402835846,0.6391310095787048,223.43191623687744,134.13618922233582,0.9996628761291504,198.2489776611328,131.9921064376831,0.9992727041244508,222.66521215438843,189.58945512771606,0.9532355666160583,198.31787824630737,184.08114194869995,0.9564123153686525,217.9383659362793,244.9148654937744,0.9682952761650084,195.95860719680786,205.30908823013306,0.6275770664215088
211,214.868266582489,31.737790703773474,0.9999180436134338,238.35675716400146,64.7873693704605,0.999755084514618,191.58263683319092,64.88514661788939,0.9996716380119324,238.37656259536743,102.29844331741332,0.8539378046989441,187.41686582565308,99.87347960472107,0.916291356086731,237.8204870223999,133.6846339702606,0.6952139139175415,184.66957569122314,134.5532190799713,0.6613004207611084,223.8667345046997,141.05551600456235,0.9996705055236816,198.24479341506958,139.8064112663269,0.9993194341659546,222.87802934646606,194.96548175811768,0.9569729566574096,198.09699296951294,196.44837856292725,0.9599785208702089,217.79934167861938,248.01178693771362,0.9705027341842652,199.99947309494019,244.498393535614,0.663963794708252
212,215.0581455230713,39.80564206838608,0.9999220371246338,238.8276243209839,73.2915812730789,0.9997562766075134,191.7558217048645,73.13079893589018,0.9996790885925292,239.6795153617859,111.11188173294067,0.8635658621788025,189.25379276275635,107.99682855606079,0.9187113642692566,239.67629671096802,141.34782314300537,0.7160269021987915,185.33896923065186,137.33773827552795,0.6856873631477356,224.3255853652954,148.80771160125732,0.9996188282966614,198.23794841766357,147.45718717575073,0.999339759349823,222.34869003295898,201.80193901062012,0.9606173634529114,197.5404453277588,203.0598521232605,0.9635971188545228,216.1825704574585,250.53915739059448,0.9727602601051332,198.45696687698364,257.55545139312744,0.6971917748451233
213,215.21727561950684,50.49562633037564,0.9999274015426636,239.21246767044067,83.50749313831328,0.9997485876083374,191.83326244354248,82.58253335952757,0.9996912479400636,240.60837507247925,121.84462308883666,0.8733534812927246,190.5901551246643,117.42684245109558,0.9129645228385924,243.1702709197998,152.75741457939148,0.7353473901748657,185.85305213928223,144.09186244010925,0.6899347901344299,224.50653791427612,157.28584170341492,0.999537229537964,198.04643869400024,155.53697705268857,0.9993810057640076,222.62600898742676,205.83336353302002,0.9635290503501892,196.23322248458862,208.01073789596558,0.9669376611709596,217.20245361328125,250.3602433204651,0.9746753573417664,197.0274567604065,264.1550588607788,0.7271912097930908
214,215.14809608459473,58.786656260490396,0.999925434589386,239.2612624168396,92.37478494644165,0.9996758103370668,192.28928089141846,90.55663347244263,0.999661922454834,240.8291530609131,129.977992773056,0.8800098896026611,193.1747531890869,123.7782061100006,0.8829647898674011,243.9016556739807,160.38760185241696,0.745945930480957,189.80984687805176,148.8872230052948,0.6665567755699158,224.51108694076538,162.28245377540588,0.9993836879730223,198.0237364768982,160.2873194217682,0.9993980526924132,223.8765835762024,207.54834651947021,0.9627193212509156,194.46796417236328,209.9555540084839,0.9689011573791504,220.00954627990723,250.6647491455078,0.9740950465202332,189.92876529693604,264.05431509017944,0.7538091540336609
215,215.12558698654175,63.68352770805358,0.9999249577522278,239.1267228126526,96.8999183177948,0.999655544757843,193.40171098709106,95.29518485069273,0.9996322393417358,241.09235286712646,133.9858245849609,0.8878083229064941,194.61278200149536,127.5898826122284,0.8415068984031677,244.57355976104736,166.79782390594482,0.7606826424598694,190.9678316116333,153.31987380981445,0.6437914967536926,224.66373682022095,167.09590315818784,0.9993184804916382,198.23936462402344,165.18142819404602,0.9994205236434937,227.89223670959473,210.60848951339722,0.9634808897972108,192.03245401382446,210.66998720169067,0.9710968136787416,223.84615659713745,250.99605560302734,0.974295735359192,184.80379343032837,259.9957036972046,0.777843713760376
216,215.0446057319641,63.10294210910797,0.9999168515205384,239.03209447860718,97.27423667907715,0.9995975494384766,193.77874374389648,95.87033629417418,0.9995110034942628,241.28268241882324,134.77636814117432,0.8934643268585205,195.33240795135498,128.58744978904724,0.7908676266670227,244.5496129989624,167.0677614212036,0.7665475010871887,193.18990230560303,157.36006379127502,0.5947484374046326,225.2236533164978,165.83087682724,0.9992558360099792,198.33510875701904,164.5381915569305,0.999443769454956,230.38591861724854,209.07975912094116,0.9650424718856812,191.68089151382446,211.65504455566406,0.9734448790550232,228.7744903564453,250.11326551437378,0.9750181436538696,181.48845434188843,260.18558263778687,0.799669086933136
217,215.0862979888916,60.48804581165311,0.9999198317527772,238.98900747299194,94.77101683616638,0.9996094703674316,193.6748456954956,93.53171825408934,0.9995075464248656,241.22114181518555,131.507796049118,0.902069330215454,194.5575499534607,124.2873966693878,0.772622287273407,244.44541454315186,163.81770730018613,0.7859106063842773,192.08963871002197,152.68770933151245,0.5857293605804443,225.1796007156372,164.43183660507202,0.999238669872284,198.34006547927856,163.4032845497131,0.9994787573814392,229.00166273117065,208.98442268371582,0.9677615165710448,191.1717438697815,214.77087020874023,0.9758642315864564,230.06298065185547,249.87858295440674,0.9767882227897644,181.09195947647095,263.527615070343,0.8195062875747681
218,214.78041887283325,57.6717746257782,0.999925136566162,238.58131170272827,92.27158427238463,0.9996333122253418,192.00337886810303,91.60521626472473,0.999532163143158,241.00705862045288,130.52955150604245,0.9099063873291016,191.6403579711914,122.3084306716919,0.7504098415374756,243.89753580093384,161.22086763381958,0.8028519749641418,190.93394994735718,150.8778083324432,0.5712983012199402,224.28919315338135,163.3633840084076,0.9992439150810242,197.6308035850525,162.8253972530365,0.999524474143982,225.47277688980103,209.43526983261108,0.9694494009017944,190.76932668685913,218.11249494552612,0.9779633283615112,227.46600151062012,248.66772651672363,0.977069854736328,182.49745845794678,269.6447467803955,0.8373470306396484
219,214.65544939041138,56.2070095539093,0.9999290108680724,238.45754384994507,90.65769910812378,0.999650239944458,190.81865787506104,89.9474662542343,0.9995596408843994,240.86254119873047,129.295574426651,0.9148669838905334,185.86066961288452,119.1547107696533,0.7389984726905823,243.61624717712402,159.74785208702087,0.8132802844047546,184.91382837295532,149.79299426078796,0.5583450198173523,223.6630153656006,163.13695192337036,0.9992197155952454,196.94969415664673,162.19984173774716,0.9995641112327576,222.4829077720642,208.66618394851685,0.9696514010429382,191.29390239715576,218.50757360458374,0.979686677455902,220.65216064453125,248.30350399017334,0.9743778109550476,183.50858688354492,275.1479744911194,0.8532623052597046
220,213.56321096420288,55.86997389793394,0.9999332427978516,237.9272174835205,89.7105413675308,0.999664068222046,189.19259548187256,89.11366939544676,0.9995909333229064,240.79297542572021,128.14512133598328,0.9204715490341188,184.96674299240112,122.36137747764587,0.7490620613098145,243.55249643325806,159.15358185768125,0.8245598077774048,184.1147017478943,155.7641279697418,0.5690932273864746,222.4413013458252,162.67948508262631,0.9991407990455629,196.1935043334961,161.6272437572479,0.9995875358581544,217.64752864837646,209.35903072357178,0.9670024514198304,191.40097618103027,218.86317014694214,0.9799739122390748,210.58248281478882,248.34506750106812,0.9651860594749452,188.99009943008423,276.7764186859131,0.8663018941879272
221,211.823251247406,52.34332501888275,0.9999390840530396,237.20810651779175,89.5864462852478,0.9996855854988098,188.21240901947021,88.63073229789731,0.9996232986450196,239.47648286819458,127.82612085342407,0.9261342883110046,184.46126461029053,126.12602949142456,0.7653213143348694,241.78159475326538,161.9530463218689,0.8347844481468201,181.3681197166443,160.2836287021637,0.5899825096130371,220.26212453842163,161.81976199150083,0.9991263151168824,195.585458278656,160.67807435989377,0.9996070861816406,210.30246019363403,208.81640911102295,0.9620361328125,191.8775725364685,217.34742164611816,0.9771515727043152,205.2899694442749,245.77400922775269,0.9450952410697936,192.78106927871704,276.432044506073,0.8761511445045471
222,209.99267578125,50.73069512844083,0.9999395608901978,235.78720092773438,89.4243764877319,0.9996846914291382,186.31906986236572,88.35262477397917,0.9996342062950134,238.40415716171265,127.59747862815857,0.9306514263153076,183.57398986816406,127.61664032936096,0.7717028856277466,238.83740901947021,162.91499376296994,0.8338685035705566,178.058660030365,161.11652970314026,0.6028576493263245,217.6203203201294,161.75622582435608,0.9990078806877136,193.73172998428345,160.59016227722165,0.9995808005332948,201.9653606414795,211.80554866790771,0.9524466395378112,191.9744324684143,217.26502418518066,0.9560791850090028,192.71528005599976,246.0608983039856,0.919575810432434,193.26036930084229,273.80335092544556,0.8785533905029297
223,206.1716651916504,50.410112142562845,0.9999445676803588,232.0680069923401,88.91224086284636,0.9996954202651978,181.5784478187561,88.65742564201352,0.9996631741523744,233.67535829544067,127.3017168045044,0.9299197793006896,178.83366823196408,127.93051242828368,0.7866625189781189,234.3331217765808,162.01061725616452,0.8264369964599609,174.3831646442413,161.8433654308319,0.6241401433944702,214.92847681045532,161.6906404495239,0.9989916682243348,191.74230337142944,160.61885118484494,0.9995875954627992,195.72336673736572,213.03400039672852,0.930094838142395,191.06786727905273,220.21313667297363,0.9491571187973022,173.57893109321594,246.24916791915894,0.904981017112732,193.4157657623291,280.99637031555176,0.8862903118133545
224,203.72450351715088,50.44267416000366,0.9999495148658752,229.08408164978027,88.84246587753294,0.9996981620788574,178.8598036766052,89.78201150894165,0.9996947646141052,229.55233097076416,129.05622482299805,0.9258919954299928,177.41593837738037,129.18386578559875,0.8022743463516235,230.0800609588623,167.26189970970154,0.808806300163269,172.7446460723877,163.69552731513977,0.6515363454818726,213.26814651489258,163.6603581905365,0.9990010261535645,189.98395442962646,162.13074803352356,0.9996127486228944,194.13215160369873,216.56078338623047,0.9230058789253236,190.55580139160156,222.51601696014404,0.9492781758308412,164.35054421424863,247.6128888130188,0.9078262448310852,196.67263269424438,283.4970688819885,0.8959858417510986
225,201.5380096435547,50.64385056495664,0.9999540448188782,226.4997410774231,88.6819303035736,0.9997130632400512,176.92892432212827,90.12492656707764,0.9997230768203736,227.19930410385132,129.3468153476715,0.9248260855674744,175.87004184722898,129.7243845462799,0.8178695440292358,227.81569719314575,167.2686159610748,0.8026984333992004,171.88261628150937,164.38334226608274,0.6779317855834961,210.5014157295227,164.1423940658569,0.9990442395210266,188.1826901435852,162.84072875976562,0.999637484550476,192.87522554397583,219.08133029937744,0.9192605018615724,190.79606294631958,223.78315687179565,0.9494664669036864,156.96748495101926,248.1869673728943,0.9119757413864136,199.15710926055908,284.55639123916626,0.9047295451164246
226,199.5015048980713,51.43619656562803,0.999958038330078,224.63294506072998,89.09511387348175,0.9997302293777466,175.1198172569275,90.42752265930176,0.999745547771454,226.39037132263184,131.01138353347775,0.9265174865722656,173.69855761528015,129.72649812698364,0.8281790614128113,226.01986169815063,169.34518218040466,0.8028059601783752,170.57242155075073,163.11888456344604,0.6929325461387634,208.47864389419556,164.41925168037412,0.9990888237953186,185.44409036636353,162.80552744865417,0.9996561408042908,192.5587248802185,220.51732063293457,0.9159559607505798,190.3909420967102,224.61148738861084,0.9468173980712892,153.2255244255066,250.0086808204651,0.9150322675704956,201.62519216537476,282.8107237815857,0.9114983677864076
227,197.39395380020142,51.759998202323914,0.99996155500412,223.0561923980713,89.80476200580596,0.9997395277023317,172.49972820281982,91.03487133979797,0.9997599720954896,225.80678701400757,131.78815126419067,0.9241644144058228,170.4676330089569,129.28905129432678,0.8351720571517944,225.5994415283203,169.06900048255918,0.7854024767875671,168.48845243453977,162.54387259483337,0.6966425776481628,206.50376558303833,165.5023169517517,0.999132513999939,182.86142349243164,163.90213251113892,0.9996601343154908,191.31463050842285,222.378408908844,0.9174154996871948,185.2851963043213,225.85281372070312,0.9449737071990968,152.4150037765503,257.95334100723267,0.9202485084533693,200.2530813217163,279.4283080101013,0.917485773563385
228,195.60468435287476,54.01378870010374,0.9999650120735168,222.30547428131104,92.58122920989989,0.9997588992118835,172.61233806610105,92.97077178955078,0.9997679591178894,225.74174880981445,135.34172415733337,0.9268733263015748,168.9733529090881,131.4154851436615,0.8432856798171997,223.87203454971313,174.12277579307553,0.7898884415626526,168.4408378601074,162.71954655647278,0.7041928172111511,204.66321229934692,168.79878401756284,0.999201476573944,180.60517072677612,166.8033492565155,0.9996635317802428,187.11446285247803,228.37288856506348,0.9195690751075744,182.07180261611938,227.44003772735596,0.946236252784729,155.51592707633972,274.80971574783325,0.9264269471168518,200.278959274292,273.5339069366455,0.9227426052093506
229,195.45214176177979,57.409991025924676,0.9999680519104004,222.08553314208984,95.6160843372345,0.9997736811637878,172.2916531562805,95.51235795021057,0.99977308511734,224.8839569091797,137.14822411537168,0.9272756576538086,168.57946515083313,134.00036215782163,0.8530203104019165,222.5038719177246,175.3822660446167,0.7883133888244629,167.59086728096008,165.85673332214353,0.7099109888076782,202.9336166381836,171.3517105579376,0.9992674589157104,178.20163249969482,168.8219153881073,0.999663770198822,185.3655982017517,228.3854842185974,0.9233188033103944,179.2388319969177,226.8654227256775,0.9476782083511353,155.03410577774048,275.7913613319397,0.9328030347824096,199.4930934906006,261.24945402145386,0.926032781600952
230,194.93795156478882,58.05899977684021,0.9999704360961914,222.20000982284546,96.45378112792969,0.9997841715812684,171.17223858833313,96.29760146141052,0.999778926372528,223.73195886611938,137.10378527641296,0.924031376838684,168.1681966781616,135.8793783187866,0.8607892990112305,222.12031602859497,174.35946464538574,0.7727228999137878,165.48811197280884,167.54281282424927,0.7074868083000183,202.17350006103516,171.59196138381958,0.999324381351471,176.72487258911133,168.73142838478088,0.9996625781059264,184.49136972427368,226.5343952178955,0.9270931482315063,180.07939338684082,226.0358691215515,0.94810688495636,155.68862915039062,277.42725133895874,0.938690185546875,198.5335922241211,261.8500328063965,0.9290194511413574
231,195.69525718688965,56.70373320579528,0.9999725222587584,222.2766351699829,95.4366660118103,0.9997997283935548,171.20584130287168,95.67667007446288,0.999799370765686,223.20549488067627,135.9459829330444,0.9246587753295898,167.49149680137631,134.28390383720398,0.8724867105484009,220.91516733169556,172.9901111125946,0.7800939083099365,162.42313027381894,167.21799731254578,0.7263497710227966,201.7616629600525,170.36069869995117,0.9993540644645692,177.1355080604553,167.92508125305176,0.9996814727783204,181.79017066955566,226.34687662124634,0.9178797602653505,181.90597772598267,226.47058010101318,0.948106288909912,154.9029564857483,277.6880693435669,0.9397485256195068,195.37596702575684,279.0916156768799,0.9320115447044371
232,196.33896589279175,50.946167707443216,0.9999746084213256,222.77775764465332,90.55645108222961,0.9998154044151306,171.9634687900543,87.70114302635193,0.999818742275238,222.9683232307434,133.88518810272214,0.922388792037964,165.99328994750977,128.64877581596375,0.8831709623336792,218.62930297851562,170.45297741889954,0.7870022058486938,161.69344067573547,166.2744605541229,0.7464942336082458,202.27508068084717,167.62528538703918,0.999355137348175,178.26861262321472,165.4630708694458,0.9997029304504396,182.60968208312988,225.19286155700684,0.892886221408844,184.3309736251831,226.287202835083,0.9499841928482056,156.41159176826477,274.95577812194824,0.936490833759308,191.69745683670044,288.80157709121704,0.9371767640113832
233,196.84837102890015,45.664120316505425,0.9999766945838928,223.02977800369263,85.51710605621336,0.9998289346694946,172.15218901634216,82.31986999511719,0.999835968017578,222.88665533065796,130.27529954910275,0.9171435236930848,165.80371141433713,126.17310762405396,0.89254230260849,217.91881799697876,165.51802396774292,0.7883205413818359,161.9865524768829,164.3847048282623,0.7640607953071594,202.41174459457397,164.44942116737363,0.9993517994880676,178.67120146751404,162.55393624305722,0.9997219443321228,184.44538593292236,224.0692949295044,0.8734862208366394,185.13765335083008,225.64218521118164,0.9516892433166504,154.8748469352722,272.2120928764343,0.932436227798462,191.99619054794312,289.5270609855652,0.9421055912971495
234,197.22244262695312,43.15546900033949,0.9999780654907228,223.26877355575562,83.07483136653899,0.9998392462730408,172.47007369995117,80.3605270385742,0.999849498271942,222.42085218429565,125.0769531726837,0.9110251069068908,165.6634211540222,123.9196765422821,0.8995506763458252,217.81116485595703,158.04945588111875,0.7868962287902832,161.80583596229553,161.3005185127258,0.774536669254303,201.94579124450684,161.87182903289792,0.9993574023246764,177.9681837558746,159.6923840045929,0.9997333288192748,188.09834003448486,222.31830596923828,0.8656115531921387,186.78716897964478,224.4954013824463,0.9532716870307922,154.2092943191528,260.79800605773926,0.932478129863739,196.24448776245117,287.3079299926758,0.9466570615768432
235,197.28859663009644,42.84417450428006,0.999979555606842,223.49907875061035,81.80998742580412,0.9998506903648376,172.73279070854187,80.76736986637114,0.999862790107727,222.82387018203735,124.58301901817322,0.9073435068130492,166.5170931816101,124.32931423187256,0.9056787490844728,218.04112672805786,158.76144289970398,0.7863255739212036,162.79690146446228,161.50483846664426,0.7850916981697083,202.30321168899536,161.84597253799438,0.9993693828582764,178.29712986946106,159.34042453765866,0.9997487664222716,193.70808362960815,222.2242784500122,0.8614038825035095,193.58757734298706,223.69213342666626,0.9550275206565856,152.98422217369077,251.47142887115479,0.9296045899391174,199.50762033462524,285.0457763671875,0.9508055448532104
236,197.94050216674805,42.57725983858105,0.9999811053276062,224.74231481552124,81.67230963706969,0.9998630285263062,173.06286334991452,81.36902689933777,0.999874234199524,222.9936647415161,124.92882013320921,0.9110823273658752,167.02175617218018,124.43557262420653,0.9117755889892578,218.8394594192505,160.18623232841492,0.7975949645042419,163.5832715034485,163.98302793502805,0.7958982586860657,203.30921173095703,162.1306300163269,0.9994159936904908,178.66076231002805,159.6876847743988,0.9997687935829164,196.99308156967163,222.21144676208496,0.8687446713447571,194.37217712402344,223.66805791854858,0.957152545452118,155.03728151321408,255.16249179840088,0.9328608512878418,204.3443512916565,284.6767044067383,0.9547552466392516
237,200.4028558731079,43.3389589190483,0.9999825954437256,226.524760723114,82.50408947467804,0.9998696446418762,173.46433639526367,81.90061926841734,0.999885082244873,224.25076246261597,125.15678644180298,0.9121286869049072,168.8900113105774,126.97547435760497,0.9175934195518494,223.6188554763794,166.77389860153195,0.7969037294387817,166.30500555038452,164.92922544479367,0.8077511787414551,206.66624307632446,163.56483936309812,0.9994305968284608,180.7790207862854,161.37736916542053,0.9997750520706176,196.54000282287598,225.23562669754028,0.8653313517570496,194.30035829544067,226.0442590713501,0.95513254404068,160.22663712501526,278.0914092063904,0.9349427223205566,209.77726221084595,283.54283809661865,0.9558560252189636
238,203.6661171913147,45.12791991233826,0.9999841451644896,229.49763536453247,83.04720997810362,0.9998762607574464,175.87599635124204,83.0248403549194,0.9998956322669984,227.60828733444214,127.28715777397156,0.9121094346046448,171.06037974357602,126.98371410369873,0.9232771992683412,226.9824743270874,169.7266888618469,0.7973064184188843,168.93133878707886,164.76710200309753,0.8201795220375061,210.2880620956421,166.8021261692047,0.9994415044784546,185.28090476989746,164.29481863975522,0.9997856020927428,192.5590467453003,228.13539505004883,0.8626573085784912,194.19626712799072,227.64734029769897,0.9556410908699036,161.01255655288696,285.49808263778687,0.9376988410949708,210.57445764541626,286.40668630599976,0.9579628705978394
239,206.05199575424194,46.234524250030496,0.9999853372573853,231.75948858261108,86.09618961811066,0.9998695850372314,177.88493871688843,86.32834553718565,0.9999050498008728,230.50297021865845,131.4981508255005,0.9029126763343812,173.68820428848267,129.4435465335846,0.9282785058021544,230.59298515319824,172.46962308883664,0.7742223143577576,169.95925784111023,167.12486028671262,0.8278459906578064,214.11407232284546,171.93405032157898,0.99943608045578,188.29476356506348,168.1800413131714,0.9997955560684204,191.48142099380493,231.33771657943726,0.8617440462112427,194.56789255142212,230.71392059326172,0.9574165940284728,161.5056324005127,287.2015428543091,0.940542995929718,210.33597707748413,291.21949195861816,0.960287868976593
240,208.28880786895752,47.07133054733276,0.999986469745636,233.51852416992188,87.81437516212462,0.9998716115951538,180.22135734558105,88.06123495101927,0.9999123215675354,232.13448286056519,132.76460409164426,0.8981344699859619,176.48867726325986,129.66076254844663,0.9299601316452026,231.53950452804565,174.49349999427795,0.7663261890411377,171.14144682884216,166.8641710281372,0.8339040279388428,217.33531951904297,174.37724232673642,0.999441146850586,191.1987805366516,171.04947924613953,0.9998016357421876,195.26357173919678,235.80243587493896,0.865566074848175,197.96245336532593,236.8172550201416,0.9586872458457948,166.79421901702878,283.8671064376831,0.943163812160492,210.63518285751343,295.98766565322876,0.9626777172088624
241,211.29906177520752,47.8190606832504,0.9999867081642152,235.06042957305908,88.13350439071654,0.9998562932014464,181.96425676345825,88.76429557800293,0.9999146461486816,233.3238172531128,132.69308567047116,0.8870288133621216,177.90743708610535,129.76626992225644,0.932388424873352,231.5551471710205,173.72091650962827,0.746109664440155,173.82423520088193,168.18793773651123,0.8380153179168701,221.4747190475464,174.83927965164185,0.9994120597839355,194.27598237991333,172.52912521362305,0.9997857809066772,214.70840692520142,235.14538049697876,0.8762502670288086,203.420512676239,239.99951362609863,0.9608287215232848,179.5925188064575,281.5595054626465,0.9450300931930542,212.1355676651001,299.2815899848938,0.96521258354187
242,213.1940746307373,47.83277750015257,0.999986469745636,237.47849464416504,88.15646409988402,0.9998288154602052,184.68506813049316,89.02192711830138,0.9999147057533264,236.95623636245728,132.4166464805603,0.875765860080719,180.1506543159485,132.83116579055786,0.9361101388931274,237.22975730895996,172.77482628822327,0.7282539010047913,177.71089553833005,171.09989404678342,0.8437504172325134,224.77214097976685,174.45849180221555,0.9993971586227416,197.60756492614746,173.0331015586853,0.9997678399086,231.86587572097778,233.58832597732544,0.8871548175811768,203.93189191818237,238.65248680114746,0.9632666110992432,193.92255306243896,266.1867570877075,0.9462490081787108,212.50470399856567,300.6730556488037,0.9676960110664368
243,214.73083019256592,47.29465663433075,0.99998277425766,238.85350227355957,86.84915006160735,0.9998143315315248,187.07425117492676,88.85313570499419,0.9999050498008728,240.6743574142456,129.94875669479367,0.8715145587921143,182.7523112297058,132.42024064064026,0.9395557045936584,243.03815603256226,167.13952660560608,0.7286520600318909,181.1892056465149,170.59491991996765,0.8493562936782837,227.01197862625122,174.2136490345001,0.9993605017662048,199.2071270942688,171.90173506736753,0.9997151494026184,239.30190324783325,231.22720956802368,0.8952839374542236,204.78743076324463,237.15371131896973,0.9640531539916992,206.48614883422852,259.413857460022,0.93702894449234,213.17641496658325,297.655827999115,0.967930018901825
244,216.4355993270874,44.702658355236046,0.9999817609786988,240.44272184371948,84.4079267978668,0.9998196959495544,188.32643508911133,87.87050843238828,0.9999008178710938,242.87782430648804,127.40272879600523,0.8777773976325989,183.59551191329956,131.24205350875854,0.9418672919273376,248.14261436462402,166.86200380325317,0.7474261522293091,181.7263126373291,170.0277292728424,0.8559271097183228,231.00565910339355,171.97939038276672,0.9993500709533693,201.6747808456421,171.7895543575287,0.999698519706726,240.73883771896362,229.81662511825562,0.9039357900619508,206.6445279121399,236.1294937133789,0.9662626385688782,221.3942313194275,265.7771301269531,0.9338805079460144,215.66977500915527,296.7732524871826,0.9692933559417723
245,217.89841175079346,40.88302642107007,0.9999783635139464,241.9976305961609,80.74792385101317,0.9998246431350708,190.10431051254272,83.99933516979216,0.9998900890350342,243.98398876190186,124.76856350898741,0.8804996609687805,185.23715257644653,124.08637046813965,0.9364111423492432,248.65274906158447,162.73179888725278,0.754640519618988,182.38173723220825,162.10476279258728,0.8481090068817139,234.7685408592224,168.31257462501526,0.9993764758110046,204.95224714279175,168.4023857116699,0.9996954202651978,241.1844277381897,228.6398434638977,0.9127671718597412,210.52433252334595,234.07562971115112,0.9687967896461488,234.06460046768188,285.3455185890198,0.9393063187599182,217.7777338027954,295.2193307876587,0.9714969992637634
246,218.76646041870117,38.12365025281905,0.9999679327011108,243.39394569396973,77.48913645744322,0.9998091459274292,191.21066808700562,82.03688085079192,0.999875783920288,244.6288776397705,121.83178067207335,0.8709882497787476,187.51359701156616,123.94349455833435,0.9258249402046204,246.7526936531067,159.11590218544004,0.7323263883590698,185.516939163208,161.34343385696408,0.8285369873046875,236.87973976135254,164.81632590293881,0.9993906021118164,206.42005920410156,165.741012096405,0.9996659755706788,242.03370094299316,224.49012279510498,0.9200748801231384,214.39705610275269,231.54396772384644,0.969649374485016,238.23854684829712,287.186222076416,0.9438995122909546,224.45982456207275,288.36313247680664,0.9720381498336792
247,220.12267112731934,37.03072249889374,0.9999620914459229,244.32780504226685,76.1818492412567,0.9998031854629515,192.97043323516846,80.2839285135269,0.9998690485954284,245.3959035873413,121.03496074676514,0.8534883260726929,190.9077286720276,123.41399431228636,0.9268156886100768,247.1753454208374,158.07899236679074,0.7118077278137207,189.11049842834473,161.9353652000427,0.8233419060707092,237.8485107421875,161.2870752811432,0.9994333386421204,207.8158164024353,162.1244502067566,0.9996736645698548,245.3014039993286,223.42620849609375,0.9264494776725768,216.83496952056885,227.12615489959717,0.9704942107200624,235.39864540100098,286.63190603256226,0.9468380212783812,232.50773906707764,277.3995065689087,0.963460385799408
248,221.56906843185425,36.25336468219756,0.999951720237732,246.18754148483276,75.73830306529997,0.9997940063476562,193.7996220588684,79.84939455986022,0.999862253665924,247.07717657089233,121.05970144271849,0.8308839797973633,192.1840524673462,123.44100952148438,0.9264204502105712,248.25161933898926,157.88305163383484,0.6749361157417297,192.18903064727783,161.46198749542236,0.8058757185935974,241.3084101676941,161.27896428108215,0.9994730949401855,210.99884748458862,162.20960497856137,0.9996737837791444,246.9289469718933,223.82903337478638,0.9316985011100768,220.4478621482849,224.9562907218933,0.970150113105774,237.43525743484497,285.7661962509155,0.9488106966018676,235.90732097625732,245.32211065292358,0.914828598499298
249,222.9518222808838,36.23825043439862,0.9999513626098632,247.40253925323486,75.5092692375183,0.9997857809066772,194.4067883491516,79.7988510131836,0.9998504519462584,249.0439224243164,121.63279294967651,0.8126283288002014,193.73733043670654,123.49565148353577,0.9250977039337158,250.22922277450562,158.78193497657776,0.6419280767440796,194.901602268219,161.56283855438232,0.7870233654975891,243.40325832366943,161.06565356254578,0.9994982481002808,214.29242849349976,162.3871886730194,0.9996469616889954,245.11568784713745,224.02213096618652,0.935003101825714,223.98550271987915,223.837251663208,0.9678826928138732,236.18399620056152,285.1251268386841,0.9505962133407592,246.00817680358887,239.73148584365845,0.8840420246124268
250,223.5080051422119,37.11515843868253,0.9999551773071288,248.91614198684692,76.37832641601561,0.9997912049293518,195.02320289611816,80.04424095153807,0.9998538494110109,249.67761039733887,121.69614672660828,0.8132495880126953,194.9522852897644,124.60815668106079,0.930334448814392,253.86372327804565,160.8139443397522,0.6448584198951721,197.67056465148926,166.22169613838193,0.7975255250930786,242.88007736206055,159.79687213897702,0.99953430891037,216.33792400360107,161.41249537467954,0.9996433854103088,241.56068801879883,221.7902112007141,0.9394034147262572,227.52657651901245,220.43043851852417,0.9672389626502992,234.48570728302002,285.3306484222412,0.9541655778884888,253.3229684829712,228.29660654067993,0.8749443888664246
251,223.8151502609253,37.61675298213959,0.9999589323997498,250.7415246963501,76.82881414890286,0.999799907207489,195.75119733810425,80.19022285938262,0.999859094619751,252.08584785461426,121.89598202705382,0.8123067617416382,196.7336368560791,125.06829500198364,0.9336114525794984,254.44782257080078,161.41228079795837,0.6340287327766418,199.96213674545288,166.81413173675537,0.7974703311920166,244.09202814102173,160.150226354599,0.99956476688385,216.53748035430908,161.75619363784787,0.999647617340088,242.95886993408203,222.09396600723267,0.9440810084342957,227.2040033340454,221.25621557235718,0.9690306782722472,234.6317481994629,284.5935344696045,0.9578328728675842,258.8680171966553,224.250226020813,0.8757944107055664
252,224.852135181427,37.77629077434539,0.9999621510505676,251.3050889968872,77.15486884117125,0.9998120665550232,196.9516897201538,80.86765229701996,0.9998642206192015,252.11902141571045,121.98953747749327,0.8088135719299316,197.16877698898315,125.42970657348633,0.9366608262062072,254.49309825897217,161.98819398880005,0.6311843991279602,199.9379324913025,167.9876089096069,0.8028898239135742,245.74227333068848,160.6111907958984,0.9995970129966736,217.86989450454712,162.22000122070312,0.9996604323387146,248.29753875732422,221.51793479919434,0.948421835899353,232.17057466506958,220.5412244796753,0.9706071019172668,235.07004261016846,280.62875747680664,0.9610968232154846,263.3841919898987,231.06114864349365,0.8791120052337646
253,225.08422136306763,40.812527239322655,0.9999640583992004,251.27579927444458,77.72261202335358,0.9997984170913696,197.47534275054932,82.43886351585387,0.9998684525489808,252.4579882621765,122.05105662345886,0.8027968406677246,196.8297028541565,126.76875114440917,0.9395828247070312,254.7103786468506,161.9954788684845,0.6212816834449768,201.2480092048645,169.508056640625,0.8049213290214539,246.0050654411316,159.9615168571472,0.999569296836853,219.5761227607727,161.7984437942505,0.9996652603149414,253.4748888015747,215.3378677368164,0.9502067565917968,240.59783935546875,218.47695350646973,0.971116542816162,234.71669912338257,265.8581328392029,0.9611374735832214,264.32854413986206,239.8551893234253,0.8876942992210388
254,224.5818543434143,47.85109162330627,0.9999662041664124,250.5947971343994,83.83540928363799,0.999770164489746,197.80986785888672,88.07996213436125,0.9998767971992492,252.2960901260376,126.88424706459045,0.7874904274940491,195.87262630462646,128.97367715835568,0.943066418170929,255.7185673713684,163.0395984649658,0.6093162298202515,200.38817882537842,169.8890376091003,0.8129294514656067,247.58023023605347,160.8470106124878,0.9995483756065368,221.10326528549194,163.43397974967954,0.9996875524520874,258.20858001708984,212.71468877792358,0.9527061581611632,242.85404920578003,216.97307109832764,0.9730910658836364,232.3835849761963,250.39448976516724,0.959557294845581,267.1643042564392,247.68187522888184,0.8975654244422913
255,224.3978977203369,53.8522285223007,0.9999654293060304,250.0881814956665,89.28608179092404,0.999722957611084,197.46712446212769,94.2507755756378,0.999881148338318,251.57876014709473,130.7255244255066,0.7683020234107971,195.45984506607056,131.6949498653412,0.9410894513130188,256.309232711792,164.6283996105194,0.5837996602058411,198.96203756332397,171.41999959945676,0.8023600578308105,247.9966163635254,163.74499797821042,0.9994789361953736,222.18998908996582,166.8976879119873,0.9997100234031676,262.82678604125977,211.31994009017944,0.9548038244247437,241.4690637588501,216.06433868408203,0.9750609993934632,232.02479124069214,235.03613948822021,0.9530064463615416,267.6169538497925,248.17814826965332,0.906775176525116
256,224.23928260803223,56.3490968942642,0.999962329864502,249.14882898330688,91.72152757644653,0.999602735042572,197.1975302696228,98.28373432159422,0.9998655319213868,250.42004585266113,131.16205930709836,0.7527494430541992,195.07195472717285,134.95454192161557,0.9397695064544678,255.5052137374878,164.56503510475156,0.5534317493438721,198.77651453018188,172.11312532424927,0.7892431616783142,247.01108694076538,164.28898215293881,0.9994500279426576,221.394145488739,168.53315949440002,0.999721348285675,266.8623948097229,205.56012153625488,0.9577805995941162,241.0068440437317,213.02307844161987,0.9760134220123292,229.05983448028564,217.48168230056763,0.9499334692955016,267.5677514076233,248.52380990982056,0.9136512279510498
257,222.01603174209595,55.85344076156616,0.9999579787254332,246.66160583496094,91.51110291481017,0.9994493722915648,195.23853063583374,98.69339346885681,0.9998448491096495,248.46583127975464,130.49441456794736,0.7365954518318176,193.32858324050903,134.23971176147458,0.9411485195159912,254.95827913284302,163.29290628433225,0.5281489491462708,196.80869579315186,171.6594672203064,0.78715580701828,246.57465934753418,164.4744837284088,0.9994547367095948,220.301992893219,168.68754744529724,0.9997325539588928,266.69543266296387,202.66470909118652,0.9605810046195984,231.91688060760498,208.7517786026001,0.9765908122062684,225.11282444000244,210.8399534225464,0.9471847414970398,265.9765362739563,248.71328115463257,0.9195360541343688
258,218.1707525253296,53.93311858177182,0.9999564290046692,242.23257064819336,90.89577198028563,0.999427855014801,190.54616689682007,96.24499797821044,0.9998517036437988,245.23741722106934,128.39525341987607,0.7364940047264099,188.84446620941162,133.46057295799253,0.9413245916366576,253.3284831047058,161.8804121017456,0.5183789730072021,193.16245794296265,171.35951042175293,0.7834019064903259,240.57509422302246,161.02888584136963,0.9994386434555054,215.92748165130615,166.01277351379392,0.9997523427009584,263.1717610359192,202.39908456802368,0.9628987908363342,232.0620632171631,208.7513279914856,0.9782617092132568,220.01508235931396,216.91311836242676,0.9445790648460388,263.92014026641846,247.85478115081787,0.9270277619361876
259,214.82616662979126,47.978174686431885,0.9999592900276184,238.2455849647522,84.86459970474243,0.9994596242904664,186.08773469924927,91.17103099822997,0.9998552799224854,242.2414755821228,125.32396316528319,0.7409977912902832,187.10787534713745,132.26089596748352,0.945345938205719,251.49110555648804,161.20348691940305,0.5227752923965454,191.16470575332642,171.0709798336029,0.7921475172042847,236.93196773529053,158.4431183338165,0.9994762539863586,211.22110605239868,164.0581941604614,0.9997623562812804,260.95202922821045,200.44326066970825,0.9660953283309937,230.7911467552185,209.0919041633606,0.9795554280281068,221.02848529815674,228.83813381195068,0.9484148621559144,262.56588220596313,238.2938003540039,0.9321271181106568
260,212.17092990875244,41.69458776712417,0.9999594688415528,235.09780883789062,79.79879200458525,0.9994918704032898,182.13338613510132,85.56344389915466,0.9998598098754884,239.69515800476074,123.24890971183777,0.7348493933677673,184.0250301361084,128.74842524528503,0.9495849013328552,247.78433561325073,160.46363711357114,0.525371789932251,188.7262773513794,167.07548618316648,0.8029884696006775,232.99296140670776,158.16909313201901,0.9995174407958984,207.37863779067993,163.05854558944702,0.9997658133506776,257.13340044021606,202.65035390853882,0.9675341248512268,228.9456582069397,212.73406505584717,0.9793330430984496,221.61932229995728,247.73614168167114,0.9500954747200012,238.56401681900024,236.3612151145935,0.9280788898468018
261,210.3200125694275,39.272907078266115,0.9999441504478456,232.7922248840332,77.51575469970702,0.999513864517212,180.0432586669922,82.87686824798581,0.9998591542243958,236.46431922912598,121.49822115898132,0.7135913372039795,182.46806144714355,125.9891402721405,0.9511327743530272,242.91921615600586,158.64972352981567,0.5047317743301392,185.63315391540527,164.56225633621213,0.7988475561141968,229.59168434143066,158.1938123703003,0.9995514154434204,203.10467720031738,161.95026755332947,0.9997084736824036,243.70563983917236,213.74178171157837,0.957673966884613,223.6503553390503,217.21515655517578,0.9668514132499696,225.31454801559448,275.04723072052,0.9482085704803468,217.4585509300232,194.36861515045166,0.8454598784446716
262,207.00615406036377,37.47886329889296,0.9999436736106871,231.1756467819214,76.58556461334227,0.9995518326759338,177.88198828697205,82.0731335878372,0.9998646378517152,234.70948934555054,120.69315075874327,0.7011577486991882,178.85751843452454,124.42477941513062,0.950824499130249,241.00334644317627,157.47412204742432,0.4916319549083709,179.96291041374204,162.57014751434323,0.7889683842658997,227.99081325531006,158.54080438613892,0.9995908737182616,200.01153230667114,161.82150006294248,0.9997050166130066,239.04003381729126,217.91946172714233,0.9549025893211364,214.87667798995972,222.28024005889893,0.9652130007743835,227.28116512298584,277.4812602996826,0.947517991065979,209.0116310119629,189.3631625175476,0.7769241333007812
263,204.3572473526001,35.871627330780015,0.9999414086341858,229.95331048965454,75.7912230491638,0.9995865225791932,175.3141486644745,81.11296713352202,0.9998668432235718,233.36119651794434,120.31741619110106,0.6935827136039734,176.9291818141937,123.43072056770325,0.9488097429275512,238.92836809158325,157.67608165740964,0.4771660268306732,178.01527261734006,161.72326683998108,0.7720496654510498,226.18532180786133,158.7229263782501,0.9996261596679688,196.57873392105103,162.0034825801849,0.9996854662895204,237.17581272125244,218.7199831008911,0.9533460140228271,207.80879974365234,224.03725862503052,0.9642069339752196,229.25554990768433,277.8982901573181,0.946699321269989,198.7203598022461,179.2177176475525,0.7136872410774231
264,202.22686529159546,32.20368236303328,0.9999410510063172,228.80438089370728,74.04816269874571,0.9996220469474792,173.03849816322327,78.18619430065154,0.999862790107727,232.32706546783447,118.79975795745848,0.6970443725585938,174.48725581169126,120.43786883354187,0.942794919013977,238.97055387496948,156.9987165927887,0.4776284992694855,175.7666480541229,160.5223560333252,0.7480978965759277,223.09211254119873,158.56903195381162,0.999659538269043,191.60731315612793,161.88485383987427,0.9996643662452698,234.68251705169678,219.57605838775635,0.9521978497505188,201.39683961868286,224.7019100189209,0.9630864262580872,230.46820878982544,277.9750871658325,0.9464880228042604,194.1271734237671,172.53554105758664,0.6568858623504639
265,200.37622690200806,29.126864075660677,0.9999237656593324,227.60886669158936,70.68297743797302,0.9996522665023804,171.45819425582886,72.69709646701811,0.9998593926429749,231.16710662841797,115.4030191898346,0.7034430503845215,169.25861120224,112.35866904258728,0.9422064423561096,237.6112961769104,154.33775067329407,0.4911683797836303,168.8094913959503,153.40654134750366,0.7429280281066895,218.91642808914185,157.77641773223877,0.999690592288971,186.32379055023193,159.26337003707886,0.9996641874313354,228.59171390533447,218.71421098709106,0.9490673542022704,195.66139698028564,223.5917329788208,0.962821900844574,230.12426376342773,278.4939980506897,0.9448378086090088,187.6338243484497,174.0367090702057,0.6060618162155151
266,198.55245351791382,25.734124481677995,0.9999274611473083,225.72057008743286,67.84542024135588,0.9996824860572816,168.8140082359314,69.0672469139099,0.9998558759689332,229.75523471832275,113.86165022850035,0.7259120345115662,166.67932391166687,108.34050536155699,0.9434860944747924,236.36235237121582,152.07090854644775,0.5258789658546448,166.80024862289426,149.1907525062561,0.742663562297821,214.85039234161377,153.89746069908142,0.999716341495514,183.23347806930542,154.2611038684845,0.9996476769447328,222.17385292053223,216.9962453842163,0.951345920562744,191.2924861907959,219.75314855575562,0.9628711342811584,230.079824924469,275.86418867111206,0.9484925270080566,189.5189881324768,185.53455591201782,0.5683573484420776
267,197.2712802886963,23.724227249622324,0.9999229311943054,223.3379101753235,66.24258577823639,0.999700963497162,165.55248498916623,67.89121091365813,0.9998285174369812,227.42016792297363,114.18948054313658,0.7441511154174805,163.68806004524228,106.78180932998657,0.9399086833000184,235.43450117111206,151.55252337455747,0.5610888004302979,163.9591670036316,143.63667011260986,0.7414817810058594,211.5279507637024,154.18371677398682,0.9997375011444092,180.21000623703003,153.51186633110046,0.9996594190597534,219.8724102973938,216.68858528137207,0.955507516860962,184.24091577529907,208.57531070709229,0.9651343822479248,223.69468688964844,273.92284870147705,0.9529944062232972,193.56427431106567,232.78836250305176,0.6062538623809814
268,196.30626440048218,23.207258284091928,0.9999226927757264,221.66629314422607,66.65164947509764,0.9997138381004332,163.0427849292755,67.37698316574094,0.9997578859329224,225.70801734924316,114.79398608207703,0.7607158422470093,164.25464987754822,108.73483300209045,0.9229729771614076,233.05078983306885,152.52407312393188,0.5905101299285889,163.45820546150205,148.01371335983274,0.7125910520553589,210.04213571548462,154.62443590164185,0.9997355937957764,178.0246388912201,154.5817673206329,0.9996331334114076,218.87973546981812,216.48475885391235,0.95842045545578,186.1421298980713,214.01485204696655,0.9669870138168336,213.2911491394043,272.99046993255615,0.9560257196426392,193.91079425811768,266.4845895767212,0.6437175273895264
269,194.46221351623535,26.000819206237765,0.9999260902404784,220.00025510787964,68.2512867450714,0.999722421169281,161.57932877540588,68.71741712093352,0.999750018119812,225.3060507774353,115.40932774543761,0.7770260572433472,161.4585220813751,109.31535959243774,0.9200797080993652,230.83635807037354,153.33030223846433,0.6195231080055237,160.25322318077087,149.13577795028684,0.7168508172035217,208.60947132110596,156.51333332061768,0.9996679425239564,176.67616367340085,155.01010537147522,0.9996159076690674,215.3037929534912,218.55166912078857,0.9612652063369752,180.8810520172119,225.72076320648193,0.969285786151886,205.7636046409607,272.04193353652954,0.9561768770217896,186.97762727737427,292.7858376502991,0.6783196330070496
270,192.88166284561157,27.48465210199356,0.999931275844574,219.5400094985962,73.70407283306119,0.9997220039367676,158.59187364578244,71.63033902645111,0.9997380971908568,226.00913286209106,120.37034153938292,0.7920851707458496,160.2787899971008,113.56452584266663,0.9154911637306212,230.01407861709595,160.53487658500669,0.6426976919174194,157.65178084373474,154.43774342536923,0.7063573002815247,207.65733003616333,164.9705958366394,0.9996165037155152,175.03724813461304,164.42354321479797,0.9996213912963868,211.48643016815186,225.86201906204224,0.964205265045166,176.22808456420896,234.21570539474487,0.971743643283844,201.73662185668945,271.1127305030823,0.9571654200553894,177.44743824005127,305.48489570617676,0.7096583247184753
271,192.40661144256592,37.97816723585129,0.99993634223938,219.1242241859436,82.40850090980528,0.9997286796569824,158.61100316047668,80.82857251167296,0.9997567534446716,225.641348361969,129.22394871711728,0.8058299422264099,158.8670468330383,126.76974892616272,0.9183825850486756,229.4424033164978,168.6600387096405,0.6705986857414246,157.7958369255066,168.4138977527618,0.7206676602363586,207.46281623840332,173.40155124664304,0.9995985627174376,174.81109499931333,173.66342067718506,0.9996543526649476,211.23833656311035,230.42621612548828,0.9665964841842652,171.69252276420593,239.3433165550232,0.9743006825447084,203.3327293395996,273.0640912055969,0.959273874759674,169.388290643692,311.56872510910034,0.7382757067680359
272,191.46934032440186,46.50892496109007,0.9999350905418396,219.02071237564087,87.87015438079831,0.9997060894966124,159.02128458023068,87.03437268733977,0.9997618794441224,225.1945996284485,132.4146294593811,0.8192334175109863,157.78655648231504,132.98481345176697,0.9165353775024414,228.9769434928894,173.54097247123715,0.6933948993682861,157.96286344528195,175.63759088516233,0.720241367816925,207.6588535308838,178.684161901474,0.999518096446991,174.47720289230347,178.1555199623108,0.9996812343597412,212.4630331993103,234.49920415878296,0.968563199043274,166.39570713043213,242.24050998687744,0.976507306098938,207.01900720596313,276.14208698272705,0.9605177044868468,162.6298642158508,312.38036155700684,0.7639086246490479
273,190.04538774490356,48.54174971580505,0.9999386072158812,218.40028524398804,90.5022382736206,0.9996896386146544,157.55583286285398,90.48586606979369,0.9997701048851012,223.1724500656128,135.35191655158997,0.8318811655044556,156.89328432083127,137.40200400352478,0.9155421257019044,227.68338918685913,177.28803992271423,0.7155112624168396,156.43309235572815,178.74133586883542,0.727266252040863,205.5968141555786,179.75406289100644,0.9994772672653198,172.3193335533142,179.94550824165344,0.99970680475235,214.2703914642334,234.98655080795288,0.9704116582870485,163.86242508888242,242.84726858139038,0.97849440574646,210.58999300003052,277.585072517395,0.9617487788200378,158.1893169879913,311.64901971817017,0.7870105504989624
274,188.0472493171692,48.5634970664978,0.9999423623085022,217.04285144805908,92.45017647743224,0.9996861815452576,155.62942743301392,93.06332945823668,0.9997759461402892,221.7935585975647,137.79794096946716,0.8434101343154907,154.73821520805356,139.54859733581543,0.908897876739502,225.9463906288147,180.61426877975464,0.7337976098060608,153.53696107864377,181.1368489265442,0.7222464084625244,201.99089527130127,184.00917291641235,0.9994664192199708,168.42124700546262,184.75890398025513,0.9997305274009703,212.06477880477905,236.98996782302856,0.9720680117607116,162.23591208457947,249.5565676689148,0.9803082942962646,215.52459239959717,278.8370633125305,0.963475227355957,154.0130639076233,315.2592730522156,0.8078514933586121
275,186.43524169921875,46.06592059135436,0.9999460577964784,215.66269397735596,90.01527786254883,0.9996885061264038,152.9875588417053,91.23351573944092,0.9997869729995728,218.2997989654541,135.37896394729614,0.8517462015151978,154.31909322738647,137.3529839515686,0.8978263735771179,225.5141043663025,178.60857725143433,0.7437605261802673,152.8025937080383,178.5383570194244,0.708500862121582,201.05111360549927,182.71533966064453,0.9994584918022156,167.20543384552,184.30187702178955,0.999753475189209,211.46308422088623,237.09869384765625,0.9738004803657532,161.51451587677,253.65564823150635,0.9821168780326844,219.0072798728943,280.23327112197876,0.9655804634094238,155.67930579185486,324.3323063850403,0.8268817067146301
276,183.01604747772217,44.930530786514254,0.9999497532844543,213.0651569366455,88.26508283615111,0.9997059106826782,149.2786431312561,89.60828483104704,0.9997991323471068,218.86763334274292,135.37443637847898,0.8625133037567139,149.93078470230103,136.19902253150937,0.8918513655662537,224.4121241569519,177.66185402870178,0.7608413696289062,150.39650201797483,177.0390772819519,0.6990938782691956,199.2872714996338,182.3949122428894,0.9994633197784424,164.49464321136475,184.49121952056885,0.9997738599777222,210.43365240097046,238.5608410835266,0.9754222631454468,161.63742542266843,258.4484338760376,0.983684778213501,218.50051403045654,281.6158103942871,0.9670302271842957,160.1325559616089,334.10846471786493,0.8439195156097412
277,180.41685819625854,42.74277091026303,0.9999536275863647,210.71101427078247,87.32907235622405,0.9997121095657348,146.18914604187012,88.61678481101987,0.9998172521591188,217.7183175086975,136.08438491821286,0.8668808341026306,145.9111511707306,137.370525598526,0.8989468812942505,221.31468772888184,176.61028861999512,0.7624099254608154,145.14208674430844,182.64023780822754,0.7180102467536926,197.8212833404541,183.48665714263916,0.999451458454132,163.37526082992554,186.58881425857544,0.9997887015342712,211.29891157150269,242.10880279541016,0.9769763946533204,163.85111689567563,264.19713735580444,0.9851207137107848,213.32430124282837,286.7329716682434,0.9675552248954772,164.55130219459534,338.4894132614135,0.8591745495796204
278,178.59902858734128,40.05899816751479,0.999955117702484,208.47784996032715,86.77489578723907,0.9996957778930664,143.72508645057678,88.22213530540466,0.9998307824134828,211.96133136749268,136.64740204811096,0.8598806858062744,143.54177355766296,139.22199010849,0.9040769934654236,217.40387678146362,175.89620947837827,0.7492533326148987,142.19633460044858,185.55208683013916,0.7329959273338318,197.54276275634766,184.4120192527771,0.9993919134140016,163.1283152103424,188.00362586975098,0.9997850060462952,209.78342056274414,246.153724193573,0.9777900576591492,166.57448172569272,266.84823274612427,0.9860205054283142,203.38984966278076,291.7695379257202,0.96515554189682,170.56794762611386,331.91467523574823,0.8722942471504211
279,176.76962256431577,38.271485567092896,0.999954879283905,207.23957061767578,86.33947670459744,0.9997102618217468,143.80750536918637,88.13933014869689,0.9998351335525512,211.43898725509644,136.88897252082825,0.8666122555732727,144.88996982574463,137.72374033927917,0.9035329222679138,214.2895531654358,177.48196363449097,0.7611735463142395,141.87233448028562,183.63396406173706,0.7385775446891785,195.98010778427124,184.41892862319946,0.9993389844894408,162.14038252830503,187.9633927345276,0.9997617602348328,205.20568370819092,247.12985515594482,0.975817620754242,167.80709624290466,268.63492727279663,0.9854363203048706,193.25491905212402,294.60227251052856,0.9503238797187804,177.3599660396576,339.03632640838623,0.8822600841522217
280,174.4447374343872,37.522347271442385,0.9999501705169678,206.44941329956055,86.19913280010222,0.9997107982635498,141.68116807937622,87.77784883975981,0.9998306632041932,212.3779320716858,138.78593802452087,0.8719713091850281,139.97734308242798,136.96894526481626,0.9075921177864076,214.07628536224365,180.0846290588379,0.7695675492286682,138.74780774116516,183.36400508880615,0.753631055355072,194.94305849075317,187.7056646347046,0.9992286562919616,160.01138448715207,189.49480533599854,0.9996591210365297,194.6772837638855,255.4447889328003,0.970035433769226,165.914808511734,269.06545400619507,0.977454662322998,182.35246896743774,304.17550563812256,0.923708200454712,181.05005264282227,332.4087595939636,0.8795691728591919
281,173.45837116241452,37.55372643470761,0.9999498128890992,205.76454877853394,87.19232261180876,0.9997231364250184,139.1460835933685,87.95885503292082,0.9998022317886353,212.2167205810547,143.4105062484741,0.8797236084938049,141.41128420829773,140.05995512008664,0.9003381729125977,213.6284852027893,189.91981744766235,0.7792989611625671,137.79642820358274,188.89583587646484,0.7467628717422485,192.04700231552124,192.74823904037476,0.9991911053657532,156.7485201358795,192.90666103363037,0.9995421171188354,189.72174167633057,263.4145760536194,0.9652172923088074,160.166974067688,270.81180810928345,0.970327854156494,179.13858175277707,316.08556509017944,0.9099141359329224,180.7045841217041,327.1345281600952,0.871137261390686
282,172.1287679672241,38.565284013748155,0.9999513030052184,205.78684329986572,89.91630434989929,0.9997376203536988,138.43337774276733,89.15980339050293,0.9997540712356568,211.57775402069092,146.93397402763364,0.8863871097564697,140.32294034957886,142.3793363571167,0.8886863589286804,213.65618705749512,193.51309776306152,0.7849978804588318,137.9145526885986,192.4165678024292,0.720672607421875,190.81183433532715,193.98036003112793,0.999129354953766,154.95160102844238,193.7812328338623,0.9993656277656556,189.12142038345337,264.1838335990906,0.961780607700348,153.20094466209412,269.7946500778198,0.9647257924079896,183.02630424499512,328.36604833602905,0.905664324760437,179.06160235404965,329.89162445068365,0.8664990663528442
283,171.2450551986694,39.31821763515472,0.9999494552612304,205.47712326049805,91.38913750648499,0.9997454881668092,136.55352473258972,90.71515202522278,0.9997284412384032,210.35593271255493,148.89245867729187,0.8939113616943359,136.40768766403195,145.6157863140106,0.8890780806541443,213.7318468093872,195.59515714645386,0.7991986870765686,135.54468154907227,194.6103572845459,0.7123838663101196,190.70353746414185,196.43054723739624,0.9990699291229248,153.97276639938354,195.9868884086609,0.999279260635376,192.68163442611694,269.06989574432373,0.9623326659202576,148.4363865852356,272.206814289093,0.965777575969696,187.60172367095947,328.07164907455444,0.907094955444336,162.65888571739197,333.09049129486084,0.8719779849052429
284,169.87971425056455,39.26247864961623,0.999952495098114,204.38018560409546,91.69456601142882,0.9997588992118835,135.5132031440735,91.37691736221312,0.9997235536575316,209.86425161361694,149.19221162796018,0.9012905359268188,135.3611862659454,146.96844577789304,0.8891993165016174,213.24450016021729,196.70297384262085,0.8130967617034912,135.38525104522702,194.28563833236694,0.7087195515632629,191.40374422073364,197.62110471725464,0.9990726709365844,153.99262547492978,198.29185009002686,0.9992762207984924,198.85517835617065,270.2691864967346,0.96485835313797,145.32406926155087,276.7999792098999,0.968421220779419,202.93835878372192,332.4095964431762,0.912477731704712,146.07034564018247,343.16879510879517,0.8828285336494446
285,169.24032926559445,37.33051300048825,0.9999556541442872,203.17810535430908,91.09147667884827,0.9997724294662476,133.4886288642883,90.96240878105162,0.9997402429580688,208.75381708145142,147.50453352928162,0.906809151172638,134.8720586299896,145.30447840690613,0.8955233097076416,212.80968189239502,195.28485774993896,0.8228279948234558,132.77053713798523,192.0956039428711,0.7235921025276184,191.65585041046143,196.37484312057495,0.9991271495819092,153.56159448623657,197.91687726974487,0.999319076538086,207.0115613937378,267.25234508514404,0.9679393768310548,143.31777691841125,278.58373403549194,0.9713073968887328,217.65581130981445,326.56276702880854,0.9202733635902404,128.22281956672668,341.59712791442877,0.8939145803451538
286,167.2570824623108,34.34850275516507,0.9999578595161438,201.48528814315796,88.75416755676268,0.999772846698761,132.5533425807953,88.1226521730423,0.9997531771659852,206.50460243225098,144.02173876762387,0.9070590734481812,133.37507486343384,143.65736603736875,0.8978538513183594,209.9195694923401,194.51062202453613,0.8212516903877258,130.27468800544736,187.9977035522461,0.7279929518699646,191.6013264656067,194.90679502487183,0.9991573691368104,153.00760030746457,196.81476831436157,0.9993616342544556,209.52762365341187,266.1029863357544,0.9706372022628784,137.76045441627502,277.7372074127197,0.9739986062049866,226.59306049346924,326.15279674530035,0.9273431897163392,123.0272090435028,346.46759033203125,0.9041091203689576
287,165.9616506099701,29.32806998491286,0.9999598264694214,201.08810663223267,83.28527212142944,0.999781370162964,133.14494132995603,83.40591251850127,0.9997668862342834,206.50992393493652,138.49817991256714,0.9088813662528992,131.47497653961182,140.88203072547913,0.9000126123428345,207.94200897216797,192.8948163986206,0.8270640969276428,129.91860866546628,187.83835887908936,0.7347260117530823,190.3304958343506,194.15541172027588,0.9992049932479858,151.17685317993164,196.7070722579956,0.9994069337844848,208.8228678703308,264.54614639282227,0.9728084206581116,136.7523622512817,277.17870712280273,0.9763566255569458,227.60923147201538,326.4562726020813,0.933417797088623,127.91697263717651,346.13671302795416,0.9132145047187804
288,166.68810009956357,26.123573184013367,0.9999588131904602,201.05879545211792,79.37275528907773,0.9997678399086,133.2711017131805,77.72906541824341,0.9997712969779968,205.3972578048706,135.3774619102478,0.9068018198013306,129.6766626834869,136.02784395217896,0.8994976282119751,207.08597660064697,192.64264583587646,0.8231099843978882,128.42974662780762,186.5557050704956,0.7284188270568848,189.21377420425415,192.28919506072998,0.9991613626480104,149.34980750083923,195.3029465675354,0.9994086623191832,208.1306004524231,264.7459816932678,0.9730283617973328,140.361510515213,279.6997904777527,0.9778761863708496,220.9848403930664,326.1631393432617,0.9339625239372252,135.30343294143677,349.72671031951904,0.9197506308555604
289,167.00692892074585,24.575520157814015,0.9999533295631408,201.5587592124939,78.84064257144927,0.9997547268867492,133.39314222335815,75.91030240058899,0.9997704029083252,204.34926509857178,135.90939760208127,0.9057786464691162,130.46176671981812,132.40729093551636,0.8952094912528992,208.2545828819275,191.68044090270996,0.8225055932998657,129.3503451347351,185.1717710494995,0.712073564529419,188.31413984298706,192.1933650970459,0.9991489052772522,147.96899557113647,194.80360507965088,0.9994196891784668,202.90138721466064,265.66271781921387,0.9719993472099304,142.08596706390378,279.3567895889282,0.9788655042648317,213.36371898651123,329.0401840209961,0.9334555864334106,139.8846888542175,348.0361890792847,0.9242839813232422
290,166.3460111618042,24.286707937717416,0.9999399781227112,201.9358992576599,79.50669944286345,0.9997242093086244,132.67054438591003,75.22215485572814,0.9997395277023317,204.75449323654175,138.61161589622498,0.906251847743988,131.57610654830933,131.60326123237607,0.8796195387840271,208.20317029953003,194.67923641204834,0.8194897174835205,131.24502539634705,185.16960382461548,0.6730917692184448,186.10093116760254,193.01931381225586,0.9990684390068054,146.62256956100464,194.54169273376465,0.9993593096733092,193.47612619400024,267.08911657333374,0.9652813673019408,145.4739189147949,279.37206745147705,0.9771970510482788,199.39258575439453,329.6254634857178,0.9251427054405212,151.0805082321167,345.7031178474426,0.9212759137153624
291,165.66006302833557,24.202738702297186,0.9999085664749146,201.73752307891846,77.96388208866117,0.9996773600578308,133.06033372879025,73.61215353012085,0.999434530735016,205.24855613708496,138.62627148628235,0.9040248394012452,139.81804132461548,129.56534028053284,0.8037673830986023,207.6934003829956,196.59120082855225,0.796019434928894,141.20670676231381,175.05964994430542,0.6086021065711975,182.48752355575562,190.67596435546875,0.9988635182380676,145.2277672290802,190.65115928649902,0.9990407824516296,186.36498928070068,266.1998248100281,0.9595971703529358,150.1452648639679,278.5335659980774,0.9755104184150696,186.71565055847168,330.7420992851257,0.9202333092689514,166.6596257686615,344.77387189865107,0.9209671020507812
292,162.55581378936768,23.254027962684628,0.9998976588249208,200.84537744522095,76.73351526260375,0.9996914863586426,142.4070382118225,71.95667266845702,0.9992350339889526,205.55808305740356,138.6353588104248,0.9113271832466124,149.8230457305908,128.01091432571408,0.7279451489448547,208.0440616607666,196.80603504180908,0.8037678003311157,148.65134954452512,168.3556509017944,0.5517421960830688,178.2395052909851,189.44828510284424,0.9987329840660096,146.56879663467407,186.91675186157227,0.998615026473999,171.05777263641355,265.69220066070557,0.9223850965499878,152.8087306022644,270.5033326148987,0.9479559063911438,177.34654426574707,331.6455101966858,0.8822415471076965,176.08690381050107,343.9803457260132,0.8942388296127319
293,162.0074951648712,20.731079131364808,0.9998974204063416,200.1815414428711,75.37831306457518,0.9997162818908693,151.82516455650327,69.8399645090103,0.9991121888160706,205.604088306427,140.1044797897339,0.9197659492492676,156.85642004013062,128.811274766922,0.6607120037078857,206.22612476348877,200.78250646591187,0.8200767040252686,148.72795343399048,169.45828557014465,0.5050048828125,178.00623893737793,188.16226243972778,0.9988201260566713,146.8409764766693,185.06542682647705,0.998626172542572,163.4187018871307,274.90567445755005,0.923343062400818,149.8403513431549,269.10109519958496,0.9185425639152528,176.30401253700254,336.3040781021118,0.879630446434021,177.1639609336853,343.4556198120117,0.8790537714958191
294,162.79666543006894,18.961139023303968,0.9998955130577089,195.00614404678345,72.51158952713013,0.999740183353424,163.94571304321286,68.07765126228333,0.9990542531013488,205.78315258026123,140.277042388916,0.9275811910629272,164.6342146396637,128.3774435520172,0.6009425520896912,206.03328466415405,201.97525262832642,0.8370872139930725,152.20712184906006,165.0737750530243,0.4675737917423248,177.76919603347775,188.27171802520752,0.9988355040550232,155.14647960662842,185.61251163482666,0.9985017776489258,156.181823015213,275.3613495826721,0.9272693395614624,146.30651950836182,268.5117173194885,0.8888523578643799,173.9772069454193,341.62817716598516,0.8816491961479187,172.79398798942563,342.81219005584717,0.8451446890830994
295,163.0805933475494,18.349382132291773,0.9998937249183656,192.5228476524353,71.69540405273435,0.9997508525848388,175.66675186157227,68.70353937149045,0.9990707635879515,205.8381485939026,140.74378967285153,0.934723973274231,180.98649501800537,130.6036341190338,0.545189380645752,206.40703439712524,202.11577892303467,0.8529494404792786,170.215151309967,170.8506739139557,0.4283193945884704,173.49160909652707,189.45815563201904,0.9984843730926514,173.37438583374023,185.87513208389282,0.9980871081352234,137.26148843765256,273.5261821746826,0.9344536066055298,157.5242578983307,268.6737012863159,0.8620157241821289,159.9659264087677,352.6095485687256,0.8880178332328796,174.32437062263486,347.5905776023864,0.8310778737068176
296,162.95973300933835,19.44511815905568,0.9999008178710938,193.58028173446655,72.48523950576781,0.9997684359550476,177.35474109649658,69.56350922584534,0.9991074204444884,207.13178873062134,144.33968782424927,0.9410470128059388,184.06341791152954,132.4827253818512,0.4943109452724457,207.6785945892334,206.1196732521057,0.8669896125793457,175.51125884056088,177.1964693069458,0.392977237701416,172.4453330039978,194.47757720947266,0.9983474016189576,178.12253952026367,189.75948572158813,0.99789297580719,134.3331277370453,277.5431442260742,0.9394908547401428,166.71351671218872,270.18075942993164,0.8192193508148193,123.63803386688232,350.3358507156372,0.879169762134552,184.8540472984314,346.66182518005365,0.797551155090332
297,161.42138957977292,20.66359072923659,0.9999072551727296,190.79224348068237,75.89006245136261,0.999786376953125,177.7357006072998,73.6599504947662,0.9991044402122498,208.80531549453735,149.43541288375854,0.9465352296829224,188.8107132911682,140.52920222282407,0.4461000859737396,209.34287309646606,211.1292028427124,0.8791012167930603,184.02751922607422,192.363760471344,0.3561803698539734,173.98069381713867,204.52566862106323,0.9981303215026855,183.01817178726196,199.67262983322144,0.997610092163086,127.34457850456236,279.3550729751587,0.9436467885971068,179.0813434123993,275.72842597961426,0.7894340753555298,87.11888909339905,347.725224494934,0.8817285299301147,210.01299619674683,345.76380014419556,0.7851988077163696
298,161.39331221580503,21.075897216796847,0.999915361404419,190.24123191833496,76.73034489154816,0.9998067617416382,177.9139280319214,75.09469628334045,0.9991263151168824,209.70246076583862,149.1564953327179,0.9515592455863952,178.09794902801514,139.8760199546814,0.4057166278362274,213.2357883453369,214.12872791290283,0.8902531266212463,165.7429540157318,184.37629222869873,0.326787382364273,174.6210765838623,206.5187430381775,0.998096227645874,186.16974592208862,202.37889289855957,0.997437298297882,115.30092358589172,278.02926778793335,0.940923511981964,191.4835238456726,281.5057325363159,0.7710839509963989,57.05010831356046,345.29248237609863,0.8897919654846191,229.667387008667,348.6822152137756,0.7834515571594238
299,161.6727876663208,19.46025520563125,0.9999225735664368,189.86776113510132,76.73843443393706,0.9998254776000975,179.64705348014832,74.7890692949295,0.9991450905799866,209.68868494033813,148.84573459625244,0.9561195373535156,174.80909943580625,135.79668045043945,0.3674353659152984,216.7642879486084,215.7332682609558,0.9004943370819092,158.73998522758484,161.313339471817,0.2996377348899841,176.7309236526489,205.3987169265747,0.9981848001480104,186.19489431381226,201.52884721755981,0.9975164532661438,109.6865129470825,271.5342664718628,0.9402064681053162,202.94507503509521,282.9797887802124,0.7662695050239563,46.76442146301269,331.395914554596,0.8987331390380859,248.87736797332764,347.68709421157837,0.7940501570701599
300,161.50791764259338,16.11142873764037,0.9999006986618042,190.25968551635742,72.14116036891936,0.9998410940170288,179.9440491199493,70.29880464076996,0.9986719489097596,209.96739864349365,145.2871513366699,0.960277795791626,195.71898937225342,135.76036334037778,0.3319388628005981,217.43762969970703,212.91999578475952,0.9099882245063782,192.6598334312439,184.40111875534058,0.2714574337005615,184.8292636871338,203.49670886993408,0.9983101487159728,181.40275239944458,200.81104516983032,0.9976415038108826,208.3209729194641,280.2888894081116,0.9457727670669556,115.15540838241576,270.3642010688782,0.7822598218917847,257.43056774139404,344.1271376609803,0.9084303379058838,50.532174110412576,328.91802549362177,0.8106213808059692
301,161.0618555545807,9.870177134871469,0.9999029636383056,190.0092315673828,62.872883677482584,0.9998558163642884,183.37338209152222,61.67802929878235,0.998682975769043,210.37389278411865,138.17435145378113,0.9636909365653992,195.78293323516846,132.14518547058103,0.3002705872058868,216.72369003295898,209.99945640563965,0.9174631237983704,195.25455951690674,184.61376428604126,0.2474121749401092,184.91687536239624,198.61517429351807,0.9983911514282228,181.71695709228516,193.6222743988037,0.9977013468742372,146.46673321723935,273.0852699279785,0.9486714601516724,201.55118465423584,270.0862169265747,0.7647741436958313,125.80789804458617,342.07647085189814,0.916209042072296,251.2541913986206,334.30877208709717,0.8096379637718201
302,161.20205998420715,7.043359503149964,0.9999011158943176,188.5301971435547,59.282135367393494,0.9998679161071776,184.73804712295532,57.722071409225464,0.9986724853515624,209.56862926483154,136.75796270370483,0.9665891528129578,196.15419387817383,131.6031539440155,0.2724862694740295,213.63960027694702,204.94263410568237,0.9235756397247314,193.31495761871338,183.61229181289673,0.2264022678136825,182.9354953765869,193.90965700149536,0.9983637928962708,180.10074377059937,189.15905714035034,0.9975568652153016,146.88471794128415,271.9075655937195,0.947660267353058,204.31126356124878,268.36410999298096,0.7464907169342041,127.57238388061523,341.62002325057983,0.9206945896148682,255.9318995475769,335.7419943809509,0.7994250655174255
303,162.44906187057495,2.7688810788094678,0.9999027848243712,188.1206774711609,54.17601406574249,0.9998794198036194,185.02884149551392,53.46313655376434,0.9986708164215088,208.00163984298706,134.24487233161923,0.9694474339485168,199.26403284072876,128.7389087677002,0.2486365586519241,209.18972969055176,201.4971113204956,0.9301289916038512,192.3844027519226,183.26087951660156,0.2090198248624801,179.88769054412842,190.8097743988037,0.9983825087547302,179.7130250930786,186.32821083068848,0.9974545240402222,150.46270966529846,270.9867310523987,0.9490275979042052,195.21254539489746,266.9887590408325,0.7306804656982422,128.85133624076843,341.9008827209473,0.924169421195984,245.8084487915039,334.5318031311035,0.785196840763092
304,163.697007894516,2.709538042545288,0.9999042749404908,187.757248878479,52.319791316986056,0.999889075756073,184.1261386871338,52.873163223266594,0.9987447261810304,206.13598108291626,133.9371156692505,0.9721249938011168,193.23333263397217,129.20580625534055,0.23017218708992,204.9931240081787,201.628839969635,0.9363806843757628,186.4625358581543,185.33935546875,0.198489099740982,172.345050573349,191.26079320907593,0.9984599351882936,179.0468609333038,186.50946378707886,0.997492790222168,152.63526678085324,277.7056646347046,0.9533435106277466,189.5248031616211,267.39437341690063,0.7235566973686218,140.01114964485168,352.4074172973633,0.9287734031677246,233.0442237854004,329.2054510116577,0.7806223034858704
305,163.51577639579773,0.92574273236094,0.9998653531074524,184.88827228546143,53.720285296440096,0.9998948574066162,185.72003602981567,53.778902292251566,0.9985474348068236,202.52036333084106,136.4741849899292,0.9742172360420228,190.82818508148193,129.48832869529724,0.2134362161159515,201.8246841430664,202.28256940841675,0.9416542649269104,185.53983449935913,184.6369171142578,0.1892764568328857,173.5606491565704,191.77526235580444,0.9985093474388124,179.0074646472931,187.3433518409729,0.99743390083313,157.2939419746399,278.7477779388428,0.9524019360542296,162.32307314872742,267.6842665672302,0.6933876872062683,206.76196575164795,335.1949739456177,0.9250860810279846,187.32974767684937,331.12466812133783,0.7326220273971558
306,160.99029421806333,-2.401317525655008,0.9998227953910828,184.5111107826233,52.829861640930176,0.9998988509178162,186.26561880111694,53.29184532165525,0.9984511733055116,200.20578861236572,136.76850914955136,0.9761198163032532,190.6912636756897,128.61447572708127,0.1994216591119766,202.92402505874634,202.90396213531494,0.9463801383972168,184.87919569015503,184.22656059265137,0.1814507693052292,180.06662607192993,189.12633419036865,0.9985817074775696,179.77804183959958,184.74791765213013,0.9975557923316956,156.49789452552795,278.3668828010559,0.9542443752288818,153.422634601593,266.44630908966064,0.668984591960907,208.8558268547058,335.1649117469787,0.9251919984817504,169.8847246170044,337.9890418052674,0.6962136030197144
307,161.08950376510617,-2.2425989806652042,0.9997986555099488,183.27669382095337,52.93421030044556,0.9999052286148072,185.00995874404907,54.52620863914487,0.9984320402145386,197.7561593055725,137.00784802436826,0.9779992699623108,190.32686948776245,128.6500096321106,0.1887043714523315,202.45433807373047,204.24264192581177,0.9509379863739014,186.31145238876343,186.99700355529785,0.1759954541921615,183.87787342071533,189.45313453674316,0.9986028671264648,179.95814681053162,185.20063161849976,0.9975617527961732,159.788943529129,277.6630926132202,0.9557768106460572,149.49530124664304,264.9578547477722,0.6425589919090271,211.21005535125732,335.40242671966547,0.9254843592643738,146.98829412460324,340.0846624374389,0.665990948677063
308,153.48207235336304,-0.55059527512638,0.999816596508026,178.06517243385315,55.40848910808563,0.9999121427536012,184.5120120048523,55.77257752418516,0.998558521270752,195.7057499885559,142.93725728988647,0.9799785614013672,190.56586503982544,133.94770503044126,0.1772289425134658,200.34373998641968,209.0620994567871,0.955543041229248,190.06227493286133,191.73996448516846,0.1717559546232223,183.76532793045044,195.36723375320435,0.9985558986663818,184.82462882995605,190.83809852600098,0.997570276260376,151.63408398628235,277.22900390625,0.9585830569267272,171.78136825561523,275.4273319244385,0.6259751915931702,128.1165611743927,342.35666513442993,0.9165943264961244,198.1698203086853,350.15601396560675,0.6492936015129089
309,149.2979121208191,6.9535712152719364,0.9998321533203124,173.34181308746335,64.04107153415677,0.999919593334198,180.22260189056396,62.29003965854645,0.9986436367034912,189.23596143722534,148.53628277778625,0.9817407131195068,188.02997589111328,139.59811091423035,0.1667931526899337,193.35506200790405,215.30992984771729,0.9596830010414124,188.80702257156372,199.70114707946777,0.1634868383407592,183.56514930725098,206.42986536026,0.9986470341682434,183.8189935684204,200.49516677856445,0.9977163076400756,179.3349194526672,286.86890602111816,0.9611451029777528,172.14379906654358,279.2265844345093,0.6310617327690125,174.7133767604828,344.31392669677734,0.9176920652389526,154.04943466186523,350.8209013938903,0.6552539467811584
310,147.1686565876007,13.873260766267764,0.9998463988304138,170.36958217620847,70.9571850299835,0.9999247193336488,178.50605249404907,68.46135199069975,0.9987578988075256,186.95631980895996,156.38044595718384,0.9830918908119202,187.9427719116211,143.21015596389768,0.1563826203346252,189.5567536354065,222.5421953201294,0.9629140496253968,187.97826290130615,199.99655485153198,0.1572555154561996,180.60173749923706,210.2707028388977,0.9985262751579284,183.15738916397095,202.9066014289856,0.997738242149353,125.21486163139343,283.0171465873718,0.9622809886932372,184.18845176696777,287.58100032806396,0.62562096118927,95.08798956871033,350.8283042907715,0.915800392627716,233.5380506515503,352.9377222061157,0.6543852090835571
311,146.86121106147766,21.248765587806698,0.999847173690796,165.87793350219727,74.60522532463072,0.9999311566352844,180.1694941520691,74.11751389503479,0.9988477826118468,175.42853951454163,159.10928249359128,0.9844399690628052,194.49785470962524,147.415269613266,0.1616547405719757,178.92982006072995,226.83126211166382,0.9661148190498352,192.33837604522705,200.26202917099,0.1785934567451477,173.5388159751892,214.3251085281372,0.9986628890037536,180.56285619735718,206.23653173446655,0.9979281425476074,153.48832726478577,301.13945960998535,0.9632540941238404,152.80118823051453,286.54534578323364,0.6022070646286011,241.27420663833618,352.33293771743774,0.9181910157203674,114.8381781578064,351.666054725647,0.6258752346038818
312,148.4825098514557,27.392708659172037,0.999858021736145,158.73498558998108,78.55531454086301,0.9999370574951172,193.97604703903198,88.05431485176085,0.9989583492279052,162.6408505439758,159.03735637664792,0.9853994846343994,207.28111267089844,155.27050495147702,0.2126542776823043,164.52673316001892,224.07622575759888,0.9681941270828248,203.16756963729858,209.9675703048706,0.2500991225242615,159.42359447479245,212.0877170562744,0.9987943768501282,179.47837471961972,207.54285335540771,0.9981319904327391,133.7614846229553,301.73978090286255,0.9629305601119996,134.42174792289734,288.8915491104126,0.5697199702262878,233.1871747970581,341.9835805892945,0.9135265350341796,114.21459674835204,352.5651311874389,0.5996240973472595
313,161.62514090538022,31.33609503507612,0.9998691082000732,145.39284110069272,80.9803158044815,0.9999422430992126,200.85915327072144,93.1106972694397,0.9990567564964294,151.77808642387387,160.0989210605621,0.9852962493896484,211.50404691696167,159.52453136444092,0.2630602717399597,144.83152985572815,224.77842807769775,0.9653053879737854,206.8900465965271,212.82427310943604,0.3058543503284454,153.00497174262998,211.36828422546387,0.9989118576049804,180.54687023162842,211.11377477645874,0.9983132481575012,121.83813214302063,296.15166664123535,0.9640591740608216,134.20190334320068,286.744601726532,0.5289907455444336,208.93067121505737,317.02277183532715,0.9163084626197816,129.07252192497253,349.47685718536377,0.5814775824546814
314,171.28874301910398,27.369681894779184,0.999872863292694,138.08537721633908,80.53665161132811,0.9999449849128724,207.5595259666443,89.49566423892975,0.9991418719291688,136.94779872894287,154.20515298843384,0.9854998588562012,217.6019310951233,156.81112289428708,0.3308208882808685,129.1029059886932,216.6601538658142,0.9619866013526917,207.60005950927734,211.36789798736572,0.3675076961517334,148.19308876991272,205.46390533447266,0.9990132451057434,180.09934902191162,208.4808111190796,0.9984739422798156,109.72329139709471,274.3957543373108,0.9656952023506165,136.23835444450376,278.22757959365845,0.5348840355873108,180.87079524993896,293.27863454818726,0.9181997179985046,141.3721776008606,342.65499114990234,0.6083751320838928
315,181.58709526062012,21.024169474840164,0.999781847000122,137.24689722061157,60.61957597732543,0.9999295473098756,215.9506344795227,87.55718886852264,0.9992121458053588,129.231458902359,135.3010082244873,0.9812995791435242,220.52013158798218,153.4032154083252,0.3906175792217254,118.79133582115173,199.75144386291504,0.9550662636756896,210.14041185379028,210.81780910491943,0.4108278155326843,141.12080097198486,187.20293283462524,0.99898099899292,179.553530216217,194.0514063835144,0.9985817670822144,121.72189593315125,240.0717830657959,0.9376025199890136,148.23745250701901,272.7999258041382,0.5683096647262573,149.74061608314514,282.8887867927551,0.8847721815109253,147.23262190818784,343.2958674430847,0.6315069198608398
316,183.18914651870728,8.56187269091604,0.9996223449707032,139.90520238876343,38.271134197711945,0.999904990196228,219.64813470840454,56.732218265533426,0.9992741346359252,125.28834342956543,110.14347553253172,0.9805604219436646,217.6782989501953,130.28172612190247,0.4440482258796692,112.46528148651123,170.92219233512876,0.9512356519699096,206.96682214736938,189.83420133590698,0.4551123082637787,137.68941879272458,160.90488195419312,0.9989869594573976,178.2952094078064,171.2297022342682,0.9987000226974488,115.73798418045044,219.02090549468994,0.9312214851379396,151.33089780807495,251.48033380508423,0.6023886203765869,131.9453930854797,279.32016134262085,0.8767348527908325,148.43887567520142,347.83480882644653,0.6633612513542175
317,181.25014543533325,-21.431756615638715,0.9995194673538208,140.41781544685364,21.425426602363583,0.999880075454712,220.78532695770264,34.18271005153655,0.9993134140968324,120.43201088905333,89.90882098674771,0.9798486828804016,215.28188467025757,104.75452065467833,0.4899732768535614,106.68059349060057,147.7036392688751,0.9488813877105712,203.93401622772217,165.45402646064758,0.4864645302295685,133.68518114089963,143.1183922290802,0.998949408531189,177.96210050582886,153.27680826187134,0.9987578988075256,119.54235434532164,217.03253030776978,0.9280911087989808,155.0474202632904,239.69075918197632,0.6365730166435242,117.3548412322998,292.9280161857605,0.882256031036377,147.36117482185364,344.52474832534796,0.6932283639907837
318,192.96474695205688,-41.576296985149355,0.9993281364440918,144.35788393020627,9.250314608216268,0.9998075366020204,219.6941614151001,19.87808972597122,0.9992657899856568,121.48399472236632,73.68554949760436,0.9749231934547424,205.84228992462158,82.3874133825302,0.517876148223877,107.16686725616454,129.21605229377747,0.9200851917266846,195.9225583076477,140.61156749725342,0.4509654641151428,132.64227390289304,131.35363340377805,0.9989133477211,175.1826024055481,141.26922369003293,0.9987510442733764,122.5629723072052,220.30864477157593,0.9249119758605956,156.0145282745361,236.37022733688354,0.6708096265792847,110.65935015678406,297.3535752296448,0.8873822689056396,138.29805493354797,334.57965373992914,0.720745861530304
319,191.77963972091675,-20.821512490510933,0.9977461099624634,149.50112700462338,14.502014815807332,0.9997358322143556,188.62690687179565,16.745624989271136,0.99932062625885,124.17919635772704,73.03840756416321,0.8889345526695251,166.2144112586975,73.9329671859741,0.545945405960083,121.7666244506836,120.08637070655821,0.8449485898017883,171.2030518054962,117.47386693954466,0.4633980393409729,137.00703263282776,135.43609499931333,0.9988895654678344,153.7566018104553,135.6302762031555,0.9987844228744508,141.5889751911163,222.97338724136353,0.8771857619285583,146.56938672065735,227.36987113952637,0.6977450251579285,118.63666892051697,301.7928457260132,0.8839332461357117,122.85766124725342,316.1464834213257,0.7459429502487183
320,196.78595066070557,-0.073457359685532,0.98992919921875,163.19366455078122,21.660720705986,0.9987109899520874,177.19560027122498,19.88931611180304,0.999274969100952,137.35708236694336,62.94857025146482,0.8032892346382141,146.88804388046262,63.07981610298156,0.5774664878845215,147.75699377059934,105.70719838142394,0.7640371322631836,145.314724445343,104.42156195640564,0.4828666746616363,137.79829502105713,129.40948247909543,0.9984201192855836,150.60061812400815,129.3696141242981,0.9985166788101196,143.3025097846985,217.24833011627197,0.8265572190284729,136.97155237197873,224.82145071029663,0.724105954170227,124.49713468551636,296.69445991516113,0.8579391837120056,121.25709056854247,312.71759033203125,0.7682123184204102
321,192.77469635009766,-3.9128661900758517,0.9882816672325134,173.97028684616086,24.27679181098937,0.9967495799064636,161.88003659248352,14.958164691925019,0.9991596937179564,160.18702626228333,75.42681813240051,0.7248875498771667,143.35191607475278,62.30864882469175,0.5856328010559082,159.4254183769226,115.84980010986328,0.6917452216148376,140.86271882057187,94.73929166793823,0.4748283922672272,141.33029222488403,130.06425261497498,0.9970617294311525,140.35938620567322,131.49162769317627,0.9980827569961548,143.0599200725555,208.33303213119507,0.7851718664169312,130.89936375617978,221.64897680282593,0.747412919998169,125.45244097709656,286.97426319122314,0.8419445157051086,119.20846223831177,311.23958587646484,0.7881128191947937
322,171.60589814186096,-8.7250207364559,0.9851087927818298,155.57515025138852,20.311330854892717,0.9965285062789916,167.47241020202634,15.081390738487224,0.9991175532341005,143.79517793655396,74.816535115242,0.6651241183280945,147.5732088088989,67.39126324653625,0.5754221677780151,142.5295829772949,104.02288913726805,0.647975742816925,136.152309179306,91.45012021064758,0.4664216637611389,138.74532938003537,128.70046734809875,0.9965583682060242,144.29144024848935,128.85434031486508,0.9977431297302246,141.88278436660767,206.81211233139038,0.7498932480812073,132.44561433792114,217.213397026062,0.7637262344360352,122.57693052291869,288.40765714645386,0.8306245803833008,118.46794724464417,302.85560131073,0.8006165623664856
323,158.2859945297241,-16.59204706549644,0.9862934947013856,143.5387372970581,19.32067438960075,0.996810257434845,171.61775350570676,15.650214850902527,0.9990869164466858,110.52496075630187,75.74621558189389,0.6797722578048706,157.49338030815125,63.81359338760374,0.5548034906387329,124.42393183708191,86.42315626144409,0.6253489255905151,141.60004734992978,66.17957532405852,0.4422987699508667,134.55439925193784,127.70947694778441,0.9967668056488036,147.323237657547,126.48115396499634,0.9977458119392396,129.50201869010925,212.07655906677246,0.7505413889884949,132.9318881034851,214.4893455505371,0.7512308955192566,114.73446249961852,297.9500341415405,0.8368878364562988,121.08478546142578,300.51660776138306,0.7956750392913818
324,173.11687231063843,-36.45251870155333,0.9872512221336364,134.154235124588,0.069597252295344,0.9970971941947936,187.10922718048096,10.59833787381648,0.999113917350769,114.00099635124205,54.152437448501566,0.6918704509735107,160.2008020877838,59.61631715297698,0.5365278720855713,106.18611216545104,97.39169597625732,0.5916622281074524,140.3219640254974,77.16709971427917,0.4130488932132721,130.2187371253967,123.01186680793761,0.9970220923423768,150.08772611618042,124.03335928916931,0.9978641271591188,129.90703225135803,216.4786434173584,0.7527744174003601,134.21443462371823,217.8425145149231,0.7399204969406128,113.65410089492798,303.9900255203247,0.8371498584747314,117.24207043647766,303.837890625,0.7957658767700195
325,177.99484491348267,-40.810858905315385,0.9883089065551758,130.7065451145172,-5.779975354671456,0.9973692893981934,195.56243419647217,15.635655820369694,0.9991178512573242,109.96938943862915,52.205851078033426,0.7019919157028198,179.58706855773926,69.92901384830475,0.510932445526123,105.21120429039001,104.75304007530211,0.5520226359367371,144.078676700592,91.81408524513243,0.3774121403694153,128.44394087791443,122.08551764488219,0.9973008036613464,151.67337298393247,126.34558439254761,0.9980450868606568,125.78425168991087,218.96605968475342,0.7704885601997375,134.43155407905576,222.3996090888977,0.7478723526000977,110.21678566932678,308.629732131958,0.8488421440124512,114.15339946746825,307.6590299606323,0.807009756565094
326,180.35598278045654,-35.12664109468458,0.9894070625305176,133.94349932670593,3.66035029292106,0.9975915551185608,194.09595251083374,18.565403223037716,0.9990860223770142,118.27850818634032,61.52497172355651,0.6821780800819397,183.64861965179443,73.93113791942595,0.4848714172840118,137.7928876876831,102.56178259849547,0.5042885541915894,161.79572939872742,90.49684166908264,0.3460586667060852,127.19058752059935,126.54786586761475,0.9975271821022034,152.18923687934875,131.3569378852844,0.9981759786605836,124.48155641555786,225.87332725524902,0.7840040326118469,128.6332833766937,223.3414077758789,0.7530267238616943,109.25593256950377,312.75389671325684,0.8575117588043213,112.03741550445555,308.1172800064087,0.8142165541648865
327,167.0562708377838,-29.109354615211462,0.9899877905845642,159.62504982948303,5.72924472391602,0.9977700114250184,177.1071195602417,20.427748113870614,0.9989469051361084,167.8594636917114,78.05706202983855,0.6752442717552185,163.43618988990784,81.69377803802489,0.4516127109527588,170.68320751190183,134.35102343559265,0.4810106754302978,148.76778960227966,127.78675675392151,0.3270823657512665,129.91075515747067,127.46099710464476,0.9975756406784058,144.3148827552795,135.285826921463,0.998031735420227,122.8910493850708,234.7766089439392,0.7949130535125732,123.47863554954529,223.73105764389038,0.7221059799194336,108.29063773155211,324.5813012123108,0.8610993027687073,110.28272509574889,319.0204167366028,0.8014907240867615
328,165.16438007354736,10.944769978523231,0.9850510954856871,144.04146909713745,11.888427436351776,0.997930109500885,178.45335245132446,37.0522230863571,0.998978316783905,141.3154113292694,78.79000782966612,0.6569401621818542,178.10183286666867,99.55688238143921,0.4828495681285858,141.53241276741028,132.833354473114,0.4552803635597229,172.8781771659851,155.7990717887878,0.3447459936141968,124.8456609249115,146.04098081588745,0.997670590877533,146.68783307075498,152.19035267829892,0.9979380965232848,117.01662540435791,239.4527292251587,0.8120508790016174,125.3435218334198,227.92946577072144,0.6892750263214111,110.4921305179596,333.35401296615595,0.8683761954307556,111.49531960487364,321.12326860427856,0.7739254832267761
329,135.74106216430664,30.985275506973263,0.985884726047516,165.6187891960144,37.28544920682904,0.9981262683868408,151.49972677230835,47.21879839897156,0.9988540410995485,183.54435682296753,108.08348536491394,0.690662145614624,142.23883152008054,102.34689474105835,0.4386900663375854,178.30491900444028,169.11468386650083,0.5076404213905334,132.17373490333557,150.33851265907285,0.3165263533592224,133.71662735939026,165.74440240859983,0.9976422786712646,136.19282126426697,164.2664623260498,0.9975926280021667,112.67599582672118,244.6681022644043,0.8299223780632019,122.5037920475006,238.00751209259033,0.682988166809082,99.99131441116332,332.14422941207886,0.8795108199119568,116.71507000923157,322.27784156799316,0.7807677984237671
330,131.45137310028073,33.33297818899152,0.9872322082519532,164.68026280403137,59.419206976890564,0.9983099102973938,151.4648473262787,57.882596254348755,0.9987235069274902,182.81696319580078,128.26971530914304,0.7210258841514587,143.5480499267578,106.37183904647826,0.3986993134021759,178.54771256446838,189.682195186615,0.5555079579353333,134.32928681373596,141.65030121803284,0.2910149991512298,135.11828541755673,183.0236005783081,0.997490406036377,135.67839503288266,179.6622133255005,0.9967886209487916,99.71914529800415,255.9328007698059,0.8386068344116211,123.99254679679869,252.1404790878296,0.6611506938934326,69.29034233093262,328.7502694129943,0.8833337426185608,143.95725846290588,330.4966020584106,0.7657821774482727
331,127.11717009544371,19.220314174890515,0.9884978532791138,161.92918539047238,67.83266365528104,0.9984696507453918,152.16052651405332,66.10690355300902,0.9987120032310486,173.8876748085022,142.89822578430176,0.7469378709793091,148.34227323532104,133.63311409950254,0.3620112240314483,171.89265847206113,206.18911027908325,0.5949322581291199,135.24127006530762,187.7117371559143,0.2660598754882812,135.88700652122498,201.1282753944397,0.9971879720687866,137.12368726730347,197.02361583709717,0.9964653253555298,81.61562383174893,271.0919165611267,0.8435994982719421,135.31263828277585,279.36444997787476,0.6449471712112427,34.00954127311705,331.53302907943726,0.8861230611801147,165.58977842330933,357.9791593551635,0.7517504692077637
332,124.4479751586914,20.71767210960388,0.9896450042724608,161.0979902744293,76.40673100948332,0.9986203908920288,151.46185398101804,74.03940796852109,0.998773455619812,166.8884289264679,152.43592500686646,0.771788477897644,151.7589998245239,141.41699194908142,0.3319076597690582,165.31370401382446,219.8930311203003,0.6348963975906372,137.0362901687622,201.38593912124634,0.2484052628278732,135.99787831306455,214.4363236427307,0.9970648288726808,138.28985810279846,210.68236827850342,0.9963884949684144,71.53897762298581,275.88961601257324,0.8486586213111877,141.5291941165924,289.98104095458984,0.6395545601844788,20.237651914358125,330.5726909637451,0.8815126419067383,173.04083704948425,359.0480303764343,0.7363044619560242
333,120.86830973625182,24.296927154064164,0.9906784296035768,155.23786783218384,83.11699032783508,0.9987564086914062,151.0381507873535,79.74274456501006,0.9988531470298768,163.85471105575562,161.5496850013733,0.7942808270454407,154.54499959945676,151.57559037208557,0.3073612749576568,162.391619682312,225.87952852249146,0.6710805892944336,149.80242490768433,207.2312879562378,0.2367620319128036,137.40148901939392,216.19224786758423,0.9969739317893982,138.69401335716248,209.28751230239868,0.9963980913162231,72.335067987442,269.9745512008667,0.8573880195617676,142.52273797988892,286.46981477737427,0.63625168800354,16.534485518932332,316.08734607696533,0.8836615085601807,180.97484350204468,358.07934522628784,0.7278713583946228
334,119.81549978256226,24.158324003219604,0.9916045665740968,147.6203191280365,80.5353158712387,0.9988781809806824,152.58745908737183,79.05872225761412,0.998920202255249,160.87746977806088,157.3604714870453,0.8143945932388306,155.08104443550107,149.81890439987183,0.2871633768081665,153.73053073883054,224.3654751777649,0.7034451365470886,162.3264420032501,200.41882038116455,0.2295458763837814,137.85395622253415,210.5981683731079,0.9969115257263184,141.45015478134152,201.56880140304565,0.9963870048522948,83.9546227455139,271.16214752197266,0.8682591915130615,143.6548662185669,281.9628667831421,0.6353603601455688,41.85596823692321,326.99404478073126,0.8869981169700623,188.71511936187744,355.6838750839233,0.7162461876869202
335,117.52505421638487,21.851295679807635,0.9924150705337524,145.76915502548215,75.91368198394774,0.9989897012710572,150.58645606040955,74.09317553043364,0.9989368319511414,156.4492607116699,152.50385999679565,0.832606852054596,156.3952302932739,143.08867335319516,0.2667436301708221,151.10754489898682,218.49302530288696,0.7327478528022766,164.64753985404965,193.12930583953857,0.2274228930473327,139.6533644199371,205.69303035736084,0.997197449207306,137.4825024604797,195.6230092048645,0.9966621994972228,140.43999195098877,282.1325755119324,0.8808678984642029,84.55445051193237,273.00087690353394,0.6507400870323181,189.79680061340332,350.6090068817139,0.8977304697036743,39.836136102676384,313.01984310150146,0.7291826009750366
336,117.30397582054138,20.096168071031567,0.993168294429779,139.59043979644775,74.25830304622649,0.9990904331207277,149.6986126899719,70.92400610446927,0.9989994168281556,144.67108011245725,153.09675693511963,0.8490492105484009,156.81002855300903,140.46455025672913,0.2579551637172699,140.21403193473813,218.61960411071777,0.7591195702552795,163.63444805145264,190.6539273262024,0.2361001670360565,137.24648952484128,203.5344958305359,0.9974676370620728,134.068500995636,192.6154589653015,0.9969437122344972,143.22322368621823,278.97265434265137,0.8922773003578186,88.1664419174194,267.84940481185913,0.6661317348480225,197.21325874328613,351.5758037567139,0.9075366854667664,60.02937197685242,311.3521957397461,0.7410653233528137
337,116.48992538452147,17.52740308642385,0.9938440918922424,135.73282241821286,71.73316955566405,0.9991804361343384,148.9397406578064,69.03707742691039,0.9990468621253968,137.4970293045044,150.90765595436096,0.8636190295219421,155.7790946960449,139.0991985797882,0.248866468667984,133.5913574695587,214.1822648048401,0.7824698686599731,162.1249437332153,189.74210500717163,0.2414261549711227,129.7588348388672,200.29908657073975,0.9976999163627625,129.05931472778317,191.46700143814087,0.9971859455108644,133.34919691085815,274.16008472442627,0.9021837711334229,103.03859353065491,267.62118101119995,0.6779811978340149,194.68854904174805,346.753363609314,0.9161832332611084,85.86507976055144,318.6518597602844,0.7548285126686096
338,115.93122124671936,16.490242481231665,0.99444580078125,132.8539431095123,70.90942561626434,0.9992591738700868,146.94339394569394,68.21756601333617,0.9990281462669371,132.51213312149048,150.48259019851685,0.8765416741371155,155.36528348922727,138.79786849021912,0.2429695576429367,127.93069481849669,213.40940237045288,0.802844226360321,160.82820296287534,189.61958169937134,0.2458434700965881,124.0811240673065,198.2791042327881,0.9978731870651244,126.3448119163513,190.40027618408203,0.9973243474960328,126.88380718231201,272.67319679260254,0.911054253578186,106.58199548721312,263.17834854125977,0.6891207695007324,183.96846771240234,342.8717565536499,0.9237034916877748,99.47844386100768,321.827552318573,0.769157350063324
339,114.16010499000548,16.091046631336212,0.9949890375137328,130.22433757781982,71.37501418590544,0.999319314956665,146.8806195259094,68.92585158348082,0.9990757703781128,131.7242074012756,149.91665482521057,0.8870781660079956,154.7986614704132,138.25477480888364,0.2318377196788787,129.15829896926877,211.52644872665405,0.8189204931259155,159.2611062526703,189.10504817962646,0.2425902932882309,123.5820186138153,197.39339590072632,0.9979633688926696,129.2256653308868,190.1881241798401,0.9974405169487,113.75651836395264,271.2502098083496,0.9197723865509032,113.98622274398804,261.0439109802246,0.6974351406097412,139.8149836063385,339.1259551048279,0.9302566051483154,149.679182767868,323.55437994003296,0.7834390997886658
340,113.93032550811768,16.0694374144077,0.9954673051834106,128.70785951614377,71.29702091217038,0.9993838667869568,146.70675873756406,69.75275516510008,0.9990759491920472,127.56971240043639,150.33326625823975,0.8974856734275818,154.2103886604309,140.0739777088165,0.2249773740768432,123.97240877151489,212.7094316482544,0.8352848291397095,158.79294276237485,190.32495975494385,0.2504489123821258,125.31458616256714,198.8581395149231,0.99806809425354,129.7882103919983,189.90359544754028,0.9974578022956848,116.34472131729125,270.6702518463135,0.9268868565559388,107.71391987800597,260.9142851829529,0.7047383785247803,147.97561526298523,338.9501953125,0.9354379177093506,137.73510217666623,324.50390338897705,0.7834327220916748
341,112.49104142189026,16.537022888660424,0.9958685636520386,127.95522093772888,71.84597790241239,0.9994409680366516,145.93816637992856,71.71937763690946,0.999030590057373,127.65235662460326,151.21221542358396,0.9069033265113832,152.48113632202146,141.9100999832153,0.2158000916242599,123.49113464355469,216.21344804763794,0.8500149250030518,156.14720106124878,192.771155834198,0.2499466240406036,125.83312153816223,201.70430660247803,0.9980952739715576,130.68991541862485,193.01620244979858,0.9972997307777404,120.29189229011534,272.6936888694763,0.93249773979187,102.76052355766296,260.6674790382385,0.6999711394309998,147.06104636192322,338.3395314216614,0.9388487935066224,133.63925099372864,321.4560341835022,0.76439368724823
342,111.89699649810791,19.918764084577536,0.9962557554244996,128.7616002559662,74.13573682308197,0.9994930624961852,145.72515606880185,75.80837845802307,0.9990416765213012,127.82109975814818,152.52381563186646,0.9154434204101562,152.7295410633087,144.03979539871213,0.2097605466842651,123.4021496772766,216.56352996826172,0.8633270859718323,156.1907386779785,194.4421935081482,0.2507137358188629,127.52323508262633,202.38661766052246,0.9982098937034608,130.9111976623535,194.0549898147583,0.997416853904724,123.04705739021301,273.30312967300415,0.9382278323173524,97.02659368515013,260.61694622039795,0.7067781090736389,143.84347915649414,338.09815406799316,0.943180501461029,130.2419328689575,320.48436641693115,0.755454421043396
343,111.34692907333373,21.058660000562654,0.9966171383857728,128.80960106849668,74.49498653411865,0.999538779258728,146.20089411735535,77.30069518089292,0.999086856842041,128.06473016738892,151.40562415122986,0.9230393171310424,153.6739683151245,143.51085305213928,0.2061312943696975,124.39854741096497,215.00465154647827,0.8753182888031006,159.91557598114014,193.50479364395142,0.2483624517917633,127.66218423843384,201.77380800247192,0.9983333945274352,135.05460977554318,194.02194499969482,0.9975862503051758,77.1432280540466,266.5563654899597,0.9439233541488647,120.19347667694092,260.7611632347107,0.7118979692459106,124.63960289955138,324.3340229988098,0.9466642737388612,144.73922967910767,321.27458810806274,0.7558470368385315
344,110.51363110542297,20.576465874910333,0.9969419836997986,129.79867100715637,73.63557994365691,0.9995815753936768,146.06898307800293,76.06147706508636,0.9991443157196044,128.5989189147949,151.16579174995422,0.930040955543518,153.85292530059812,142.9092228412628,0.2007012516260147,124.86642122268677,214.76258754730225,0.8864721059799194,160.90537548065183,192.9628586769104,0.2449967563152313,128.0513298511505,200.40334939956665,0.9983891248703004,136.8970513343811,193.61045122146606,0.9976881146430968,73.30819487571716,264.16988611221313,0.9489235281944276,140.2363908290863,264.3762230873108,0.7084842920303345,104.15140986442564,325.98452568054194,0.949803590774536,174.37088012695312,338.44750642776484,0.7593266367912292
345,111.17897987365721,13.811312466859787,0.9972342848777772,129.9467825889587,67.47550070285797,0.9996199011802672,147.31990098953244,70.77245593070981,0.999205470085144,127.88339138031006,145.8907449245453,0.9363917708396912,155.85786581039426,135.33677816390988,0.1999291479587555,121.88943743705748,209.8064661026001,0.8968089818954468,161.09705686569214,185.7276964187622,0.2477981597185135,128.38955640792847,190.80895900726318,0.9984298944473268,142.89819359779358,187.05363035202026,0.9978049397468568,84.37329947948454,263.2813024520874,0.9529584050178528,149.3458271026611,264.21138525009155,0.7105268836021423,98.83130192756651,331.1266422271729,0.9521701335906982,185.01068830490112,342.1055245399475,0.7651445865631104
346,111.6412854194641,3.5792912542819675,0.9975033402442932,130.1292908191681,58.34068536758422,0.9996567964553832,147.41699695587158,60.994055271148675,0.9992597103118896,128.62727522850034,137.1170675754547,0.942508578300476,154.8827004432678,126.63608908653259,0.1994350999593734,122.7542781829834,200.2526307106018,0.9067783951759338,160.9096562862396,175.14286279678342,0.2558404803276062,128.42254757881162,179.78620648384094,0.9984975457191468,143.40091466903684,176.11979842185974,0.9979029893875122,92.21431374549864,261.2652039527893,0.9567866921424866,146.55801415443418,260.23733854293823,0.7117140293121338,108.86707663536072,332.5840044021606,0.955291986465454,187.01215267181396,339.18359041213995,0.7749720215797424
347,114.5229434967041,-0.008438530130661093,0.9977271556854248,130.4328203201294,46.59427821636198,0.99968820810318,149.74295496940613,51.737558841705315,0.999273419380188,137.03604340553284,122.13410854339598,0.94745272397995,154.83679175376892,115.34015893936157,0.188894510269165,142.4475073814392,180.70520639419556,0.9148661494255066,160.86062550544736,165.79495668411255,0.2480259239673614,128.5995304584503,169.38810825347898,0.9985315203666688,145.5611550807953,167.0510458946228,0.9979010820388794,108.65072965621947,255.2131748199463,0.9600965976715088,145.4469788074493,249.7087025642395,0.7015132308006287,112.62859582901001,333.030731678009,0.9575681686401368,177.35788464546204,328.48865747451777,0.7776305079460144
348,114.62639093399048,-5.632907822728129,0.9977057576179504,121.93703055381773,35.64315140247342,0.9997110962867736,155.52444577217102,40.27220427989959,0.9992535710334778,132.82186388969419,115.40485382080078,0.9500181078910828,160.06252884864807,106.04878306388854,0.1871220916509628,131.92262649536133,177.58174180984494,0.918936848640442,165.01960515975952,158.459233045578,0.2401953786611557,128.65068554878235,159.64523077011108,0.9985141754150392,151.6754114627838,159.47359085083005,0.9978013634681702,125.24720907211304,248.59389066696167,0.9626109004020692,142.03715085983274,245.05204439163208,0.6641895174980164,129.88372921943662,331.14346504211426,0.9502132534980774,160.79799056053162,322.0382022857666,0.7493039965629578
349,119.08549904823303,30.0275444984436,0.9943494200706482,123.01242470741272,35.51603615283963,0.9997369647026062,159.10003423690793,44.766757786273956,0.9992454648017884,129.59659337997434,104.25303339958191,0.9517368078231812,169.49389457702634,102.27758646011353,0.2015285938978195,131.10498189926147,168.60100865364075,0.9206011891365052,173.17618131637573,154.15586471557617,0.2449259608983993,129.72507119178772,159.15698289871213,0.9985783100128174,150.92912435531616,160.5928337574005,0.9976539015769958,131.23288035392758,248.9194893836975,0.9622700810432434,140.54911494255063,242.69712924957275,0.6289531588554382,141.67176961898804,331.31171464920044,0.9479543566703796,138.392436504364,317.1401882171631,0.7174444198608398
350,122.22048640251158,27.202950417995424,0.9941588640213012,123.43399286270142,40.85223734378812,0.9997601509094238,162.87747502326965,43.07574570178983,0.999208390712738,134.35868382453918,102.36400723457335,0.9541649222373962,175.14411807060242,100.43861031532286,0.2007038295269012,139.87791895866394,162.71186470985413,0.9215252995491028,177.61125683784485,151.94204449653625,0.2374789714813232,141.78742647171018,155.76915979385373,0.9987001419067384,154.97053742408752,153.240008354187,0.9977408647537231,135.739688873291,242.46585845947266,0.964310586452484,136.13115191459656,224.9612045288086,0.6035740375518799,163.8264513015747,326.7304587364197,0.9497855305671692,99.62316513061523,291.9623136520386,0.7032445073127747
351,122.24745869636534,33.783498108386965,0.9936518669128418,137.24114656448364,42.52231210470199,0.9997832775115968,161.15307211875913,42.874802649021134,0.9991818070411682,144.61845517158508,99.97280716896057,0.9574659466743468,171.15231513977048,99.44212675094604,0.1915684044361114,154.96569871902463,161.92556977272034,0.9247850775718688,175.7692444324493,151.02131724357602,0.2229895740747451,149.4151782989502,157.04725384712216,0.998820185661316,152.7678859233856,153.07143688201901,0.9978302121162416,143.48300099372864,243.81490230560303,0.9671298265457152,132.371928691864,217.94368743896484,0.5852982401847839,178.359614610672,329.0882277488708,0.9531716108322144,79.80873227119444,275.1039218902588,0.6918910145759583
352,122.39113926887511,23.560730516910528,0.9932655096054076,133.94499063491818,39.9280285835266,0.9998035430908204,160.0440537929535,41.35726511478421,0.9991978406906128,143.40120434761047,106.01642489433289,0.9588850736618042,174.4029378890991,101.51192307472229,0.196982055902481,148.64228367805478,167.70471096038818,0.9234042763710022,182.65109539031982,155.63215255737305,0.2333101630210876,152.5456595420837,161.54496431350708,0.9989303350448608,152.5139772891998,156.51167035102844,0.9979820251464844,151.33095145225522,245.9156084060669,0.9700656533241272,118.41569781303406,221.83518648147583,0.5942685604095459,184.6055030822754,330.7701659202576,0.957284152507782,63.67725670337676,275.5737590789795,0.7081337571144104
353,122.46598362922668,22.318679988384226,0.9934592247009276,148.53625059127805,42.06401377916335,0.999821960926056,146.24945282936096,44.0176784992218,0.9990297555923462,159.38270688056943,109.61832046508788,0.9621333479881288,158.13752889633176,104.51837897300719,0.1830909699201584,174.47726726531982,167.44005203247067,0.9289867281913756,181.72367334365845,156.62232756614685,0.2195355147123336,154.3952465057373,167.15821623802185,0.9990211129188538,150.74775338172913,159.1448163986206,0.9980427026748656,152.2568392753601,248.35633277893066,0.972768008708954,104.33097839355469,220.59677839279175,0.6121365427970886,180.99076509475708,334.52684640884405,0.9611763954162598,62.7959471940994,276.62505626678467,0.7246972322463989
354,134.09456133842465,21.447515934705706,0.9939911365509032,140.99303126335144,51.21064960956573,0.9998382925987244,165.33125638961792,54.09819245338438,0.9990348815917968,152.57197737693784,119.12169814109802,0.9643862843513488,182.22700595855713,107.7780246734619,0.1893368065357208,162.92430639266965,180.65666913986206,0.9331095218658448,189.74783420562744,157.38523364067078,0.2409984618425369,153.31381201744077,174.7309613227844,0.9991039633750916,158.91719341278073,163.3197820186615,0.9981372356414796,148.33743453025815,254.72707271575928,0.9751970767974854,111.35116696357727,223.87418031692505,0.6166977882385254,177.9212665557861,339.18009281158453,0.9641911387443542,73.51707458496092,280.80432415008545,0.7263104319572449
355,133.30888867378235,17.117007672786695,0.9945377111434937,145.13861060142514,57.991998195648186,0.9998538494110109,166.15584254264832,58.13156962394712,0.9989440441131592,159.9532341957092,127.42854237556456,0.9675394296646118,180.97147464752197,116.36200547218321,0.178229734301567,161.9727659225464,188.72921705245972,0.939179301261902,185.83286046981812,167.19602465629578,0.2375896722078323,155.9969329833984,184.0916347503662,0.9991748929023744,158.4988439083099,173.40853571891785,0.9981402158737184,147.7689778804779,260.718355178833,0.9769562482833862,122.82077550888062,232.39736080169678,0.6122164130210876,184.50531721115112,341.72205448150635,0.966040313243866,84.36502218246459,286.6067147254944,0.7149131894111633
356,131.80956602096555,13.251815736293773,0.9950298070907592,153.58925342559812,62.1226644515991,0.9998664855957032,164.82754826545715,60.34609794616697,0.9987611770629884,162.1241283416748,135.96744060516355,0.970334768295288,177.7580380439758,120.26360034942627,0.169415682554245,160.71428418159485,197.25516557693481,0.9444400072097778,182.07656621932983,176.2684679031372,0.2273373007774353,156.6515529155731,190.40443897247314,0.9992296695709229,157.06296086311337,179.9628138542175,0.9981393218040466,150.69408774375913,269.3593168258667,0.9784318208694458,118.68140816688536,239.6990203857422,0.6234228610992432,195.5937623977661,342.6559782028199,0.9679587483406068,88.84507834911345,302.7451157569885,0.7125422358512878
357,132.66973972320554,13.098385334014885,0.995470941066742,155.10557055473328,65.72133600711821,0.9998754858970642,166.49914383888242,62.26725161075591,0.9987134337425232,161.98288321495053,138.1866896152496,0.9725672602653505,177.1851396560669,127.37856745719908,0.1606881916522979,161.17257714271545,200.73113679885864,0.9478545784950256,176.99591517448425,180.28158903121948,0.2146766930818557,157.42776274681088,191.98707103729248,0.9992464780807496,156.3940393924713,181.97745323181152,0.9981452822685242,157.14430689811704,271.4102840423584,0.9786271452903748,120.72711825370789,249.14528846740723,0.6271831393241882,205.93758344650269,342.84291744232183,0.9690297245979308,109.30407285690306,323.58272552490234,0.7127248644828796
358,136.98526382446286,9.766793400049188,0.9958863854408264,159.9607980251312,63.132800459861734,0.9998830556869508,170.44327855110168,61.31412863731382,0.9987231492996216,174.11219716072083,134.76499557495117,0.9743982553482056,176.9163179397583,126.72332525253294,0.1509323716163635,164.84379172325131,198.72928619384766,0.9493528008461,169.17192220687866,183.31600427627563,0.2007726281881332,156.40864133834836,188.86313438415527,0.9992710947990416,155.68202018737793,180.2910304069519,0.9982045292854308,155.50027370452878,271.0675621032715,0.977457582950592,136.01937890052795,255.29510021209717,0.6173377633094788,209.5810317993164,342.4918270111084,0.9697837233543396,126.32140159606934,328.76758575439453,0.7079552412033081
359,138.2497000694275,16.383475810289376,0.9960930943489076,167.70117044448853,62.69574522972107,0.9998918771743774,168.6725914478302,60.79000353813169,0.9987370371818542,178.94563436508176,129.4039142131805,0.9764594435691832,174.87634778022766,125.52914142608641,0.1400732845067978,172.51803159713745,193.29811334609985,0.9523181319236756,164.32008504867554,181.0429286956787,0.1867797225713729,159.65144276618955,176.7704916000366,0.9992799162864684,155.1838374137878,174.4526982307434,0.9982481002807616,153.04571986198425,269.28000926971436,0.97763592004776,142.86921501159665,254.02293920516968,0.6046295166015625,206.24260425567627,338.8456320762635,0.971308171749115,137.24709033966062,330.8426284790039,0.7127959728240967
360,149.4600677490234,17.28741645812988,0.9961897134780884,174.2158806324005,53.66074025630948,0.9999006390571594,167.85745739936826,54.688535928726196,0.9987378716468812,180.8092975616455,120.74326515197752,0.9786056280136108,165.3751266002655,122.13124394416809,0.1318566054105758,173.97674560546872,179.8743438720703,0.9564962983131408,159.81771826744077,165.11738777160642,0.1777091920375824,163.31985712051392,167.62996315956113,0.9992653727531432,155.74801325798035,168.07626128196716,0.9982492923736572,152.39248394966125,258.98348093032837,0.9760436415672302,146.84889435768125,251.65963411331177,0.5783188939094543,202.35295057296753,332.91629791259766,0.9709777235984802,147.95661449432373,326.08606338500977,0.7048504948616028
361,150.69546103477478,30.336618125438676,0.9959668517112732,173.82223963737485,47.53663480281827,0.9999086260795592,171.82267427444458,51.2680649757385,0.9986984133720398,180.6787919998169,113.27758312225342,0.9803542494773864,171.11509680747986,115.35574793815613,0.1227143630385398,175.4460275173187,168.92050266265866,0.9594107866287231,164.2427945137024,155.84067821502683,0.1651168316602707,165.6496560573578,161.9557499885559,0.9992330074310304,160.02782106399536,160.1995253562927,0.997966468334198,154.1826331615448,247.1966314315796,0.9682035446166992,153.0901479721069,245.7188844680786,0.5405631065368652,168.85249257087705,332.5485563278199,0.9616303443908693,162.73032903671262,322.4855947494507,0.66415935754776
362,155.3930068016052,32.51681953668594,0.996022641658783,172.2835099697113,48.145238757133484,0.9999146461486816,176.65385842323303,51.618914008140564,0.998684287071228,181.6352891921997,115.57846784591673,0.9814596772193908,180.96327781677246,113.41518044471741,0.1146147772669792,179.88272309303284,171.51843667030332,0.96165931224823,165.53905248641965,156.2281501293182,0.1545411199331283,164.92671489715573,166.40356063842773,0.9990615248680116,170.55142521858215,165.70186257362363,0.9973511099815368,150.0146520137787,250.48126459121704,0.9451627731323242,164.0005910396576,248.82715702056885,0.5077199339866638,131.17685437202454,326.54263973236084,0.942600429058075,179.0385568141937,324.2963218688965,0.625337541103363
363,157.08418250083923,30.46148568391799,0.9958254098892212,176.54516458511353,43.470333516597734,0.9999159574508668,178.03755640983582,47.983399629592896,0.9986538290977478,188.35671186447144,112.41129398345946,0.9815780520439148,183.0667519569397,112.41166949272156,0.1059571728110313,191.51259899139404,171.29626393318173,0.9599486589431764,173.65835666656494,157.31424093246457,0.1423517614603042,175.07841467857358,168.2741546630859,0.9987465143203736,178.1632125377655,166.13378405570984,0.9968141913414,134.3714618682861,245.17523288726807,0.9434994459152222,180.6469702720642,248.57017993927002,0.4905435442924499,91.001558303833,309.8240876197815,0.9445920586586,200.67176342010498,327.2726511955262,0.6271942853927612
364,157.37239122390744,29.91378664970395,0.9957842826843262,180.72393894195557,40.730473101139054,0.9999175667762756,177.63751029968262,47.86283969879148,0.9984018206596376,192.92670249938965,108.69459986686705,0.9827331304550172,183.16331148147583,112.05115914344786,0.0980355516076088,201.31298303604126,171.1776781082153,0.961645781993866,185.37632703781128,159.72466707229614,0.131144180893898,183.00825834274292,168.80124092102048,0.9986514449119568,179.79618430137631,165.6804800033569,0.9967382550239564,133.1982100009918,236.1229920387268,0.946727991104126,177.78518199920651,248.78501415252686,0.4950681328773498,71.63315534591673,294.2771887779236,0.9490334391593932,211.9998049736023,332.44455099105835,0.6505229473114014
365,162.17836260795593,24.54884022474288,0.9947503805160522,186.45260095596313,42.89057672023771,0.9999222755432128,176.689875125885,59.80785906314848,0.9978609085083008,200.38948774337769,107.48683333396912,0.983259916305542,186.61806106567383,113.06298494338989,0.0889684706926345,209.73037719726562,172.7342176437378,0.9631954431533812,186.198992729187,168.6578822135925,0.1193538904190063,190.9811568260193,171.7066204547882,0.9987012147903442,182.57858991622925,169.71792340278625,0.9967740178108216,196.00296020507812,257.22622632980347,0.9514691233634948,133.37000012397766,243.8128423690796,0.524821937084198,209.89710330963135,340.17993450164795,0.9534261226654052,74.32016015052795,297.0059609413147,0.6735334992408752
366,166.608749628067,18.37499052286145,0.9935254454612732,191.94902658462524,46.58541619777679,0.9999219179153442,180.87448596954346,60.96257150173185,0.9972659349441528,208.69553804397583,109.50869321823119,0.9837077260017396,193.9857029914856,119.01366949081421,0.081928476691246,218.36129665374756,174.46928501129148,0.9636566638946532,192.79269933700562,173.68831157684323,0.1101579368114471,195.82868099212646,176.5331697463989,0.9986041188240052,189.34537410736084,174.7010064125061,0.9964120388031006,192.87996768951416,257.8379201889038,0.9546309113502502,138.06514263153073,245.8287477493286,0.5271943211555481,211.04077577590942,347.787516117096,0.9559513926506042,85.36326527595517,296.8859267234802,0.6813790798187256
367,167.27696299552917,0.934902895241952,0.993964910507202,198.11385869979858,50.02000629901884,0.9999216794967652,191.49978876113892,60.735613703727715,0.9967012405395508,216.15132808685303,121.51872396469116,0.9846184253692628,204.21669960021973,122.13911890983582,0.0759461820125579,224.27470922470093,185.68973779678345,0.965769350528717,204.5703649520874,175.95312595367432,0.1021983847022056,198.03107500076294,185.08559703826904,0.998443603515625,193.98407220840454,182.72317171096802,0.9961256980895996,177.35201597213745,261.12096548080444,0.95623779296875,161.41604661941525,259.69205617904663,0.517807126045227,208.88247728347778,341.8693614006042,0.9547385573387146,131.7144012451172,333.12222719192505,0.6707966327667236
368,170.6426203250885,5.7299320399761005,0.9944344758987428,202.94320821762085,57.723364233970635,0.9999223947525024,200.9832215309143,60.57810902595517,0.9960585236549376,221.89074039459229,133.37981700897214,0.9856096506118774,211.41255140304565,127.00474262237549,0.0711411610245704,227.80977487564087,195.47531604766846,0.9680711030960084,211.03991746902466,180.86830615997314,0.0958674326539039,200.59998750686646,190.46958446502686,0.9984889626502992,198.81927967071533,185.32427072525024,0.9959730505943298,178.1103944778442,268.9682078361511,0.956869900226593,168.45312237739563,261.9590377807617,0.4970636665821075,204.99666452407837,350.78701972961426,0.9506148099899292,129.00435090065002,331.8434143066406,0.6355472803115845
369,177.4440801143646,7.576222568750351,0.9949521422386168,207.80787706375122,65.5391603708267,0.9999221563339232,204.3597149848938,63.41911554336545,0.9959360361099244,225.88738203048706,140.1681339740753,0.986483097076416,214.3933868408203,131.06634736061096,0.0679827407002449,232.4046778678894,202.1472144126892,0.9695210456848145,214.8907971382141,184.31771278381348,0.0897358134388923,204.05010223388672,193.88420820236206,0.998423159122467,200.12959241867065,187.3745083808899,0.9957437515258788,175.1655113697052,269.2427158355713,0.957209587097168,179.44851636886597,264.6754717826843,0.4746736884117126,204.2460536956787,350.410373210907,0.948274552822113,168.4122884273529,331.8016576766967,0.6089968085289001
370,182.35952854156494,8.14118832349776,0.9954382181167604,210.97262620925903,67.25000739097595,0.9999246001243592,207.35535621643066,64.36505019664764,0.9959027171134948,227.63330698013306,142.5886881351471,0.9873692393302916,214.80741262435913,133.630678653717,0.0657187029719352,232.20810413360596,204.90304470062256,0.971177577972412,216.8338108062744,188.0252766609192,0.0849161967635154,204.7693634033203,195.08066654205322,0.9984146952629088,202.3894500732422,188.95898580551147,0.9956089854240416,179.21546459197995,273.1989526748657,0.9576817750930786,186.04758739471436,268.00817012786865,0.4587771892547607,189.57001447677612,345.731806755066,0.9439826607704164,163.61689567565915,334.9316668510437,0.5830079317092896
371,184.11779165267944,6.1506928503513,0.9958810210227966,215.23759603500366,64.37207221984862,0.99992835521698,210.96324920654297,63.742386102676384,0.9960490465164183,229.4646978378296,139.96405005455014,0.9882725477218628,216.30874156951904,132.84209847450254,0.0639414489269256,232.40484952926636,202.5005578994751,0.9731169939041138,216.10697507858276,186.58068180084229,0.0817561000585556,207.37235069274902,193.55760097503662,0.9983603358268738,205.07498502731323,188.49045753479004,0.9954993724822998,184.92944955825806,272.3701071739197,0.9578179121017456,195.28734683990479,266.85226678848267,0.4427667260169983,174.30334210395813,344.1453766822815,0.9413782954216005,210.79296112060547,343.19100379943853,0.5663773417472839
372,196.8517827987671,4.770397581160068,0.996102511882782,221.95940494537354,52.20740139484403,0.9999300241470336,215.46753644943237,55.04193842411041,0.995517373085022,231.43131494522095,130.52549600601196,0.9884079098701476,216.13296031951904,125.93444466590881,0.0600164420902729,233.46425771713257,197.2092890739441,0.9725000858306884,212.73372173309326,182.66607284545898,0.0773436799645423,215.70181131362915,187.7995204925537,0.998443603515625,205.88835954666138,185.463445186615,0.9955819845199584,207.30881452560425,270.95293521881104,0.9599786400794984,187.58442878723145,261.1370587348938,0.4506469666957855,222.1391773223877,346.30584239959717,0.943947434425354,188.39215993881226,337.4343609809875,0.5698733925819397
373,196.5795922279358,-1.68915599584578,0.9963745474815368,223.05526971817017,46.905580759048455,0.9999309182167052,217.8545093536377,49.86746370792389,0.9954061508178712,234.44214820861816,124.1883909702301,0.9889208674430848,220.93836307525635,121.75317049026489,0.0578866489231586,236.17045640945435,191.55944108963013,0.9736197590827942,217.36119747161865,177.42781519889832,0.0745397955179214,219.0451741218567,182.174391746521,0.998343825340271,210.95316410064697,180.60699462890625,0.9952720999717712,199.7127342224121,262.9785990715027,0.962357461452484,187.86438703536987,255.08854866027832,0.4640116095542907,223.8571000099182,343.0217242240906,0.9476813673973083,209.97196912765503,334.8613071441651,0.5810969471931458
374,196.36831998825073,0.216966653242704,0.9967092871665956,223.92441272735596,45.835894346237176,0.999933660030365,220.39387464523315,48.613901138305664,0.995794117450714,235.88384628295898,122.81311511993408,0.9897409677505492,225.05589723587036,119.88968968391418,0.0562434680759906,236.44889116287231,191.1406946182251,0.9755914211273192,220.7589554786682,176.07481241226196,0.0749131366610527,218.58761072158813,178.7908923625946,0.9984363913536072,216.25237226486206,175.7256317138672,0.99564391374588,184.7374677658081,253.5152292251587,0.9659865498542786,199.41917181015015,251.90929412841797,0.484285444021225,208.5818338394165,328.64853858947754,0.9519569873809814,242.1374273300171,334.0249085426331,0.6094145178794861
375,197.3820447921753,1.507872696965928,0.99700266122818,224.48615312576294,45.56770026683807,0.9999386072158812,220.8217191696167,48.72586190700528,0.996140718460083,236.13605976104736,122.3099648952484,0.9904534816741944,225.40653705596924,119.45035457611084,0.0562077313661575,236.86532020568848,188.74307870864868,0.9771819710731506,222.08733558654785,175.82612872123715,0.0754217430949211,220.06664514541626,176.60529971122742,0.9985620379447936,214.90116119384766,173.69853615760803,0.9960253834724426,189.26520824432373,252.34190225601196,0.9682202935218812,198.20116996765137,246.10347032546997,0.4905252158641815,251.58963918685913,327.2752904891967,0.9555769562721252,210.71135759353638,326.36724472045904,0.619973361492157
376,198.62298488616943,1.162723023444384,0.997258186340332,224.54593420028687,45.917551517486544,0.9999426007270812,223.07657718658447,49.24273431301117,0.996297001838684,235.87912559509277,123.84044408798216,0.9911593794822692,225.61742305755615,119.56206321716307,0.0545676387846469,236.27834558486938,189.40253734588623,0.9789531230926514,224.09364938735962,177.3873138427734,0.0740021765232086,218.87055158615112,177.40024209022522,0.9986268281936646,214.72484350204468,174.071170091629,0.9962103366851808,205.69762229919434,253.60035181045532,0.968775987625122,194.10024404525757,247.45054006576538,0.4857537150382995,255.71331024169922,329.3114948272705,0.957124650478363,188.94372940063477,325.81638336181635,0.6192647814750671
377,196.22730016708374,1.4201837405562239,0.9975294470787048,223.24995517730713,48.3154946565628,0.9999470710754396,223.99303436279297,50.06425738334656,0.9965787529945374,235.07259607315063,128.6541724205017,0.9917237758636476,228.5684108734131,122.82032489776611,0.0534835048019886,234.4605588912964,192.75566339492798,0.9803911447525024,225.66857814788818,177.60092496871945,0.0742434933781623,216.10751152038574,181.7012071609497,0.9986457228660583,214.92349863052368,177.1403467655182,0.9963124990463256,199.6805477142334,262.20998525619507,0.9653927087783812,217.86680459976196,254.4638729095459,0.4835410416126251,173.34752082824707,334.83798265457153,0.9566670060157776,258.4672522544861,335.9664845466614,0.6230525374412537
378,194.3397331237793,1.810217164456836,0.99777352809906,222.06875324249268,54.53343987464905,0.9999513030052184,221.90327167510986,54.41331446170805,0.9968125820159912,234.5973300933838,132.97219634056088,0.992215633392334,228.37007761001587,127.64440655708313,0.0520920008420944,233.48131656646729,195.51321029663086,0.9815627336502076,224.90474939346313,179.15332317352292,0.0735701024532318,214.7745394706726,186.74476861953735,0.998684287071228,214.23054456710815,183.06627988815308,0.9964079260826112,199.38835859298706,264.4287085533142,0.9606329202651978,231.15333080291748,264.92178440093994,0.4835685789585113,166.28979206085202,339.64154005050665,0.9567087292671204,265.8532190322876,342.01119661331177,0.62518310546875
379,193.33160877227783,1.815720051526992,0.9979947209358216,220.8468246459961,57.84306049346922,0.9999545812606812,220.44260501861572,56.74853682518005,0.9970582723617554,233.3483648300171,136.28982067108151,0.99251788854599,226.38487815856934,130.61467409133908,0.0516097582876682,232.86694049835205,197.80920267105103,0.9825057983398438,222.9677653312683,182.53767013549805,0.0739744156599044,214.29395198822021,190.93933582305908,0.9986646771430968,213.84087324142456,186.7329454421997,0.9965004324913024,191.3282561302185,264.10308837890625,0.9543517827987672,231.09580278396606,262.69763231277466,0.4895250201225281,166.2037360668182,337.17592477798456,0.9510119557380676,267.678644657135,345.1707744598388,0.6268896460533142
380,193.2118320465088,2.01645104214546,0.9981940984725952,220.25542974472046,58.09614300727844,0.9999579191207886,220.11453866958618,56.60080075263974,0.997296154499054,232.87513732910156,135.13762950897214,0.9930084943771362,225.8757519721985,129.6981632709503,0.0513510555028915,232.44971752166748,197.274649143219,0.9836125373840332,222.26230144500732,182.65480756759644,0.074049986898899,212.19663619995117,189.98745203018188,0.998623549938202,213.52939367294312,185.60553789138794,0.9965533018112184,184.62666034698486,263.78920555114746,0.9512180685997008,222.5088930130005,261.74448251724243,0.4901439845561981,161.0466742515564,337.25177764892584,0.9497515559196472,264.33435916900635,343.43564271926874,0.6304423213005066
381,192.09547519683838,1.778008695691824,0.9983724355697632,219.1789197921753,57.83051848411559,0.9999598264694214,220.01641273498535,55.14602422714233,0.9975146055221558,229.8693037033081,134.43312048912045,0.9933361411094666,219.6445083618164,128.8316702842712,0.0510937869548797,227.786386013031,196.8059492111206,0.9840964078903198,218.30960512161255,182.2804570198059,0.0726800113916397,204.08462762832642,183.94707441329956,0.9986317753791808,204.39430475234985,179.0091812610626,0.9966874718666076,179.7778809070587,262.3853373527527,0.9530357122421264,215.64196586608887,261.49462938308716,0.4990615844726562,159.92666959762573,336.0906171798706,0.9521090984344482,255.75661182403564,341.3587975502014,0.645362377166748
382,188.3832335472107,1.878246031701564,0.998522400856018,216.72040700912476,57.5302720069885,0.9999584555625916,215.2195930480957,54.08676624298093,0.9976341128349304,225.092933177948,134.3398869037628,0.9928904175758362,212.1111273765564,124.91933584213257,0.0498049706220626,222.83779621124268,195.17574548721313,0.9811744689941406,210.26222705841064,180.0523567199707,0.0694361627101898,200.13317584991455,179.07645106315613,0.9986507296562196,199.35951948165894,174.27857995033264,0.9967247843742372,166.99020266532898,255.3778624534607,0.953340470790863,184.15796041488647,251.17494821548462,0.5113543272018433,162.8681194782257,335.6518507003784,0.9555404782295228,253.83700847625732,319.9888229370117,0.6585681438446045
383,183.77678632736206,3.259927667677392,0.9986567497253418,212.10891723632812,59.272592067718485,0.9999600052833556,209.93343114852905,54.87447202205656,0.9977595806121826,220.21223545074463,133.87515664100644,0.9929794073104858,208.33245277404785,124.7630488872528,0.048921626061201,216.75076961517334,194.13142204284668,0.9809169769287108,207.2094440460205,179.56100821495053,0.0674386695027351,195.579514503479,179.43204760551453,0.9987331628799438,193.8704538345337,174.24299240112305,0.9968891143798828,155.81843733787534,253.83142948150635,0.9557238817214966,167.02665925025937,247.4722981452942,0.5188854932785034,164.26328659057617,335.4480028152466,0.9581028819084167,211.86048030853271,312.3342490196228,0.6548265814781189
384,180.59197425842285,7.882988154888132,0.9987431168556212,207.27272272109985,63.81913483142853,0.9999589323997498,207.49425172805786,58.79619419574737,0.997482180595398,214.78694200515747,135.8175480365753,0.9928483366966248,206.29631280899048,125.96666336059569,0.0470590069890022,212.90868759155273,194.42657232284546,0.980276346206665,205.52490949630737,179.6772015094757,0.0643788278102874,189.70813751220703,179.75764632225034,0.998821496963501,188.6956787109375,174.04151558876035,0.9969511032104492,150.83334803581235,253.73403310775757,0.957656741142273,136.48760676383972,209.29343461990356,0.496355265378952,176.6028320789337,335.8959317207336,0.9554643630981444,154.36082839965817,276.1664414405823,0.6031790375709534
385,177.61109590530396,19.056459367275227,0.998859167098999,202.5941777229309,72.23882496356963,0.9999599456787108,200.40079593658447,66.69838964939116,0.9976279735565186,208.80241870880127,140.6762731075287,0.9927414059638976,198.99980306625366,130.88228344917297,0.0470808111131191,207.63595819473267,198.07364702224731,0.979110836982727,197.07934141159058,182.16125965118408,0.0640422403812408,186.28505945205688,185.35289525985718,0.9989178776741028,178.72095108032227,176.6268968582153,0.9971914291381836,152.3863363265991,256.9317412376404,0.960295796394348,140.35499811172483,219.83129739761353,0.5005185604095459,191.6790246963501,341.2046241760254,0.9580488204956056,122.44646787643433,297.7953243255615,0.6033227443695068
386,173.41231226921082,27.1069675683975,0.998948097229004,198.04279088974,81.61000728607176,0.9999598860740662,196.8682622909546,75.5636215209961,0.997630774974823,203.49239587783813,149.76091504096985,0.9929408431053162,195.5608034133911,139.63996410369873,0.0465544424951076,202.4082899093628,207.14556455612183,0.9801015257835388,191.9924783706665,187.29923486709595,0.0624016933143138,181.54229164123535,197.24750518798828,0.9989646077156068,174.83350753784177,186.44622802734375,0.997297465801239,156.89868092536923,273.07557106018066,0.961476504802704,121.06496930122375,230.7875418663025,0.5059596300125122,194.7033977508545,348.6754131317139,0.9561190009117126,82.97755300998688,292.19324111938477,0.5888683199882507
387,169.92594480514524,30.4271078109741,0.999050498008728,191.18659257888794,83.66823792457578,0.9999634623527528,195.1558756828308,81.01792037487029,0.9978132247924804,198.779776096344,151.22427463531494,0.9934930205345154,198.8482904434204,145.7831883430481,0.0494363158941268,196.93759202957153,210.31705141067505,0.981935739517212,193.04697275161743,193.2933497428894,0.0683038383722305,174.85991120338437,202.0617699623108,0.99906325340271,170.30452251434323,189.88857507705688,0.99755859375,156.55610918998715,277.03869581222534,0.9652343392372132,95.40449023246765,183.01729202270508,0.5479196906089783,193.08297872543335,349.4312167167664,0.9602199792861938,47.34415411949157,257.8979802131653,0.6207270622253418
388,169.92918491363525,29.163100719451894,0.9991452693939208,188.77947092056274,81.15058779716492,0.9999670386314392,191.90585374832153,79.13747191429137,0.9980164766311646,198.61384391784668,148.36172461509705,0.9940584897994996,199.01010274887085,143.13783288002014,0.0568678006529808,193.90171766281128,208.097984790802,0.983595073223114,192.7543330192566,191.09874486923218,0.0779500380158424,172.38871693611142,198.81994485855103,0.999151051044464,169.95210170745847,188.96042346954346,0.997792422771454,116.75977706909178,227.34847784042358,0.9684189558029176,101.99232816696166,203.32333087921143,0.5873153209686279,114.69416499137877,289.191312789917,0.9634633660316468,70.73816120624541,273.34664583206177,0.652009129524231
389,168.90134096145627,27.5364053249359,0.9992294311523438,186.1860752105713,78.00164222717282,0.9999701976776124,192.19239950180054,75.69309175014496,0.9981909990310668,195.455961227417,148.06497573852536,0.9945501685142516,200.2985715866089,141.2438929080963,0.0602830350399017,187.96616077423096,207.92434930801392,0.9850741028785706,193.43170881271362,188.2165503501892,0.0867606699466705,171.2526834011078,189.9740195274353,0.9992303252220154,169.49991345405576,178.59513401985168,0.9979854226112366,130.51486372947693,247.89780378341675,0.971437692642212,87.36962199211119,175.30709981918335,0.6175145506858826,169.2883729934692,330.5249905586243,0.9667230248451232,28.526821732521036,212.89085626602173,0.6725307703018188
390,169.68358039855957,14.994750022888176,0.9992981553077698,186.66930198669434,68.12869906425475,0.9999724626541138,193.42211723327637,68.51336538791656,0.9983250498771667,194.92072105407715,138.5366642475128,0.9948778748512268,200.44542789459229,133.96277904510495,0.0675437971949577,186.89608812332153,197.2767949104309,0.9861416816711426,199.18875932693481,180.2638864517212,0.1005297005176544,165.29649496078488,179.0270233154297,0.9992644786834716,169.41608905792236,171.24147176742554,0.9980984330177308,134.05777215957642,246.1717700958252,0.9697885513305664,132.95740127563477,236.01274251937866,0.6230342984199524,117.32525110244751,289.2418885231018,0.9629330039024352,114.38215970993042,290.6686735153198,0.6704226136207581
391,169.04543995857236,3.3884131908416397,0.9993454813957214,188.4447741508484,55.73909282684324,0.9999709129333496,192.55127906799316,54.06490087509153,0.9983282089233398,197.99170017242432,124.16787743568419,0.9950134754180908,198.31225633621216,119.8858058452606,0.065992072224617,191.4002251625061,181.7755365371704,0.9869181513786316,189.72118377685547,168.16179156303406,0.0987176746129989,163.57728481292725,169.12106752395627,0.999123215675354,167.69044160842896,163.95095944404602,0.9980717301368712,86.3884913921356,194.15148496627808,0.9685343503952026,137.5536024570465,234.81686353683472,0.6445120573043823,26.32069945335388,204.00583505630493,0.9604575634002686,145.9467816352844,309.68592166900635,0.6894527673721313
392,168.17174792289734,-4.255017153918732,0.9994006156921388,187.48969316482544,47.70454108715057,0.9999712109565736,192.6420021057129,45.75502574443814,0.9983848929405212,197.11899518966675,119.04126405715941,0.995185613632202,196.9401454925537,114.94488716125488,0.0651237666606903,192.5595188140869,173.50729465484616,0.9877280592918396,189.18896913528442,162.9586815834045,0.0993698313832283,162.01342821121213,157.62572050094604,0.9990410804748536,168.68148565292358,156.4012598991394,0.9980858564376832,83.91912102699278,179.72067475318906,0.9700684547424316,130.98503351211548,232.05015420913696,0.6664389371871948,23.222839236259432,210.2976107597351,0.963260293006897,124.82437491416931,305.3517508506775,0.7148284912109375
393,168.56001377105713,-4.979881122708312,0.9973890781402588,185.9837508201599,42.360714375972734,0.9999539852142334,191.64355516433716,38.98985356092452,0.9973652362823486,195.23093461990356,110.10549545288086,0.9920939207077026,195.21657943725586,104.61486339569092,0.0609714612364769,192.69356489181519,166.494562625885,0.9815813899040222,185.17889499664307,154.09601926803586,0.0932535827159881,166.2162137031555,152.1710193157196,0.9988784193992616,169.972003698349,146.59899830818173,0.9971493482589722,101.2931191921234,193.47711324691772,0.9639673829078674,107.60871291160583,199.88731384277344,0.624844491481781,41.84508919715881,242.7069354057312,0.9550918340682985,64.93398427963257,260.51345586776733,0.6651517152786255
394,162.4873852729797,-4.552025869488708,0.9966927766799928,185.78981637954712,37.72047400474547,0.9999482035636902,187.80829668045044,36.11199885606763,0.9966354370117188,196.4910364151001,105.66439032554626,0.9908252358436584,195.47675371170044,102.31353878974913,0.056422185152769,193.4186840057373,165.21254181861875,0.9776521325111388,187.61781692504883,151.8469226360321,0.0870951488614082,168.00487160682678,143.77467513084412,0.9987970590591432,170.43522119522092,139.75877523422238,0.9964220523834229,100.83934307098389,181.76830530166626,0.9571678638458252,102.06770896911621,187.3778772354126,0.5830046534538269,39.60889399051664,248.03693532943726,0.9502742886543274,51.39084577560423,247.13757991790771,0.6198407411575317
395,157.7490699291229,-2.071831449866292,0.9968383312225342,184.06951189041138,43.32389026880264,0.999942421913147,181.6262125968933,40.7518583536148,0.9965831637382508,196.8077301979065,108.57483386993408,0.9910991191864014,190.30817985534668,103.57831835746765,0.0554835237562656,200.11053800582886,167.47514605522156,0.9779615998268129,188.9094614982605,151.75805568695068,0.0884749665856361,168.81739854812622,144.49814200401303,0.9985729455947876,167.50887751579285,139.70868229866028,0.9964211583137512,99.26491856575011,176.5388989448547,0.9570916891098022,110.64546704292297,186.14747285842896,0.6035354733467102,57.89542257785797,218.56512308120728,0.9463827610015868,76.88147127628324,263.26250553131104,0.6368117928504944
396,148.71504664421082,-1.8808134086430002,0.9971084594726562,180.90072870254517,44.10010278224942,0.9999479055404664,175.78048825263977,43.650374114513376,0.996820032596588,197.25857734680176,112.8299331665039,0.99176287651062,187.5033402442932,106.54735207557678,0.0532458983361721,204.1396450996399,170.53852915763852,0.9796989560127258,189.20012712478638,152.5381064414978,0.0891313254833221,168.8904619216919,148.66893410682678,0.9987117052078248,166.48936986923215,138.3034086227417,0.996691346168518,111.66972756385803,191.1377763748169,0.9613373279571532,101.86054587364197,136.7215383052826,0.6163453459739685,96.06999993324278,278.36256980895996,0.9511459469795228,44.73758608102796,129.29475903511047,0.6549563407897949
397,139.68761086463928,7.702773883938756,0.9973804354667664,171.8784213066101,58.83754849433899,0.9999526143074036,171.6368508338928,52.79105544090271,0.9969955086708068,193.48782062530518,113.72301220893858,0.992228865623474,183.13299179077148,108.87882471084593,0.0507462956011295,201.05795860290527,172.78421401977536,0.9807448387145996,181.72972440719604,155.42343378067017,0.0858786851167678,161.74725651741028,153.00967097282407,0.9988366961479188,153.77946496009827,142.13272333145142,0.9968872666358948,121.48931622505187,207.9948592185974,0.9650941491127014,98.54524970054626,126.07336163520813,0.6107209920883179,129.82580423355103,301.37856245040894,0.9553810358047484,52.57402181625366,118.34257006645203,0.6552976369857788
398,134.25250053405762,16.391277015209173,0.9975993037223816,163.25471162796018,69.44459617137906,0.9999474883079528,166.03933811187744,66.60960316658017,0.9972061514854432,186.9587230682373,128.63840103149414,0.988119661808014,180.04143476486206,123.25201034545897,0.0478340536355972,189.35357093811035,178.5786759853363,0.9754696488380432,178.3018934726715,167.896488904953,0.0802202373743057,150.73770046234128,155.0728154182434,0.9988793134689332,152.361102104187,159.298335313797,0.9971743822097778,94.32661771774292,101.36996984481812,0.9589824676513672,123.66891145706177,223.30072402954102,0.6479911208152771,40.62974274158476,78.85823249816892,0.9517459273338318,144.43458437919614,303.49122047424316,0.6881591081619263
399,130.3181183338165,23.125284612178778,0.9977785348892212,157.3576712608337,76.1857599020004,0.9999355673789978,158.7684595584869,73.77825736999512,0.9972726106643676,178.4435999393463,137.72967338562012,0.9803339838981628,173.56830954551697,132.8386867046356,0.0442721806466579,179.58697199821472,189.25737619400024,0.9566407203674316,173.82167100906372,181.5737271308899,0.074456587433815,150.3017020225525,167.68584966659543,0.9988994598388672,146.45228147506714,164.62238073349,0.9974027276039124,100.70005059242249,151.32516860961914,0.9433739185333252,129.8546755313873,211.07542991638184,0.6759446263313293,96.29996180534363,130.82826375961304,0.8914157152175903,144.0467369556427,277.4277663230896,0.7077053785324097
400,130.91428756713867,30.97832053899762,0.997854471206665,155.06210803985593,82.9593139886856,0.9999386072158812,154.09699559211728,80.55072247982025,0.997277557849884,170.78156948089597,147.86360621452332,0.9779956340789796,162.05310344696042,142.62470483779907,0.0413701571524143,173.54474902153015,199.85886096954346,0.9403733015060424,160.67341804504392,190.59324502944946,0.0682668834924697,149.78111743927,184.5056390762329,0.9990056157112122,142.02619671821594,173.32718968391418,0.9975464940071106,133.40835571289062,251.41578912734985,0.9489479064941406,98.44807863235472,123.26802849769591,0.6719374656677246,167.092148065567,330.26449441909796,0.9003724455833435,58.99659812450406,67.39347875118254,0.7143527269363403
401,130.7236361503601,36.20260655879972,0.998056411743164,154.24714565277097,89.63788032531738,0.9999430775642396,155.0222826004028,87.12153375148772,0.9974875450134276,169.27518725395203,153.54589819908142,0.9761821627616882,164.11322236061096,147.1916162967682,0.0394356995820999,170.13666987419126,205.00260829925537,0.931237816810608,162.96721100807187,193.91330480575562,0.0633059591054916,149.34297323226926,187.44081258773804,0.9991019368171692,142.53640651702878,179.66397285461426,0.9977735877037048,125.18499255180357,225.60903310775757,0.9533270597457886,94.40138697624205,156.63894653320312,0.6912147998809814,152.97666907310486,274.372923374176,0.9014481902122498,53.74912440776825,134.23308134078977,0.7321134209632874
402,131.65188431739807,40.39796769618985,0.9982396364212036,156.96699142456055,91.28929495811461,0.9999368786811828,156.23000621795651,89.02028560638426,0.997593104839325,171.70641660690305,154.06898260116574,0.9753775596618652,160.656681060791,145.22190928459167,0.0367225222289562,171.93799853324887,206.63706064224243,0.933790385723114,155.91631650924683,188.1810164451599,0.0584230422973632,148.93891453742978,182.7102756500244,0.9990426301956176,145.1942181587219,178.0640888214111,0.9979609847068788,84.50171828269957,156.03904366493222,0.948477864265442,134.6530187129974,252.91733264923096,0.7206690907478333,49.81485486030578,87.7385115623474,0.9026972651481628,167.54870295524594,323.7196683883667,0.7572268843650818
403,134.60742115974423,38.52152913808822,0.9983795285224916,160.12171983718872,89.37139749526976,0.9999157786369324,159.83951926231381,86.81029558181763,0.997606635093689,174.69021320343018,152.98693656921384,0.9737180471420288,166.14126205444336,143.46513748168945,0.0339004099369049,175.8435845375061,205.1150679588318,0.9330823421478271,161.12161517143247,185.3449559211731,0.0533086098730564,150.5971527099609,182.8595781326294,0.9988692998886108,146.32339596748352,177.74707317352292,0.9980844855308532,94.88697409629822,155.14132976531982,0.9410156607627868,144.75405693054196,257.4418330192566,0.7467111349105835,56.789193749427795,116.67811989784241,0.890091598033905,174.26586627960202,335.58601856231695,0.7791520953178406
404,139.04383778572083,34.23963189125059,0.998527467250824,160.3489029407501,85.47753274440764,0.9999196529388428,164.15633082389832,82.36719489097595,0.9978047609329224,180.0697374343872,149.53423619270325,0.9755392670631408,175.28824925422668,140.4022693634033,0.0337709859013557,182.31594800949097,203.9664387702942,0.9385696649551392,167.43149042129517,179.7658538818359,0.0527900382876396,155.69014191627502,182.09540605545044,0.9989047050476074,161.7888307571411,179.51498150825498,0.9982500076293944,92.58106827735901,150.66972255706787,0.9410312175750732,151.66881322860715,256.67768239974976,0.7693098187446594,91.63236021995544,167.49369621276853,0.8631925582885742,175.7979118824005,335.2997946739197,0.7976494431495667
405,143.61712217330933,22.76791512966155,0.9986680150032043,169.31054949760437,75.20645856857298,0.9999222755432128,167.1947479248047,74.33925747871399,0.9979398250579834,189.4954490661621,138.48124980926514,0.9773960709571838,178.14092874526975,132.66534090042114,0.0345384366810321,191.63600206375122,193.53264570236206,0.9436772465705872,170.18045425415036,170.39267063140866,0.0540262423455715,164.59047317504883,180.11409044265747,0.9988117218017578,166.44071459770203,177.36491203308103,0.9983375072479248,83.97817254066467,163.23912262916565,0.9450425505638124,160.15054821968076,250.85389852523804,0.7888079285621643,46.96788311004636,180.49062967300415,0.8740448951721191,176.65713071823117,331.5941405296325,0.8154330849647522
406,147.31971859931943,15.925994217395747,0.998785138130188,173.21627497673035,65.123353600502,0.99991774559021,173.02328467369077,66.03401720523834,0.9980392456054688,192.22237586975098,130.33377170562744,0.979042649269104,184.72886323928833,125.34769535064696,0.036338061094284,195.61333179473877,185.36325931549072,0.9475115537643432,183.93325567245483,170.6032562255859,0.056453738361597,168.1793224811554,176.1739468574524,0.9985732436180116,170.24003148078918,175.36481022834778,0.9983428716659546,85.03710865974425,203.95470142364502,0.9489632844924928,165.413578748703,245.81997156143188,0.7980233430862427,64.5520806312561,237.61269092559814,0.8836715221405029,180.38827657699585,326.4098811149597,0.827195405960083
407,151.22157096862793,13.514312803745268,0.9988850951194764,176.83955311775205,61.70717418193814,0.9999136924743652,176.53193593025205,62.19924688339233,0.9980899095535278,194.38039541244507,126.14748716354369,0.98015558719635,185.1941728591919,121.95244789123535,0.0356320552527904,197.59938955307007,181.33694171905518,0.949486255645752,183.01903009414673,169.02754426002502,0.0559881143271923,169.6000027656555,174.34406876564026,0.9983383417129515,173.25490951538086,174.68037486076352,0.9982727766036988,85.75107514858246,209.8116159439087,0.950054168701172,165.7477283477783,242.71442413330078,0.7868974804878235,65.96482157707213,266.2619662284851,0.8920156955718994,189.48909759521484,318.54427099227905,0.8284315466880798
408,152.77949452400205,14.295592010021185,0.9989823698997498,179.09236192703244,62.76592791080475,0.9999185800552368,177.25540280342102,63.37592124938964,0.9981481432914734,196.38044357299805,126.68416500091551,0.981461226940155,184.25964832305908,123.029944896698,0.0357131585478782,198.9802122116089,182.02208518981934,0.9520623087882996,181.88306093215942,167.86852955818173,0.0560513325035572,172.0830953121185,175.0384175777435,0.9983574748039246,173.47154617309567,173.85626077651975,0.9982656240463256,121.46786928176878,228.8277268409729,0.9494399428367616,161.77519440650937,240.18947839736938,0.767615556716919,100.2847695350647,302.60300159454346,0.8993111252784729,202.17661142349243,312.91738271713257,0.8168454766273499
409,154.60028529167175,15.365427285432816,0.9990500211715698,181.15965843200684,62.93447256088257,0.9999253749847412,177.30107545852658,63.97597968578338,0.998232901096344,198.09632778167725,128.31344604492188,0.9828057289123536,184.36800956726074,124.0743327140808,0.0356363654136657,201.33637189865112,183.34853410720825,0.9547842144966124,183.04381370544434,168.8080644607544,0.055531233549118,177.20888257026672,175.21596908569336,0.9984712600708008,173.6292600631714,173.39645504951477,0.9982845187187196,155.63749551773068,243.63903522491455,0.9523643255233764,159.0082812309265,238.9442253112793,0.7402811646461487,209.52828884124756,318.2930660247803,0.9079103469848632,146.58377408981323,316.3380789756775,0.7949187159538269
410,155.68240642547605,21.99897542595863,0.999123215675354,184.10616159439087,70.01896440982817,0.9999292492866516,176.61318540573117,70.85749268531798,0.998194932937622,202.3213005065918,131.67046666145325,0.9841427803039552,184.2838740348816,128.7488865852356,0.0372488051652908,204.9958062171936,186.56167030334473,0.9578220248222352,182.8534197807312,173.87504696846008,0.0583569630980491,178.42256069183347,182.34105348587036,0.998415231704712,171.77975893020627,178.89710783958435,0.9979928135871888,174.84828114509583,257.9289221763611,0.9556542634963988,168.16341161727902,252.4580955505371,0.7372367978096008,222.60828495025635,325.469605922699,0.915934681892395,148.9468431472778,321.8098497390747,0.800574004650116
411,155.40063500404358,23.043426275253275,0.9991915822029114,187.0659899711609,75.15507280826567,0.9999291896820068,173.10120820999146,73.84232997894287,0.9981231689453124,207.07799434661865,136.87317967414856,0.9848721027374268,186.7527937889099,132.13434934616086,0.0379544086754322,210.13513326644897,188.80949020385742,0.9572291970252992,187.03442573547363,175.9237718582153,0.059689488261938,183.55693101882935,185.55815935134888,0.9983986616134644,171.49160385131836,182.59543418884277,0.9978246092796326,182.825288772583,259.3401503562927,0.9587221145629884,175.3703784942627,255.9313201904297,0.7413613796234131,222.75125741958618,327.53647327423096,0.9230926632881165,152.92890429496765,319.96901750564575,0.8107427358627319
412,155.46774387359616,23.13031643629074,0.9992678165435792,192.84363985061646,74.82101440429685,0.9999340176582336,166.38901233673093,73.59059929847717,0.9982420206069946,211.70381784439087,134.65513229370117,0.9859656691551208,186.04009866714478,130.92129349708557,0.0389827862381935,217.34070539474487,186.6601824760437,0.9591094851493835,185.58953046798706,174.63416576385495,0.0628137439489364,192.0232915878296,184.10438060760498,0.998365879058838,173.45847845077512,180.45846462249756,0.99774831533432,177.57945656776428,250.96728086471558,0.9574249982833862,179.88819479942322,251.7509365081787,0.7232683300971985,174.48857545852658,317.4733829498291,0.9286097884178162,219.56642389297485,321.05376720428467,0.8162542581558228
413,157.9902219772339,20.580772161483758,0.9993402361869812,197.85175323486328,72.57879495620726,0.9999327063560486,159.44343209266663,73.47113907337187,0.9982925057411194,215.93164443969727,132.180300951004,0.9866809248924256,180.66452264785767,127.55667686462402,0.038082081824541,222.07160711288452,180.876567363739,0.9558646082878112,180.64579010009766,172.75343298912045,0.0619482398033142,195.33785820007324,177.76540875434875,0.9984013438224792,174.0234804153442,178.13970565795896,0.9977685809135436,178.4495973587036,246.25275135040283,0.9578738212585448,180.33422470092773,248.2035756111145,0.7065935730934143,163.89474034309387,318.787043094635,0.93284273147583,222.88305044174194,318.17803144454956,0.8257092833518982
414,162.22592353820798,17.937982231378523,0.9994057416915894,202.85776376724243,68.8781726360321,0.9999340772628784,155.58389425277707,72.62927412986754,0.9983891844749452,221.72815561294556,127.53546595573425,0.987714946269989,175.40273666381836,124.80451583862305,0.0427629202604293,227.7096962928772,178.13674449920651,0.9573713541030884,174.4423234462738,171.56446337699887,0.0674218460917472,199.8667573928833,173.32544088363647,0.9985024333000184,174.8493218421936,174.76985335350034,0.9979158639907836,179.69562292099,248.06785583496094,0.9614624977111816,179.4423794746399,247.1847438812256,0.7149221897125244,157.60007858276367,320.3122329711914,0.938215434551239,204.74921464920044,315.3419494628906,0.8394885659217834
415,165.91812372207642,17.131412476301183,0.9994650483131408,206.9186282157898,67.20442056655884,0.9999391436576844,153.47724437713623,72.49050199985504,0.9985172152519226,226.01419687271118,122.74783015251158,0.9886415600776672,169.78476405143735,124.7030746936798,0.0574363619089126,233.25416564941406,174.56286191940305,0.9594337344169616,169.28518652915955,167.2812759876251,0.0801848247647285,204.4908857345581,170.34905791282654,0.998618483543396,175.3217017650604,172.7149701118469,0.9980528354644777,177.75045275688169,248.31586360931396,0.9638566374778748,177.00521707534787,246.33695125579834,0.7263588309288025,155.21380305290222,319.10240650177,0.943240761756897,216.9249415397644,308.8521194458008,0.8517714142799377
416,168.57219099998474,17.26256042718887,0.99951833486557,211.83608293533325,67.347275018692,0.9999440908432008,152.7284574508667,72.8461629152298,0.9986159801483154,228.83193254470825,123.70004653930664,0.9891560673713684,164.0622818470001,124.977046251297,0.0785052552819252,235.03886461257935,175.07193446159363,0.9606459736824036,166.67532205581665,165.48200726509094,0.0925604924559593,205.09633541107178,170.88040351867676,0.99873149394989,174.7087204456329,172.47230529785153,0.9981722235679626,181.13940238952637,249.359929561615,0.960864007472992,177.06772327423093,247.0123314857483,0.7456191182136536,154.40878629684445,317.46456384658813,0.9470210671424866,216.62004947662354,305.2551054954529,0.863528311252594
417,173.14560413360593,20.221484899520846,0.99956613779068,217.06649780273438,69.21511709690093,0.999946117401123,152.0377242565155,77.30664968490599,0.998721480369568,229.9500060081482,123.5759139060974,0.9887371063232422,158.199702501297,128.77128839492798,0.1369503140449524,235.46765327453613,174.1631484031677,0.95945543050766,161.8331944942474,165.73927402496335,0.1265230774879455,207.41151094436646,173.136248588562,0.9988245964050292,174.36665296554565,173.7514078617096,0.9983062744140624,189.94685411453247,252.13910579681396,0.9592945575714112,180.10544300079346,251.4735746383667,0.7669185996055603,155.75973987579343,314.8359775543213,0.94997376203537,213.1559443473816,308.88312578201294,0.8752685785293579
418,175.79983234405518,25.7577547430992,0.9996083378791808,220.31437397003174,75.5809164047241,0.9999374747276306,152.05787301063535,83.85211944580075,0.9988166093826294,229.41686868667603,128.00083994865417,0.9843234419822692,155.18072605133054,133.9394116401672,0.1942099928855896,233.55922937393188,175.35002589225766,0.9432815313339232,161.80789589881894,174.26889181137085,0.1523375511169433,209.83554124832153,184.19121980667114,0.9988955855369568,174.08358335494995,183.57776641845703,0.99844229221344,204.39707279205322,256.7565393447876,0.9604360461235046,183.3975863456726,260.52892684936523,0.7884168028831482,158.97204995155332,310.73376417160034,0.9514199495315552,209.53603506088257,312.77410984039307,0.8862901926040649
419,178.55677843093872,32.16045051813125,0.9996457695961,221.2716007232666,81.24864935874938,0.9999184608459472,152.45620250701901,89.30043697357176,0.9989022612571716,227.48889684677124,134.70030069351196,0.978671133518219,153.7037193775177,140.63323974609372,0.2618782818317413,232.25902318954468,176.934996843338,0.9294983744621276,158.70864629745483,185.6671643257141,0.1978750228881836,211.0277509689331,186.23916149139404,0.9989495277404784,174.1529130935669,186.40743255615234,0.9985619783401488,218.269522190094,256.61592721939087,0.9625300765037536,182.61893033981323,257.72192001342773,0.8078809976577759,167.4003553390503,301.4436864852905,0.9500188827514648,206.47037744522095,315.0369930267334,0.8958856463432312
420,180.23112058639526,33.45174372196195,0.9996784925460817,221.85439109802246,82.92415022850035,0.9998971819877625,153.1741976737976,90.76047062873839,0.9989835023880004,227.21962451934814,134.95033621788022,0.9702031016349792,154.3798828125,141.11382722854614,0.325393944978714,231.57272100448608,175.49380302429196,0.9116896390914916,155.27752161026,184.901704788208,0.2522137463092804,212.42449522018433,187.17246294021606,0.999012053012848,175.1047968864441,187.88281917572021,0.9986752867698668,228.98453950881958,257.1546220779419,0.964719831943512,182.49039888381958,256.94382190704346,0.8252800107002258,174.433171749115,299.1317081451416,0.9488373398780824,205.5543065071106,315.5118942260742,0.903710663318634
421,182.0745062828064,31.472764313220974,0.9997056126594543,221.97266578674316,80.85545361042023,0.9998689293861388,153.6080288887024,87.61404633522034,0.9990513324737548,226.71989679336548,133.23166251182553,0.9545738697052002,155.63376188278195,139.462970495224,0.3785512447357178,230.59577465057373,172.07052111625669,0.8750966191291809,155.04618644714353,182.9845905303955,0.2912240922451019,213.05354833602905,185.64173698425293,0.999066948890686,175.74807643890378,185.8169174194336,0.9987723231315612,229.51083183288574,255.16124725341797,0.9663819670677184,184.86533403396606,256.07946395874023,0.8406851291656494,183.26064348220825,303.1148099899292,0.948993980884552,205.320246219635,314.96528148651123,0.9110450148582458
422,182.83260583877563,26.191245317459078,0.9997296929359436,222.44192361831665,76.58697009086607,0.999857783317566,153.74982118606567,83.10252249240872,0.9991238117218018,226.51540517807007,128.4150266647339,0.945806622505188,155.2071726322174,137.5505983829498,0.429388016462326,230.02358436584473,169.15521740913388,0.8484668731689453,156.02887272834778,182.57642269134521,0.3279177844524383,213.5839819908142,181.2408971786499,0.9990828633308412,175.9772980213165,183.45290422439575,0.9988218545913696,222.98141241073608,253.67255687713623,0.9643386006355286,189.2007279396057,255.25563955307007,0.8513339161872864,200.36345958709717,306.0729646682739,0.9378891587257384,205.1963496208191,314.72383975982666,0.9106391072273254
423,186.84117794036865,16.474067419767373,0.9997512102127076,222.4243712425232,69.11658346652982,0.9998304843902588,153.74104499816892,73.07202100753783,0.9991989731788636,225.88143825531006,121.1661958694458,0.9316728711128236,155.48437356948853,125.96904516220093,0.4819547235965729,229.53102350234985,164.2529332637787,0.8134556412696838,156.8220555782318,172.4749445915222,0.3737290799617767,212.08469152450562,167.9454445838928,0.9990440607070924,175.9745943546295,169.22845244407654,0.998817503452301,213.11287879943848,247.79075145721436,0.9602518677711488,189.830060005188,245.7572078704834,0.8589751124382019,208.00644636154175,317.44617462158203,0.9378239512443542,204.66186046600342,315.8548307418823,0.909359335899353
424,186.6507625579834,8.541635423898672,0.9997644424438475,223.13790321350098,61.4640802145004,0.9998132586479188,153.79496812820435,63.821237683296204,0.9992628693580629,225.55367231369019,117.30714082717896,0.9136872887611388,154.67007637023926,119.53348159790038,0.5239599943161011,227.66695261001587,162.3365485668182,0.770261287689209,156.71069025993344,166.9062066078186,0.3910325467586517,211.53114795684814,162.26755142211914,0.9990971684455872,175.88725090026853,164.07036066055298,0.9988714456558228,214.47705030441284,244.56791639328003,0.9616838693618774,188.7128233909607,244.15318250656128,0.8707666397094727,216.84451818466187,320.42080879211426,0.942192792892456,198.2138729095459,314.12259578704834,0.9136835932731628
425,185.34396886825562,4.853801876306508,0.9997782707214355,223.48407983779907,56.34926319122312,0.9998105764389038,153.78328442573547,59.55583870410919,0.9993107318878174,225.5834984779358,114.97679471969604,0.8892634510993958,155.61598420143125,115.68116426467896,0.5320465564727783,225.12093544006348,160.6757032871246,0.7140559554100037,157.51503109931943,163.48365426063535,0.3685024976730346,211.30562782287598,161.25494241714475,0.9991577863693236,175.46260356903073,162.67629861831665,0.998924970626831,217.60075092315674,240.98362684249878,0.9640932679176332,187.66332864761353,243.3136510848999,0.8818748593330383,217.98325538635254,319.6268105506897,0.9465612769126892,192.7172327041626,311.62790536880493,0.9191838502883912
426,186.11919164657593,2.497432474046916,0.9997933506965636,223.7445330619812,54.379148483276346,0.999774694442749,153.86320352554318,56.528981924057,0.9993626475334167,225.50187349319458,110.04299998283386,0.872748851776123,156.09475851058957,112.94683456420897,0.5602788925170898,224.91260290145874,154.74838614463803,0.6800480484962463,156.96029663085938,158.2853829860687,0.3696895837783813,211.07566595077515,158.67983937263486,0.9991457462310792,175.363951921463,160.04456877708435,0.9989808201789856,217.4777340888977,231.76008939743042,0.9654606580734252,187.07277059555054,238.94896745681763,0.8927181959152222,212.09954023361206,283.0296564102173,0.947779655456543,190.02596855163574,302.5640344619751,0.925403892993927
427,185.83313941955566,4.423804879188528,0.999811053276062,224.64657068252563,55.99890232086179,0.9997578859329224,153.88984322547913,58.26152265071868,0.9994173645973206,225.84294319152832,110.9524941444397,0.8727118968963623,155.32383799552917,112.53217577934265,0.598625898361206,224.97470140457153,156.4695703983307,0.6727656126022339,155.50500512123108,158.16615343093872,0.4061335921287536,210.6646227836609,158.8400316238403,0.9991357922554016,175.16513586044312,160.2100396156311,0.9990549087524414,217.74737119674683,230.8974051475525,0.9646434783935548,186.6290259361267,237.59563207626343,0.901751697063446,204.6797776222229,251.91094636917114,0.9273962378501892,190.6071925163269,294.2263126373291,0.9297436475753784
428,185.4809331893921,6.08104728162288,0.9998285174369812,225.07126092910767,57.904005646705606,0.9997557997703552,153.91874670982358,59.38640356063842,0.9994681477546692,226.51776552200317,113.09179186820984,0.8791475892066956,155.50889968872067,113.88094067573547,0.6308517456054688,225.06272077560425,156.907821893692,0.6847019195556641,154.37147140502927,159.60423588752747,0.4464761912822723,210.40886878967285,160.5262291431427,0.9991750717163086,174.6056807041168,161.9636034965515,0.9991338849067688,215.75906038284302,232.02155113220215,0.962799310684204,184.23031568527222,236.6934871673584,0.9093207120895386,202.0746874809265,246.90362691879272,0.9086452722549438,196.91855907440186,291.3616704940796,0.9332929253578186
429,185.18528938293457,7.27585002779958,0.9998443722724916,224.5833134651184,58.48821759223937,0.999752402305603,153.6031365394592,60.974786281585686,0.9994909167289734,226.45480871200562,114.24418687820435,0.8725409507751465,157.50003218650815,115.23103594779967,0.6277180910110474,225.29892683029175,157.19313383102414,0.664402186870575,154.91622805595398,161.01616144180298,0.4267863929271698,209.87096786499023,163.50077748298642,0.9992270469665528,171.86219930648804,162.72834420204163,0.9992075562477112,212.56233930587769,232.852885723114,0.9642975926399232,177.82160639762876,234.29258823394775,0.9173665046691896,183.5922074317932,265.6370759010315,0.915478527545929,212.56555795669556,287.34084606170654,0.938850998878479
430,184.80711936950684,8.613107576966268,0.9998595714569092,224.38637495040894,61.894628405570984,0.9997654557228088,153.49453926086426,63.17767918109891,0.9995321035385132,226.38687372207642,116.35134100914001,0.8758741617202759,157.0424687862396,118.42078328132628,0.6494421362876892,224.6591877937317,164.11806106567383,0.6688840985298157,154.3694758415222,164.47321772575376,0.4387341141700744,207.63570070266724,170.28318285942078,0.9992744326591492,169.56399679183957,168.01725268363953,0.9992754459381104,198.65596532821655,239.6090269088745,0.9651247262954712,178.24824929237363,239.93162155151367,0.9245730638504028,171.87535285949707,288.4621596336365,0.9227672815322876,224.19211864471436,290.7961964607239,0.943838596343994
431,184.674232006073,14.235104173421846,0.9998722076416016,224.34021949768066,67.40892827510832,0.999752402305603,153.5111689567566,67.8074938058853,0.9995742440223694,226.2137532234192,119.50900912284851,0.8723164200782776,156.5139019489288,121.16038084030151,0.6712849140167236,224.12045001983643,167.88702607154846,0.6588059067726135,154.06804919242856,166.4124011993408,0.4511415362358093,204.20206546783447,172.99680590629578,0.999172031879425,169.3349575996399,169.8150300979614,0.9993285536766052,190.22634029388428,241.12932443618774,0.9512279033660888,185.05963325500488,243.9173412322998,0.9291939735412598,164.51046824455258,294.0641784667969,0.9249855279922484,224.382061958313,321.9717478752136,0.947834312915802
432,184.4476819038391,16.641929447650906,0.9998844265937804,224.18810606002808,71.02975487709045,0.9997527003288268,153.52981567382812,72.17588961124419,0.9996148347854614,226.0474133491516,124.42881345748901,0.8711795210838318,156.4159798622131,127.21561789512633,0.6993480920791626,223.01703214645386,171.73192977905273,0.6607130765914917,154.3201446533203,172.7126312255859,0.4883421063423157,203.6305832862854,175.15081286430356,0.9991114139556884,169.51485872268677,172.4455690383911,0.9993799924850464,189.78278875350952,244.22431468963623,0.933910071849823,189.21973943710327,248.12759399414062,0.9330635666847228,161.3800084590912,295.6100106239319,0.923395037651062,221.49982452392578,330.7772469520569,0.9511370062828064
433,184.4014835357666,18.128793239593488,0.9998950362205504,224.12055730819702,73.04348766803739,0.9997502565383912,153.57990860939026,73.87304127216339,0.9996491074562072,225.61439752578735,126.89973950386047,0.8702058792114258,156.20418190956113,129.354475736618,0.7223901748657227,222.8151798248291,173.9653730392456,0.660544753074646,154.4139575958252,174.58225965499878,0.5110862851142883,203.61468315124512,175.77897548675537,0.999059557914734,169.71271991729736,173.8522374629974,0.9994215965270996,191.04044437408447,245.9177541732788,0.9250730276107788,189.55795526504517,250.57430505752563,0.9364966154098512,163.26352000236508,295.5678462982178,0.9233702421188354,221.44731760025024,331.28319740295416,0.9538694620132446
434,183.82791996002197,17.668677717447263,0.9999045729637146,224.12465572357178,72.0339149236679,0.9997470378875732,153.60067963600156,73.10513556003568,0.9996767640113832,225.2139973640442,126.18693709373474,0.8709763884544373,156.12962722778317,128.51455807685852,0.7384982109069824,222.80612468719482,173.8390517234802,0.6570163369178772,154.16166901588437,174.14814949035642,0.5162340402603149,203.44806432724,175.20128130912778,0.9990259408950806,169.3592798709869,173.56443643569946,0.9994535446166992,190.0299596786499,245.9763765335083,0.9222815632820128,188.80779504776,250.3163194656372,0.9396473169326782,163.18565011024472,295.51456689834595,0.924765169620514,220.43299198150635,327.6038289070129,0.9561421275138856
435,183.676278591156,15.820932090282408,0.9999136924743652,224.37671899795532,69.83891844749449,0.9997617602348328,153.91218066215515,70.07087588310242,0.999702215194702,225.32864570617676,124.6430253982544,0.8740739822387695,156.08576774597165,127.07603573799132,0.7550479173660278,222.64609336853027,173.795063495636,0.6592128276824951,154.15617585182187,173.83219599723813,0.5255163311958313,203.5514259338379,173.38644504547116,0.9990817904472352,169.28305149078366,171.07560396194458,0.9994884133338928,190.63564538955688,245.59837818145752,0.925118088722229,188.23311567306519,249.95990753173828,0.9434266090393066,163.66593718528748,295.1798486709595,0.9288848042488098,220.70162057876587,319.34247493743896,0.958582639694214
436,182.6827883720398,12.555058300495128,0.9999218583106996,224.92676496505737,65.30150055885314,0.999768316745758,154.126478433609,66.6368705034256,0.9997210502624512,225.49421310424805,121.896733045578,0.8750348091125488,156.37475967407227,124.31847810745239,0.7628540992736816,222.45805978775024,173.02477598190305,0.6473237872123718,154.22783374786377,173.57675313949585,0.5185115933418274,203.62058401107788,170.1155984401703,0.9991374611854552,169.37747597694394,167.98326373100278,0.9995220899581908,190.80361604690552,245.15615701675415,0.930223286151886,187.8600311279297,248.46641063690186,0.9478880167007446,163.6725890636444,294.6164345741272,0.934373676776886,221.9913125038147,309.9735617637634,0.9617849588394164
437,181.69152975082397,10.16983956098556,0.9999284148216248,225.10574340820312,61.857377886772156,0.9997590184211732,154.67485070228577,64.2274796962738,0.9997347593307496,225.7338309288025,119.95228171348572,0.874409556388855,156.89172863960266,123.26859712600708,0.7561495304107666,222.4885082244873,169.2263388633728,0.6304556727409363,154.7403609752655,171.93465113639832,0.5001546740531921,203.7307047843933,167.8855562210083,0.9991551637649536,169.44520711898804,166.27235770225522,0.9995526671409608,199.47122812271118,240.99929094314575,0.9354336261749268,188.8369345664978,246.95860147476196,0.952258050441742,164.28774833679196,279.1369342803955,0.938130497932434,223.46103429794312,310.4199457168579,0.9650004506111144
438,181.1697006225586,9.140884503722171,0.9999338388442992,225.2707314491272,60.90572476387022,0.9997351169586182,155.00772356986997,63.696965575218194,0.999735951423645,226.00947618484497,119.38829898834227,0.8729338645935059,158.18802952766418,122.96756744384764,0.7329168915748596,223.5929560661316,166.9075906276703,0.6091707348823547,158.3826720714569,169.20063257217407,0.4702017903327942,204.4857144355774,167.24450826644897,0.999148726463318,170.2036392688751,166.21722221374512,0.9995753169059752,207.58952379226685,240.21044254302979,0.9402426481246948,191.7229700088501,246.89285516738892,0.956068217754364,164.33450460433957,263.27666759490967,0.9374380111694336,224.5244550704956,316.51639223098755,0.9679352045059204
439,181.3042402267456,9.466899633407591,0.999938666820526,225.28931379318237,61.498133540153496,0.9997220635414124,155.05287051200864,64.01854097843169,0.999733567237854,226.3583779335022,119.3854236602783,0.874788224697113,158.6360657215118,123.2490599155426,0.7137709856033325,224.2431879043579,167.14386105537412,0.6013010740280151,160.28262019157407,169.07662868499756,0.4466644525527954,206.31223440170288,167.42387294769287,0.9991521835327148,171.06359839439392,166.9435429573059,0.9995972514152528,213.71811389923096,240.64444541931152,0.9446236491203308,194.10653114318848,247.20935583114624,0.9591989517211914,162.03078746795651,256.8982243537903,0.9333975911140442,227.66663074493408,318.8215899467468,0.970434308052063
440,181.36470794677734,9.693300873041135,0.9999430179595948,225.299870967865,61.86900258064267,0.9997038245201112,155.27284383773804,64.22896027565002,0.9997311234474182,226.54321432113647,119.44479703903197,0.8737027645111084,158.8227581977844,123.47637176513672,0.6998558044433594,225.59512853622437,167.16384887695312,0.5846792459487915,160.92939734458923,169.06346440315247,0.4264574646949768,207.69794940948486,167.5438642501831,0.9991446137428284,172.4954259395599,167.08651542663574,0.9996099472045898,212.62033939361572,240.68686723709106,0.9483820796012878,195.43630599975586,247.30634450912476,0.9617825746536256,162.7366590499878,264.3350887298584,0.933992087841034,228.52603197097778,319.50390100479126,0.9726468324661256
441,181.36537313461304,9.604047685861584,0.9999483823776244,225.41039943695068,61.798219084739664,0.999719262123108,155.82565784454343,64.41773414611816,0.9997501969337464,226.97112321853638,119.48948264122009,0.879144549369812,158.81359577178952,123.95261406898499,0.7186631560325623,227.60534763336182,167.21261143684387,0.6002014875411987,160.63692927360535,170.01038074493408,0.4497154653072357,208.71654510498047,165.42906045913696,0.9991781711578368,173.5723865032196,165.0043165683746,0.9996269345283508,212.4722385406494,240.92519760131836,0.9484239816665648,195.32848119735718,246.18468761444092,0.962708055973053,164.73723292350766,281.59164905548096,0.9349334836006165,228.24618101119995,319.1738176345825,0.9736645817756652
442,181.34636163711548,9.013957008719435,0.999953269958496,225.96977949142456,60.3669011592865,0.9997401237487792,156.19299173355103,64.50182139873503,0.9997684955596924,228.71434450149536,119.51174497604369,0.8865830898284912,158.8935363292694,123.96060705184935,0.7285271286964417,229.63871955871582,167.30074882507324,0.6241163015365601,160.74193239212036,170.0196397304535,0.4647881090641022,209.11516427993774,165.45309305191037,0.9992133378982544,174.4097292423248,165.1778447628021,0.9996468424797058,202.05250024795532,241.74161911010742,0.9475045800209044,194.68663930892944,245.38152694702148,0.963577389717102,167.83998012542725,290.93350410461426,0.9370860457420348,227.77840375900269,318.53766202926636,0.974708616733551
