frame,nose_x,nose_y,left_shoulder_x,left_shoulder_y,right_shoulder_x,right_shoulder_y,left_elbow_x,left_elbow_y,right_elbow_x,right_elbow_y,left_wrist_x,left_wrist_y,right_wrist_x,right_wrist_y,left_hip_x,left_hip_y,right_hip_x,right_hip_y,left_knee_x,left_knee_y,right_knee_x,right_knee_y,left_ankle_x,left_ankle_y,right_ankle_x,right_ankle_y
0,0.5923243761062622,0.2077778428792953,0.6326307058334351,0.2892358303070068,0.5377513766288757,0.2904462218284607,0.6240943670272827,0.3765714764595032,0.5345683097839355,0.3836541771888733,0.6339819431304932,0.4542170763015747,0.5261159539222717,0.4697980582714081,0.6133466958999634,0.4568767547607422,0.566646158695221,0.4554782807826996,0.5824204087257385,0.5830223560333252,0.5965861678123474,0.5859647393226624,0.5331833362579346,0.6866928935050964,0.6432836651802063,0.7031469345092773
1,0.5923059582710266,0.2084698975086212,0.6329282522201538,0.2891631722450256,0.5381871461868286,0.290585845708847,0.6239104866981506,0.375543475151062,0.5353464484214783,0.3836483061313629,0.6335230469703674,0.4512439668178558,0.5276105999946594,0.4697442650794983,0.6135992407798767,0.4568729400634765,0.5673259496688843,0.4554715454578399,0.5841540694236755,0.5826147198677063,0.5963116884231567,0.5850136876106262,0.5331833958625793,0.6867481470108032,0.642625629901886,0.7023802995681763
2,0.5932006239891052,0.2095505148172378,0.6343664526939392,0.2893040478229522,0.5396525859832764,0.2909387946128845,0.6254296898841858,0.3753209114074707,0.5362799167633057,0.3840017914772033,0.6342150568962097,0.4512681663036346,0.5301662683486938,0.4697134792804718,0.6140075325965881,0.4569502472877502,0.5683581233024597,0.4554924964904785,0.5857248306274414,0.5816174149513245,0.5963050127029419,0.5843671560287476,0.5334444046020508,0.6866147518157959,0.642496645450592,0.7023123502731323
3,0.5958865880966187,0.2101946771144867,0.6398022770881653,0.2895873486995697,0.541320264339447,0.2909537851810455,0.6308325529098511,0.3766661286354065,0.5378832221031189,0.38365638256073,0.6376610398292542,0.4549615085124969,0.5327908992767334,0.4692001640796661,0.6161668300628662,0.457242488861084,0.570421576499939,0.4556024670600891,0.5883246660232544,0.5814996957778931,0.597404420375824,0.5843451023101807,0.535156786441803,0.6867198348045349,0.6428250670433044,0.7023853063583374
4,0.5986356139183044,0.2116335332393646,0.6428071856498718,0.2905405461788177,0.5436481833457947,0.2915118038654327,0.6381930708885193,0.3781532347202301,0.5411828756332397,0.3839335441589355,0.6440966725349426,0.4574702382087707,0.5353364944458008,0.4692029654979706,0.618915319442749,0.4577207267284393,0.572924017906189,0.4557706713676452,0.5904637575149536,0.5815085768699646,0.6003676652908325,0.5845469832420349,0.5368363261222839,0.6876888275146484,0.6450191736221313,0.7027886509895325
5,0.6016811728477478,0.2123855799436569,0.6470964550971985,0.2908088564872741,0.5464243292808533,0.2925019860267639,0.6418971419334412,0.3788179755210876,0.5447559952735901,0.3846044838428497,0.6477024555206299,0.4595616161823272,0.5384269952774048,0.4691967070102691,0.6229340434074402,0.4584419727325439,0.5750855803489685,0.4561680257320404,0.5926473736763,0.5830756425857544,0.6037430167198181,0.5862951874732971,0.5393092036247253,0.6899121403694153,0.6505946516990662,0.7049948573112488
6,0.6044194102287292,0.2126302570104599,0.6518441438674927,0.2915201485157013,0.5496314167976379,0.2934036552906036,0.6467841863632202,0.3787773847579956,0.5475143194198608,0.384624183177948,0.6521992683410645,0.4594682455062866,0.5415447354316711,0.4691683948040008,0.6267003417015076,0.4591177105903625,0.5764502882957458,0.4562779366970062,0.5949819087982178,0.5843948721885681,0.606576681137085,0.5866957902908325,0.5414186120033264,0.6936201453208923,0.653742790222168,0.7062247395515442
7,0.6073331236839294,0.2130701243877411,0.6548277139663696,0.2920509874820709,0.5524714589118958,0.2935998141765594,0.6511370539665222,0.379046618938446,0.5499579906463623,0.3847014009952545,0.6561771035194397,0.4592921733856201,0.5441521406173706,0.4693911969661712,0.6290807723999023,0.4594223797321319,0.5778699517250061,0.4564647674560547,0.5975562930107117,0.5853657126426697,0.6086410880088806,0.5876962542533875,0.5441099405288696,0.6951428651809692,0.6565573215484619,0.7077994346618652
8,0.6085777878761292,0.2146366685628891,0.6570303440093994,0.2926937639713287,0.5543681383132935,0.2937365770339966,0.654679536819458,0.3793041706085205,0.5527134537696838,0.3847056925296783,0.6617461442947388,0.4592481851577759,0.5462507009506226,0.4693724811077118,0.6312417984008789,0.4599637687206268,0.5799338221549988,0.4570970833301544,0.5991064310073853,0.5862336158752441,0.6101532578468323,0.5883387923240662,0.5457140803337097,0.695486307144165,0.6576747894287109,0.708698034286499
9,0.6093599796295166,0.2157630026340484,0.6583371758460999,0.2933136820793152,0.5557237267494202,0.2942681312561035,0.6548615097999573,0.3795542120933532,0.5538111925125122,0.3851736783981323,0.6613841652870178,0.4590983092784881,0.5476332902908325,0.4697452187538147,0.6332033276557922,0.4602795541286468,0.5818768739700317,0.4574632942676544,0.6004049777984619,0.5865451097488403,0.6113466024398804,0.5888543725013733,0.547270655632019,0.6956765651702881,0.658589780330658,0.7096647620201111
10,0.6099207401275635,0.2171220928430557,0.6584590673446655,0.2941060066223144,0.5563821196556091,0.2950082123279571,0.6549103856086731,0.3803819417953491,0.55417799949646,0.3862442374229431,0.6614850163459778,0.4602818787097931,0.5482112169265747,0.4703311026096344,0.633222222328186,0.4606344401836395,0.5825177431106567,0.4579725563526153,0.6008082628250122,0.5866782069206238,0.6122468709945679,0.5889711380004883,0.5477169752120972,0.6957311630249023,0.6588619947433472,0.7100258469581604
11,0.6102774739265442,0.2176921069622039,0.6579283475875854,0.2949879467487335,0.5568656325340271,0.2951939702033996,0.6548597812652588,0.3813828825950622,0.5545605421066284,0.3866376578807831,0.6606242656707764,0.4613575935363769,0.5487600564956665,0.4707726836204529,0.6324722170829773,0.4609447121620178,0.5825664401054382,0.4589027762413025,0.6010762453079224,0.5868173241615295,0.6124654412269592,0.5892924666404724,0.5479090213775635,0.695923924446106,0.6585768461227417,0.7102402448654175
12,0.6102206110954285,0.2177171111106872,0.6575331687927246,0.2953207790851593,0.5569378733634949,0.295205682516098,0.6542431712150574,0.3816411793231964,0.5546197891235352,0.3866027295589447,0.6600992679595947,0.4611557424068451,0.5483277440071106,0.4706829190254211,0.6317995190620422,0.4609591960906982,0.5821202993392944,0.4590842723846435,0.6009630560874939,0.5868610739707947,0.6124756336212158,0.5892789363861084,0.5478227734565735,0.6963808536529541,0.6582822799682617,0.7101003527641296
13,0.6099323630332947,0.2175493836402893,0.6568937301635742,0.2952590882778168,0.5565303564071655,0.294879674911499,0.6532410383224487,0.3815814256668091,0.5543361306190491,0.385162353515625,0.6593972444534302,0.461123913526535,0.5477250218391418,0.4688999056816101,0.6313822865486145,0.4606606364250183,0.5819042325019836,0.458814412355423,0.6012564301490784,0.5849964022636414,0.612118124961853,0.587033748626709,0.5479522943496704,0.695402979850769,0.6534489393234253,0.7075201869010925
14,0.6096445918083191,0.2123662680387497,0.6563760638237,0.292494535446167,0.5563675165176392,0.2917659282684326,0.6524309515953064,0.3777148723602295,0.5546377897262573,0.3815906643867492,0.6596797108650208,0.4551727771759033,0.5473262071609497,0.46463742852211,0.6303185224533081,0.4576981961727142,0.5816739797592163,0.4564103782176971,0.6009093523025513,0.5833057165145874,0.6118289232254028,0.5825661420822144,0.5478647947311401,0.6928277611732483,0.6464148759841919,0.7008142471313477
15,0.6089654564857483,0.2040703892707824,0.6555390954017639,0.285605251789093,0.5561047196388245,0.2843364179134369,0.651954710483551,0.3727072775363922,0.5543296933174133,0.3762688040733337,0.6598725914955139,0.4491122364997864,0.5464459657669067,0.4601715505123138,0.6285828948020935,0.4515304267406463,0.5812626481056213,0.4497256875038147,0.6007890105247498,0.5780285000801086,0.6113283634185791,0.575225293636322,0.5482521057128906,0.6881471872329712,0.6408266425132751,0.6985218524932861
16,0.6076090931892395,0.1959863454103469,0.6540217399597168,0.2772311866283417,0.5557985305786133,0.2746556401252746,0.6516613364219666,0.3631147742271423,0.5541372299194336,0.3678319156169891,0.6596800684928894,0.4379433989524841,0.5454990863800049,0.4502241313457489,0.6275849938392639,0.4427649080753326,0.580614447593689,0.4416467547416687,0.6001999378204346,0.568168580532074,0.6112918257713318,0.566551685333252,0.5489932298660278,0.6810378432273865,0.6345864534378052,0.6954041123390198
17,0.6057415008544922,0.1889656484127044,0.6505016088485718,0.2684841752052307,0.5550423264503479,0.2660855054855346,0.6493273973464966,0.3546569049358368,0.5539973974227905,0.3603775799274444,0.65888512134552,0.4300476610660553,0.5447866320610046,0.4418245851993561,0.6254450678825378,0.4357738792896271,0.5797063112258911,0.4348765015602112,0.5995436906814575,0.5629621148109436,0.6091146469116211,0.561901330947876,0.5496647953987122,0.6780223250389099,0.6284915804862976,0.6888314485549927
18,0.601533830165863,0.1843267828226089,0.6469923257827759,0.2633145153522491,0.5525239109992981,0.2619193494319916,0.6462790966033936,0.3494282364845276,0.5522962212562561,0.3562452495098114,0.6558124423027039,0.4228848218917846,0.5417598485946655,0.4379444420337677,0.6231310367584229,0.4293166399002075,0.5776478052139282,0.4285070300102234,0.598456084728241,0.5602214336395264,0.6065236330032349,0.5575308799743652,0.5504072308540344,0.6763449907302856,0.6244088411331177,0.6825926303863525
19,0.5967605710029602,0.1816221922636032,0.6445320844650269,0.2616927325725555,0.5474607348442078,0.2623750567436218,0.6442758440971375,0.3482616543769836,0.5491714477539062,0.3558591306209564,0.652726948261261,0.4240635335445404,0.5373433232307434,0.4391954243183136,0.6219635605812073,0.4275643527507782,0.5753085017204285,0.4271203279495239,0.5970883965492249,0.5584902167320251,0.6034857630729675,0.5567866563796997,0.550776481628418,0.6736316680908203,0.6223887205123901,0.6816497445106506
20,0.5905973315238953,0.1800727397203445,0.640828013420105,0.2610414624214172,0.5416232347488403,0.2619044482707977,0.6399522423744202,0.3474087715148926,0.5445461869239807,0.3537533581256866,0.6474865674972534,0.4242010712623596,0.5312698483467102,0.439454436302185,0.6182740926742554,0.4246157705783844,0.5708087682723999,0.4252216815948486,0.5949703454971313,0.5560800433158875,0.598626434803009,0.5560992956161499,0.5507287979125977,0.6711783409118652,0.6216278672218323,0.6794487833976746
21,0.585058867931366,0.1794449537992477,0.637071967124939,0.2607012689113617,0.5355424284934998,0.2626632153987884,0.6343861818313599,0.3477987647056579,0.5395933985710144,0.3542938530445099,0.6405134201049805,0.4234001040458679,0.526642382144928,0.4393914043903351,0.6136066913604736,0.4259435832500458,0.5634064078330994,0.4253219068050384,0.5897242426872253,0.5573250651359558,0.5943931341171265,0.556430459022522,0.549182653427124,0.671815037727356,0.620863676071167,0.6810307502746582
22,0.5808064937591553,0.1807310581207275,0.6330118179321289,0.2605644762516022,0.529763400554657,0.2637193202972412,0.6306436061859131,0.3475831747055053,0.5343071818351746,0.3544500470161438,0.6363128423690796,0.4218203723430633,0.5225248336791992,0.4383971393108368,0.6090152263641357,0.4260854423046112,0.558655858039856,0.4251341819763183,0.5852047204971313,0.5579119324684143,0.5904534459114075,0.5567800998687744,0.545203685760498,0.6718841791152954,0.6178111433982849,0.6821050643920898
23,0.5756794810295105,0.1824564188718795,0.6267822980880737,0.2605351209640503,0.5255383253097534,0.2644696235656738,0.6208529472351074,0.3456931412220001,0.5251988172531128,0.3546670973300934,0.626463770866394,0.4228259921073913,0.5167402625083923,0.4386151134967804,0.6040998697280884,0.4267350137233734,0.5542447566986084,0.425975888967514,0.5806408524513245,0.5582495331764221,0.586428165435791,0.5568869709968567,0.5399249792098999,0.6719297766685486,0.614021897315979,0.6822612285614014
24,0.5706717371940613,0.1834448128938675,0.621995210647583,0.2602011859416961,0.5195390582084656,0.2650370597839355,0.6149939298629761,0.3455060720443725,0.5190923810005188,0.3555650413036346,0.6178954243659973,0.4233059883117676,0.5117899775505066,0.4395687878131866,0.6009438633918762,0.4267502129077911,0.5506727695465088,0.4260915517807007,0.5775230526924133,0.5583926439285278,0.5820364356040955,0.5569148063659668,0.5342764258384705,0.6714284420013428,0.6101937890052795,0.6825883388519287
25,0.5652056932449341,0.1840114444494247,0.6166340112686157,0.2599178850650787,0.5145165920257568,0.2655375301837921,0.6086224913597107,0.3454353511333465,0.5143483281135559,0.3562048077583313,0.6099262833595276,0.4216384887695312,0.507151186466217,0.4401106536388397,0.5967690944671631,0.4269550740718841,0.5471479892730713,0.4265909790992737,0.5740756392478943,0.5579700469970703,0.5764352679252625,0.5562978386878967,0.5301527380943298,0.6700523495674133,0.605827271938324,0.6794458627700806
26,0.5590304136276245,0.18431156873703,0.6111100316047668,0.2598251700401306,0.5087937116622925,0.2658498585224151,0.6043391823768616,0.3443775177001953,0.5087642073631287,0.3566409349441528,0.6065568327903748,0.419576346874237,0.5028822422027588,0.4404817223548889,0.5925165414810181,0.4269886016845703,0.5422506332397461,0.4270021617412567,0.5682228803634644,0.5578401684761047,0.5714216232299805,0.5563280582427979,0.5260273218154907,0.6693933010101318,0.6013652086257935,0.6786839365959167
27,0.5534259676933289,0.1843579113483429,0.6060113906860352,0.2596880197525024,0.5032649040222168,0.2661055326461792,0.6006665825843811,0.3438256084918976,0.5033010244369507,0.3568684756755829,0.60274338722229,0.4197905659675598,0.498228907585144,0.4405957460403442,0.5874089002609253,0.4266092181205749,0.5361541509628296,0.426925778388977,0.5632493495941162,0.556785523891449,0.5661422610282898,0.5555689930915833,0.5220056176185608,0.6691598296165466,0.5965876579284668,0.6780561208724976
28,0.5473534464836121,0.1843671798706054,0.6015012860298157,0.2589151263236999,0.4978943169116974,0.2658929526805877,0.5968174934387207,0.3428911864757538,0.4986490905284881,0.3559495210647583,0.6005160808563232,0.4200397133827209,0.4931774437427521,0.4389616549015045,0.5829724669456482,0.4257629811763763,0.5308775901794434,0.4264421761035919,0.5591482520103455,0.555654764175415,0.5613626837730408,0.5547642707824707,0.5177208185195923,0.6680349707603455,0.5924944877624512,0.6782964468002319
29,0.5416668057441711,0.1832917332649231,0.5968514680862427,0.2579136192798614,0.4921493530273437,0.2653737664222717,0.5942172408103943,0.3430140316486358,0.4929414391517639,0.3546862304210663,0.5987761616706848,0.4203222990036011,0.487654834985733,0.4377599358558655,0.5777355432510376,0.4247793555259704,0.5261447429656982,0.4256015419960022,0.5551792979240417,0.5549066662788391,0.5557321906089783,0.5542541146278381,0.5132628083229065,0.6672424674034119,0.5874823331832886,0.6776610016822815
30,0.53620845079422,0.1818043440580368,0.5917760133743286,0.2572514116764068,0.4863571524620056,0.2646931111812591,0.5886027812957764,0.3419335782527923,0.4879767000675201,0.3538064956665039,0.5932282209396362,0.4207646548748016,0.4830236136913299,0.4366454780101776,0.5721709132194519,0.4243575930595398,0.5207944512367249,0.4254877269268036,0.5503972768783569,0.5540396571159363,0.5516684651374817,0.5537930130958557,0.5092464685440063,0.6661072373390198,0.5834901928901672,0.6765110492706299
31,0.5308793187141418,0.1807285994291305,0.5862334966659546,0.2569156885147095,0.4808003604412079,0.2641180157661438,0.5832050442695618,0.3414690196514129,0.4823411703109741,0.3531942069530487,0.5883287191390991,0.4208297431468963,0.4773259162902832,0.4361476898193359,0.5672035813331604,0.424153059720993,0.5155638456344604,0.4254162311553955,0.5454661846160889,0.5535629987716675,0.5467098951339722,0.553378701210022,0.5044056177139282,0.664826512336731,0.5792225003242493,0.6754373908042908
32,0.5253170132637024,0.1798980981111526,0.5807942748069763,0.2565654218196869,0.4747547209262848,0.2636108696460724,0.5786792635917664,0.3411064445972442,0.476775199174881,0.3526621758937835,0.5837159752845764,0.421023428440094,0.4719071984291076,0.4358197152614593,0.5619321465492249,0.4240512549877167,0.5102161169052124,0.4254801869392395,0.5396497249603271,0.5534102320671082,0.5426491498947144,0.5531809329986572,0.5003487467765808,0.6642858982086182,0.5742815136909485,0.6751836538314819
33,0.5192443132400513,0.1782197058200836,0.5751128792762756,0.2560320496559143,0.4695165455341339,0.2625461518764496,0.5731955766677856,0.340646743774414,0.4711340963840484,0.3516213595867157,0.577903687953949,0.4208832085132599,0.4660268425941467,0.4354605674743652,0.5562921762466431,0.4237911999225616,0.5042961835861206,0.425248771905899,0.5343095064163208,0.5531285405158997,0.5373358130455017,0.5526122450828552,0.4950347542762756,0.6639279127120972,0.5701395869255066,0.6739778518676758
34,0.5144042372703552,0.1772202104330063,0.569451630115509,0.2558603584766388,0.4642385244369507,0.2615041434764862,0.5669174194335938,0.3407236039638519,0.4649576544761657,0.3507753610610962,0.5713024735450745,0.4210052490234375,0.4596242606639862,0.4351395070552826,0.5507209300994873,0.4236378073692322,0.4983091056346893,0.425051212310791,0.5299993753433228,0.5528414845466614,0.5324514508247375,0.551714301109314,0.4901930093765259,0.6637522578239441,0.5651218891143799,0.6719032526016235
35,0.5090539455413818,0.1772224307060241,0.5638578534126282,0.2559013664722442,0.4584103524684906,0.2610564827919006,0.5609781742095947,0.3412249386310577,0.459267258644104,0.3503578901290893,0.5651643872261047,0.4239191710948944,0.4541608691215515,0.4348121285438537,0.5446221232414246,0.4237381815910339,0.4926129281520843,0.4251050651073456,0.5260739922523499,0.5529657006263733,0.5287195444107056,0.5518403053283691,0.4840791523456573,0.6636064052581787,0.5620066523551941,0.6719269156455994
36,0.5051847100257874,0.1774553656578064,0.5584965944290161,0.2560113370418548,0.4526065289974212,0.2612181007862091,0.5542809963226318,0.3413505256175995,0.4531649351119995,0.3506927490234375,0.5568710565567017,0.4225558340549469,0.4493491649627685,0.4348769187927246,0.5404068827629089,0.4236478209495544,0.4901657402515411,0.4249860644340515,0.5227387547492981,0.5530211329460144,0.5239099860191345,0.5519457459449768,0.4773673117160797,0.6637648940086365,0.5571439266204834,0.671130895614624
37,0.4998543560504913,0.1805885881185531,0.5529419779777527,0.259352445602417,0.4486423432826996,0.2650043070316314,0.5469122529029846,0.3447885811328888,0.4496409893035888,0.3547534048557281,0.5511866211891174,0.4261645972728729,0.4448009431362152,0.436361700296402,0.5351453423500061,0.4261670708656311,0.4852069020271301,0.4263103604316711,0.5191856622695923,0.555453896522522,0.518294632434845,0.5555639266967773,0.4709492027759552,0.663820207118988,0.5543336868286133,0.6709420084953308
38,0.4971675872802734,0.1889526844024658,0.5481678247451782,0.2676676511764526,0.4447867572307586,0.2760770916938782,0.543028712272644,0.3524326682090759,0.4481741487979889,0.3673000633716583,0.5436496138572693,0.4314726889133453,0.4400083422660827,0.4466829895973205,0.5294766426086426,0.4350318610668182,0.4802678823471069,0.4345276355743408,0.5160269737243652,0.5613897442817688,0.511901319026947,0.5650812983512878,0.4655801057815552,0.6640967726707458,0.5509672164916992,0.6714947819709778
39,0.4923311769962311,0.1991634368896484,0.545138418674469,0.2769901752471924,0.4407501220703125,0.2855718433856964,0.5418457984924316,0.3640338480472564,0.4456149339675903,0.3783984780311584,0.5406853556632996,0.4424144029617309,0.4367327094078064,0.4573810696601867,0.5264143943786621,0.4469530880451202,0.4754713773727417,0.4462868273258209,0.5115408301353455,0.5711067914962769,0.5067670345306396,0.5755968689918518,0.4591751992702484,0.6650699973106384,0.5486366748809814,0.6742696762084961
40,0.4886065721511841,0.2015144377946853,0.5428731441497803,0.2802200019359588,0.4371776878833771,0.2886052429676056,0.5397922396659851,0.3654416799545288,0.4421829283237457,0.3807359039783478,0.5354788899421692,0.4447764158248901,0.4336793720722198,0.4585290253162384,0.5211599469184875,0.4490959048271179,0.4712260663509369,0.447038859128952,0.5032005906105042,0.5734093189239502,0.502702534198761,0.5763553977012634,0.4526662528514862,0.667719841003418,0.5445924401283264,0.6782242059707642
41,0.483124166727066,0.198556900024414,0.5405042171478271,0.2774919271469116,0.4332155883312225,0.2850260138511657,0.5345330834388733,0.3622257113456726,0.4379615485668182,0.376477301120758,0.5302846431732178,0.4416771829128265,0.4308022856712341,0.4557119905948639,0.5170613527297974,0.4456542134284973,0.4666180610656738,0.444441020488739,0.4969474375247955,0.5710779428482056,0.4986932575702667,0.5731645226478577,0.4476571679115295,0.6684449315071106,0.538875162601471,0.6767823100090027
42,0.4783671200275421,0.1917146444320678,0.5353545546531677,0.2735503315925598,0.4277443289756775,0.278295636177063,0.5284885168075562,0.3539881110191345,0.431190013885498,0.366447240114212,0.5259599685668945,0.4340807199478149,0.4262032508850097,0.445325642824173,0.5109646320343018,0.440461128950119,0.4597521424293518,0.4403902292251587,0.4920891523361206,0.56081223487854,0.497049331665039,0.5613528490066528,0.4469593465328216,0.6660177707672119,0.5299304127693176,0.6750128865242004
43,0.4748660922050476,0.179211676120758,0.5313965082168579,0.258597582578659,0.4233209490776062,0.2600766718387604,0.5271012783050537,0.3370870351791382,0.425575852394104,0.3482295572757721,0.5210718512535095,0.4158848226070404,0.4194750189781189,0.427918404340744,0.5064539313316345,0.4264449179172516,0.4538748562335968,0.424883097410202,0.493971973657608,0.5478503108024597,0.4899661540985107,0.5486515760421753,0.4527912437915802,0.6583621501922607,0.4975335299968719,0.6646193265914917
44,0.4709691405296325,0.1671099960803985,0.5274176001548767,0.2496291548013687,0.4195938408374786,0.2483686059713363,0.5258093476295471,0.3309957385063171,0.4214484691619873,0.3384883105754852,0.5233936905860901,0.4114709198474884,0.4145487546920776,0.4181462526321411,0.5019097924232483,0.4142164587974548,0.4500531852245331,0.4131711721420288,0.4965515434741974,0.5345900058746338,0.486483633518219,0.537195086479187,0.4554073214530945,0.6452803611755371,0.4795212149620056,0.653110682964325
45,0.4669590294361114,0.1616778224706649,0.5238558053970337,0.2448527812957763,0.4161746501922607,0.2436840236186981,0.5241986513137817,0.3297908902168274,0.4181921184062958,0.3356249630451202,0.524653434753418,0.4130129814147949,0.4093460142612457,0.4166854918003082,0.4977228939533233,0.4118569791316986,0.4467553496360779,0.4104484617710113,0.4967601001262665,0.5296928882598877,0.4881643652915954,0.5350195169448853,0.4390948414802551,0.6154409050941467,0.4857319295406341,0.6562468409538269
46,0.4631475210189819,0.1617298871278762,0.5207996964454651,0.2442805022001266,0.4123322367668152,0.2443273961544037,0.5208696722984314,0.3306030631065368,0.4151297807693481,0.3363375067710876,0.5229754447937012,0.415069580078125,0.4043308794498443,0.4148817360401153,0.4926542639732361,0.4105151295661926,0.4388663470745086,0.4087991416454315,0.4979210793972015,0.5277832746505737,0.4811455905437469,0.5324147343635559,0.4246925413608551,0.5913243889808655,0.4959851503372192,0.6582170128822327
47,0.4608678519725799,0.1634636372327804,0.5198957920074463,0.2468328922986984,0.4090734720230102,0.2472332864999771,0.5184744596481323,0.3327697217464447,0.4110377132892608,0.3368081450462341,0.5215799808502197,0.4161443412303924,0.3989371955394745,0.4142177999019623,0.4891963899135589,0.4126165509223938,0.4333557486534118,0.4103371500968933,0.4961439669132232,0.531444251537323,0.4716092348098755,0.5322494506835938,0.4091500639915466,0.5874057412147522,0.5038961172103882,0.6595182418823242
48,0.4570778608322143,0.1654018759727478,0.5183604955673218,0.247938871383667,0.4078046083450317,0.2490616738796234,0.5170910954475403,0.3338780999183655,0.4108739197254181,0.3393118977546692,0.5187192559242249,0.4183025062084198,0.3967891335487366,0.4173899292945862,0.4844120740890503,0.4152194261550903,0.4294205605983734,0.4107264578342438,0.4837148785591125,0.536338746547699,0.4698711037635803,0.5367511510848999,0.4017105996608734,0.6058216691017151,0.507008969783783,0.665605902671814
49,0.4559144675731659,0.1723669916391372,0.5174487829208374,0.2569718658924103,0.4052508473396301,0.2583885490894317,0.5167319774627686,0.345312088727951,0.4126937985420227,0.3487876951694488,0.5192182064056396,0.4286685585975647,0.3986794054508209,0.4269936978816986,0.4811187386512756,0.4239388704299927,0.4270606637001037,0.4202431142330169,0.4713626503944397,0.5425245761871338,0.4626515805721283,0.5436510443687439,0.4115585684776306,0.6413851976394653,0.50923752784729,0.66741943359375
50,0.454598069190979,0.1890223026275634,0.5143835544586182,0.2732730507850647,0.4023778736591339,0.2730022370815277,0.515049934387207,0.3619126677513122,0.4126099050045013,0.3642035126686096,0.5183337926864624,0.4455683827400207,0.4004216492176056,0.4386180341243744,0.4775595664978027,0.440957099199295,0.422588437795639,0.4374254941940307,0.4582216441631317,0.5605799555778503,0.4507839679718017,0.5594026446342468,0.4122848212718963,0.670840859413147,0.5076224207878113,0.6674214005470276
51,0.4522028565406799,0.2008602321147918,0.5124872922897339,0.2868930101394653,0.4018447399139404,0.2847709953784942,0.5150294899940491,0.3767164945602417,0.4107803404331207,0.3769688606262207,0.517895519733429,0.4570435285568237,0.4005364179611206,0.449097603559494,0.4744817018508911,0.4535251259803772,0.4185464680194855,0.4499223828315735,0.4582333862781524,0.5684065222740173,0.4312389492988586,0.5647433996200562,0.4113328158855438,0.6744998693466187,0.4982460439205169,0.658475399017334
52,0.4516661465167999,0.2083555608987808,0.5134709477424622,0.2941460311412811,0.4018703103065491,0.2927362024784088,0.5156238079071045,0.3812289834022522,0.4098345339298248,0.3824819922447204,0.5190308094024658,0.4634242057800293,0.4018858671188354,0.4522052407264709,0.4765464663505554,0.4616505205631256,0.4180537760257721,0.4569945037364959,0.4604425132274627,0.5775303840637207,0.4118475914001465,0.5640818476676941,0.4144162535667419,0.6768026947975159,0.4854756593704223,0.6543514728546143
53,0.4509935975074768,0.204784408211708,0.5136653184890747,0.2889652252197265,0.4022300839424133,0.2894530892372131,0.5163020491600037,0.3764346241950989,0.4095706045627594,0.3786101937294006,0.5197644829750061,0.4580037295818329,0.4029849171638489,0.4485330283641815,0.4792965650558471,0.4568533599376678,0.4204487800598144,0.4532043933868408,0.4619753658771515,0.5723211765289307,0.4088087379932403,0.5638529658317566,0.4163416624069214,0.6743582487106323,0.4758569002151489,0.6589838862419128
54,0.4523252248764038,0.2045162767171859,0.5133559107780457,0.2887114286422729,0.4029191732406616,0.2863982617855072,0.5167540907859802,0.3719575703144073,0.4083979427814483,0.3751352429389953,0.5202479362487793,0.4506904184818268,0.4025104939937591,0.4443937838077545,0.4803105592727661,0.452040821313858,0.4224587380886078,0.4487439393997192,0.457576036453247,0.5689298510551453,0.4170399606227875,0.5640445947647095,0.4177925586700439,0.668004035949707,0.4558544456958771,0.6774738430976868
55,0.4535298347473144,0.1837981045246124,0.5141510963439941,0.2690258026123047,0.4040116965770721,0.269702285528183,0.5170315504074097,0.3570200204849243,0.4083395600318908,0.3561412394046783,0.5211747288703918,0.435376912355423,0.4019919633865356,0.4284225106239319,0.4815147519111633,0.4371795952320099,0.4239794015884399,0.4344376027584076,0.4586677849292755,0.5573832392692566,0.4268813133239746,0.557098388671875,0.4193388521671295,0.6578247547149658,0.4348085522651672,0.6780515313148499
56,0.4550053477287292,0.1678148359060287,0.5144679546356201,0.2526114583015442,0.4046901166439056,0.2540670037269592,0.5188158750534058,0.3397510349750519,0.4081639051437378,0.3360426127910614,0.525431752204895,0.4170660674571991,0.4003526568412781,0.40936279296875,0.4872228503227234,0.4211683571338653,0.4248399436473846,0.4202912747859955,0.4590716361999511,0.5441100001335144,0.430600106716156,0.5491220951080322,0.4391728341579437,0.6435731053352356,0.4310688078403473,0.6791456937789917
57,0.4599915444850921,0.1569210141897201,0.5172821283340454,0.2415262162685394,0.4067819714546203,0.2442565262317657,0.520664632320404,0.3323282897472381,0.4084170162677765,0.3303861021995544,0.525476336479187,0.4133996665477752,0.4008306860923767,0.4043737053871155,0.4933996796607971,0.4073387682437897,0.430033266544342,0.40476194024086,0.471829354763031,0.5313427448272705,0.4293453693389892,0.5327202081680298,0.4611700773239136,0.6390271186828613,0.4355884492397308,0.6669408082962036
58,0.4650280773639679,0.1532521396875381,0.5219430923461914,0.2360982447862625,0.4096115827560425,0.2385384887456894,0.5223296284675598,0.32993945479393,0.4087978899478912,0.3259148299694061,0.5246282815933228,0.4101334512233734,0.4035460948944092,0.398127019405365,0.4962189495563507,0.4018287360668182,0.4337539374828338,0.3986012637615204,0.479536235332489,0.5237650275230408,0.4281695783138275,0.5205996036529541,0.4828355610370636,0.6326088905334473,0.4381580352783203,0.6310164332389832
59,0.4678376019001007,0.1552026718854904,0.5245833396911621,0.2361365407705307,0.4132469892501831,0.2388260960578918,0.5229352116584778,0.3268291354179382,0.4089743196964264,0.3233804404735565,0.5238762497901917,0.4080077707767486,0.4078414142131805,0.3933185636997223,0.4986239969730377,0.4008099138736725,0.4384100139141083,0.3969974815845489,0.4864136576652527,0.51524418592453,0.4284816384315491,0.5105538964271545,0.4858512878417969,0.6185365319252014,0.4460653066635132,0.575360119342804
60,0.4725101888179779,0.1567312479019165,0.5274267196655273,0.2390988022089004,0.4157530963420868,0.2422841340303421,0.5239425301551819,0.3279970288276672,0.4142329692840576,0.3271589279174804,0.5251232981681824,0.4106184244155884,0.4155135154724121,0.3965896964073181,0.5034453868865967,0.4034259915351867,0.4431250393390655,0.3999881446361542,0.4924187660217285,0.5112249255180359,0.429662823677063,0.5127934813499451,0.47706139087677,0.5926694869995117,0.4688375294208526,0.5406063795089722
61,0.4754893481731415,0.1588731408119201,0.5295761823654175,0.2405166774988174,0.4183633029460907,0.2439252287149429,0.5254272222518921,0.3283582925796509,0.4186498522758484,0.3294544517993927,0.526742696762085,0.4081496894359588,0.4199549853801727,0.3992330729961395,0.5070009231567383,0.4031119048595428,0.4473576545715332,0.4011358618736267,0.5006017088890076,0.5011821389198303,0.4374274313449859,0.5074312686920166,0.4706737101078033,0.580731987953186,0.4854419231414795,0.5726951360702515
62,0.4779695272445678,0.1601385623216629,0.5315068364143372,0.2411567270755767,0.4204081594944,0.2449673116207122,0.526958703994751,0.3253430128097534,0.4204218685626983,0.331270694732666,0.5282466411590576,0.3952450752258301,0.4230400025844574,0.401413232088089,0.512486457824707,0.4060467183589935,0.454268217086792,0.403821736574173,0.5083735585212708,0.508191704750061,0.4532694816589355,0.5148699879646301,0.4532322287559509,0.6001806855201721,0.5081758499145508,0.593575656414032
63,0.4802697896957397,0.16223905980587,0.5323780179023743,0.2422585636377334,0.4219804406166076,0.2454175949096679,0.5273168087005615,0.3277018070220947,0.4214995503425598,0.3315560221672058,0.5291737914085388,0.3993047475814819,0.4227068126201629,0.4103697538375854,0.51388019323349,0.4115834534168243,0.4586241841316223,0.411791980266571,0.5016838312149048,0.5315312147140503,0.4851068258285522,0.5358227491378784,0.4456482231616974,0.6531267166137695,0.5273711681365967,0.6401312351226807
64,0.4812728464603424,0.1647305339574813,0.5328775644302368,0.2449913471937179,0.4225999116897583,0.2489152699708938,0.5304062962532043,0.3283716738224029,0.4226890206336975,0.3366282880306244,0.5341364741325378,0.4015996754169464,0.4225663840770721,0.4182142615318298,0.5163782238960266,0.4132303893566131,0.4604983329772949,0.4147645831108093,0.4937402606010437,0.5381456017494202,0.4958510398864746,0.5378912687301636,0.4462320208549499,0.6722300052642822,0.536851167678833,0.643476128578186
65,0.4819399118423462,0.1672180294990539,0.5334485769271851,0.2484942078590393,0.4234271645545959,0.2527620792388916,0.5339692234992981,0.3317824006080627,0.4255790710449219,0.3418228924274444,0.5380034446716309,0.4057963192462921,0.4232353270053863,0.4220404326915741,0.5190346837043762,0.4142889976501465,0.4636968374252319,0.4159536957740783,0.4926722943782806,0.5416039228439331,0.4990840852260589,0.5391539931297302,0.4480195641517639,0.6788138747215271,0.5364071130752563,0.6482585072517395
66,0.4819524586200714,0.1672247052192688,0.5347297191619873,0.2484794408082962,0.4243971109390259,0.2530529797077179,0.5341482162475586,0.3325046002864837,0.4289084076881408,0.3433079123497009,0.537388801574707,0.4080613553524017,0.4256424307823181,0.4252806901931762,0.5191977024078369,0.4151801764965057,0.4657737612724304,0.4162783324718475,0.4947686493396759,0.5411771535873413,0.5018471479415894,0.5384253263473511,0.4531075358390808,0.6769598722457886,0.536308228969574,0.6456400752067566
67,0.4816237688064575,0.1631908863782882,0.5350151658058167,0.2440291494131088,0.4246549904346466,0.2471351623535156,0.5375834703445435,0.330506294965744,0.4301125705242157,0.3358546197414398,0.5392487645149231,0.4084048867225647,0.4263898730278015,0.4184868335723877,0.5181794166564941,0.4088845252990722,0.4651405215263366,0.4110140204429626,0.4967723488807678,0.5385159254074097,0.5055357217788696,0.5362424850463867,0.4547285437583923,0.6667976379394531,0.5391934514045715,0.642372727394104
68,0.4821625053882599,0.1577333062887191,0.5351395010948181,0.2378270477056503,0.4252530336380005,0.2404359579086303,0.5401779413223267,0.3233173787593841,0.4296115934848785,0.3286881744861603,0.5431549549102783,0.4006373882293701,0.4272878766059875,0.4096226096153259,0.5177314877510071,0.4021031558513641,0.4655635952949524,0.4053170084953308,0.4957964718341827,0.5381979942321777,0.4982821643352508,0.533807635307312,0.4547376334667206,0.6627653241157532,0.5431709885597229,0.6417672634124756
69,0.4820097684860229,0.1552035808563232,0.5356508493423462,0.2351095676422119,0.4254510998725891,0.238359048962593,0.5412408709526062,0.3226129412651062,0.4302263557910919,0.3269252479076385,0.5449501872062683,0.4023607075214386,0.427457332611084,0.4060322344303131,0.5183649063110352,0.4022042155265808,0.4657067656517029,0.4046438038349151,0.4953457415103912,0.5358186960220337,0.4880510866641998,0.5320951342582703,0.45440673828125,0.6615807414054871,0.5428304672241211,0.6152902245521545
70,0.4816693663597107,0.1554819792509079,0.5364660024642944,0.2357253581285476,0.4253881275653839,0.2392744421958923,0.5424358248710632,0.323911041021347,0.4303200542926788,0.3281578719615936,0.5478894710540771,0.4038063585758209,0.4275535643100738,0.4070723950862884,0.517796516418457,0.4034565687179565,0.4645785987377167,0.4053039848804474,0.4895756244659424,0.5377374291419983,0.4626587331295013,0.5282302498817444,0.4522231519222259,0.6659066677093506,0.54220050573349,0.5817017555236816
71,0.4811564683914184,0.1558257043361663,0.5370968580245972,0.2358862608671188,0.425215482711792,0.2403350174427032,0.5435500144958496,0.3247506618499756,0.4308605492115021,0.3289684653282165,0.5493481755256653,0.4040814638137817,0.4272128641605377,0.4089989066123962,0.5173391103744507,0.4044943153858185,0.463016927242279,0.4075494110584259,0.487669974565506,0.5397706627845764,0.4493522942066192,0.5284216403961182,0.4521568417549133,0.6654139161109924,0.5453277230262756,0.5684475898742676
72,0.4809494316577911,0.1567289531230926,0.5379475951194763,0.2405572235584259,0.4250799417495727,0.2438124269247055,0.5441154837608337,0.3303059339523315,0.4317180216312408,0.3320243060588836,0.5502508878707886,0.4091290831565857,0.427619457244873,0.4110918343067169,0.5177095532417297,0.406212568283081,0.4622361958026886,0.4090643227100372,0.4888134896755218,0.5427905321121216,0.4500930309295654,0.528572678565979,0.4538349509239197,0.665147602558136,0.5411044359207153,0.5702901482582092
73,0.4806621670722961,0.1618669778108596,0.537782609462738,0.2446911484003067,0.4250392019748688,0.24908347427845,0.5435095429420471,0.3340265452861786,0.4313681721687317,0.3391250669956207,0.5509149432182312,0.413303405046463,0.4273742139339447,0.4172376990318298,0.5188645124435425,0.4111351072788238,0.4619271159172058,0.4123733639717102,0.5014180541038513,0.542125940322876,0.4582712948322296,0.5353415012359619,0.4562577903270721,0.6635552048683167,0.5388255715370178,0.59634929895401
74,0.4801066815853119,0.1790161579847335,0.5338687300682068,0.2584297657012939,0.4239966571331024,0.2641443610191345,0.5368905663490295,0.3473054766654968,0.4310572743415832,0.3567518591880798,0.5466659665107727,0.4225485026836395,0.427550733089447,0.434479296207428,0.5197744369506836,0.4296121001243591,0.4637288451194763,0.4327143430709839,0.5322818160057068,0.5402615666389465,0.4833499491214752,0.5541291832923889,0.4676766991615295,0.6237471103668213,0.5375263690948486,0.6383084654808044
75,0.4783585965633392,0.1835229247808456,0.5288217663764954,0.2621414065361023,0.4216419756412506,0.2709222733974457,0.5264706611633301,0.3487616777420044,0.4284625947475433,0.3613151907920837,0.5385169982910156,0.4215110242366791,0.4250753223896026,0.4399184286594391,0.5195063948631287,0.4320922791957855,0.4636223316192627,0.4355718791484833,0.5461821556091309,0.53403240442276,0.4873507916927337,0.5572038292884827,0.471761405467987,0.6123312711715698,0.5355057716369629,0.6474276781082153
76,0.4755895733833313,0.1809049844741821,0.522517740726471,0.2595163583755493,0.4172161817550659,0.2677414119243622,0.5222444534301758,0.3463805615901947,0.4242846965789795,0.3581652641296386,0.5351240634918213,0.4193767011165619,0.4225093126296997,0.4375392496585846,0.5184174180030823,0.4284798204898834,0.4633044004440307,0.4326927661895752,0.5520331263542175,0.529033899307251,0.4878058135509491,0.5557711124420166,0.4809919893741607,0.6192197799682617,0.5288934111595154,0.6416817307472229
77,0.4723401665687561,0.1735625863075256,0.5198778510093689,0.2530128359794616,0.4142798483371734,0.2606104612350464,0.5190860033035278,0.3414627611637115,0.4184594452381134,0.3512990176677704,0.5293091535568237,0.4126575887203216,0.417249470949173,0.4362278282642364,0.5172424912452698,0.4213156104087829,0.4619826972484588,0.4295908212661743,0.54032963514328,0.5286132097244263,0.4868667125701904,0.5527499318122864,0.4993235170841217,0.6201431155204773,0.5263605713844299,0.6382154822349548
78,0.4690360128879547,0.156433567404747,0.5194036364555359,0.2371309250593185,0.4121620655059814,0.2424989342689514,0.5165358185768127,0.3250332772731781,0.4155077934265136,0.3359902203083038,0.5258716344833374,0.4021088480949402,0.413982093334198,0.4160681366920471,0.5111920833587646,0.4047195315361023,0.4556668102741241,0.4088481366634369,0.5252500772476196,0.5247468948364258,0.4850648641586303,0.5278428196907043,0.5183064937591553,0.6546090245246887,0.5211060643196106,0.6353564262390137
79,0.4659492075443268,0.1440618336200714,0.5185553431510925,0.2237361669540405,0.4112213551998138,0.2271120250225067,0.5157697200775146,0.3054506480693817,0.4124383628368377,0.3205792307853699,0.521438717842102,0.3790836334228515,0.4088987112045288,0.4000540971755981,0.5067488551139832,0.3889781832695007,0.4515468180179596,0.3913843929767608,0.5218472480773926,0.5195242762565613,0.482477068901062,0.512177050113678,0.5221289396286011,0.6537691950798035,0.4983714520931244,0.6155682802200317
80,0.4630118012428283,0.1357997506856918,0.516532301902771,0.2175857722759246,0.4069697856903076,0.220813512802124,0.5148906111717224,0.2990480065345764,0.4089598059654236,0.3134110867977142,0.5183568596839905,0.3731443583965301,0.4071159660816192,0.3906587362289428,0.5026256442070007,0.383003830909729,0.446564108133316,0.3859859406948089,0.5215892195701599,0.5062286257743835,0.4754746258258819,0.5077455043792725,0.517098069190979,0.6233056783676147,0.480867475271225,0.6160441040992737
81,0.4622281789779663,0.1325039714574813,0.5134388208389282,0.2145827859640121,0.4055822491645813,0.2165808081626892,0.5129960775375366,0.2987937331199646,0.4073330461978912,0.3106211423873901,0.5164135694503784,0.3728193640708923,0.405620276927948,0.3892660737037658,0.5003888607025146,0.3823690712451935,0.4440940320491791,0.3828860819339752,0.5212320685386658,0.5005338191986084,0.4723035991191864,0.5036970973014832,0.5082331895828247,0.6040760278701782,0.4681553244590759,0.6109235286712646
82,0.458665132522583,0.135731816291809,0.5116419196128845,0.2153716683387756,0.4040727317333221,0.2200710028409958,0.5112258195877075,0.2974526584148407,0.4040370583534241,0.3115949630737304,0.5129612684249878,0.3704933524131775,0.4032140374183655,0.3916597068309784,0.4979101717472076,0.3839660286903381,0.4425832033157348,0.3855061531066894,0.5196830034255981,0.4960487782955169,0.4693119525909424,0.5013822913169861,0.4958023130893707,0.5669373273849487,0.468557059764862,0.6045017838478088
83,0.456015020608902,0.1391914635896682,0.5112965703010559,0.218179240822792,0.4025152921676636,0.2239836603403091,0.5097155570983887,0.3009664118289947,0.4011733531951904,0.3142936825752258,0.5090810060501099,0.3761111497879028,0.4010377526283264,0.3949453234672546,0.4952802956104278,0.3871668875217438,0.4401037395000458,0.3888807892799377,0.5194100141525269,0.4984042346477508,0.4696839153766632,0.5041175484657288,0.4719330668449402,0.5240678787231445,0.4692456126213074,0.6020640730857849
84,0.4543735980987549,0.1407684981822967,0.511836051940918,0.2200991064310073,0.400308609008789,0.2243934422731399,0.5095272064208984,0.3064313530921936,0.3988537192344665,0.3163352012634277,0.5102940201759338,0.3834775686264038,0.3979083895683288,0.3968642354011535,0.491876482963562,0.3880348205566406,0.4366293549537658,0.3899267017841339,0.5106503963470459,0.5020901560783386,0.4677591919898987,0.5075742602348328,0.4379845857620239,0.5676104426383972,0.4713529050350189,0.5926869511604309
85,0.4523503184318542,0.1445871740579605,0.5115509629249573,0.2244969755411148,0.399151861667633,0.2291856706142425,0.5067287683486938,0.315852016210556,0.3982224464416504,0.3210119605064392,0.5060698986053467,0.3989650309085846,0.3954523205757141,0.3994336128234863,0.4863788187503814,0.3926609754562378,0.4332883059978485,0.3915803730487823,0.4800787270069122,0.5156124830245972,0.4659352600574493,0.5129344463348389,0.420007973909378,0.6176149845123291,0.5075323581695557,0.6075387597084045
86,0.4530445039272308,0.1529255658388137,0.5120166540145874,0.2328075617551803,0.3984286487102508,0.2379645407199859,0.5064973831176758,0.3266477882862091,0.396937221288681,0.3287611305713653,0.505071759223938,0.4112709462642669,0.391306459903717,0.4068582355976105,0.4819942414760589,0.4053516387939453,0.4289582669734955,0.4011986553668976,0.4564056098461151,0.5324692726135254,0.4662434160709381,0.5293543338775635,0.3956812024116516,0.6426754593849182,0.5224706530570984,0.6557050347328186
87,0.4528565406799316,0.1649953871965408,0.5118811130523682,0.2441377788782119,0.398518443107605,0.2461594939231872,0.5050793290138245,0.3383949398994446,0.3950267434120178,0.3371968865394592,0.5027263760566711,0.4178730845451355,0.3883092701435089,0.4171441495418548,0.4802526831626892,0.412149965763092,0.4272475838661194,0.4071256518363952,0.4431900978088379,0.5419636368751526,0.4676073789596557,0.5334634780883789,0.385829210281372,0.6537377834320068,0.5222738981246948,0.6613782048225403
88,0.4518992006778717,0.1711364239454269,0.5119835138320923,0.2499509006738662,0.3986977040767669,0.2539539635181427,0.5028715133666992,0.3432581126689911,0.3946990966796875,0.3471622467041015,0.4971698224544525,0.4218263328075409,0.3864133954048157,0.4265349507331848,0.4806659817695617,0.4180040061473846,0.4273273348808288,0.4129508137702942,0.4536931216716766,0.5431545972824097,0.4678861796855926,0.5376990437507629,0.3908821642398834,0.6521473526954651,0.5205078125,0.6653190851211548
89,0.4516554474830627,0.1733253002166748,0.5121533870697021,0.25197634100914,0.3990471661090851,0.2566016018390655,0.5014308094978333,0.3446339964866638,0.395905464887619,0.3514240384101867,0.4957712292671203,0.4240554273128509,0.3886380195617676,0.4299660623073578,0.4808947741985321,0.4196654558181762,0.4290740191936493,0.4154737591743469,0.4596660137176513,0.5435278415679932,0.469715803861618,0.5378642082214355,0.3948614299297333,0.6502578854560852,0.5175614953041077,0.6606109142303467
90,0.4516596496105194,0.1725669950246811,0.5122678279876709,0.2520841360092163,0.3993918895721435,0.2574202120304107,0.4992253482341766,0.3438582420349121,0.3966037631034851,0.3507620096206665,0.4923351407051086,0.4254809617996216,0.3894737362861633,0.4290812611579895,0.48177570104599,0.4191567003726959,0.4301311373710632,0.4157089591026306,0.4626883268356323,0.5444342494010925,0.4718931317329407,0.5362292528152466,0.3970139920711517,0.6483922600746155,0.5164854526519775,0.6549143195152283
91,0.4519634544849396,0.1715826094150543,0.511883020401001,0.2504364252090454,0.3995032906532287,0.2559104263782501,0.5002018213272095,0.3412971794605255,0.3970726728439331,0.348110944032669,0.4950357675552368,0.4230822622776031,0.3899461030960083,0.4270097613334656,0.482705295085907,0.4182600378990173,0.4321723580360412,0.4159469902515411,0.4673860371112823,0.5447038412094116,0.4756157398223877,0.5379560589790344,0.4028113782405853,0.6444333791732788,0.5160673260688782,0.6550084948539734
92,0.4521966278553009,0.1709289252758026,0.5117141604423523,0.2496884912252426,0.3995749056339264,0.2558083534240722,0.5002328157424927,0.339825302362442,0.3970379829406738,0.3470368683338165,0.4968110024929046,0.4209799170494079,0.3929499685764313,0.4266350269317627,0.483355849981308,0.4192415773868561,0.4336157143115997,0.4175271689891815,0.4838936328887939,0.5433556437492371,0.4780967831611633,0.5417808294296265,0.4076298177242279,0.6349934339523315,0.5167734622955322,0.66108238697052
93,0.4527280628681183,0.1729372888803482,0.5117201209068298,0.2506865859031677,0.3997288048267364,0.2565310001373291,0.5004006028175354,0.3391788005828857,0.3968615233898163,0.347243070602417,0.4971390962600708,0.4198625683784485,0.3944599032402038,0.4276924133300781,0.4844200015068054,0.421528160572052,0.4345581531524658,0.4196280241012573,0.5006498098373413,0.5433571338653564,0.4818576276302337,0.5441169142723083,0.4086483120918274,0.6051034927368164,0.5224588513374329,0.6669002175331116
94,0.4538407623767853,0.1741498559713363,0.5118069052696228,0.2533366978168487,0.3999486565589905,0.2564836740493774,0.5041665434837341,0.3396366238594055,0.397025465965271,0.346550315618515,0.5035143494606018,0.4191906750202179,0.3957858085632324,0.4268155395984649,0.4847871661186218,0.4218039214611053,0.4343119859695434,0.4201347827911377,0.5139221549034119,0.5432659387588501,0.4810593426227569,0.5428531169891357,0.4097122251987457,0.5893415808677673,0.5229364037513733,0.6675096750259399
95,0.4547140002250671,0.1735864281654358,0.5129193663597107,0.2550663352012634,0.3999831676483154,0.2564289271831512,0.5076215863227844,0.3435078263282776,0.3983754515647888,0.3473153412342071,0.5077176690101624,0.4219182729721069,0.3969506025314331,0.4288263022899627,0.4849218130111694,0.4240021109580993,0.4337059557437897,0.421204924583435,0.5093167424201965,0.5442266464233398,0.4804334938526153,0.545760452747345,0.4100524187088012,0.5942910313606262,0.5227745771408081,0.6670595407485962
96,0.4561933875083923,0.1731893271207809,0.5156183838844299,0.2541426420211792,0.4008983671665191,0.2560541033744812,0.5126315355300903,0.3451287150382995,0.3984445333480835,0.3471972644329071,0.5100530982017517,0.4253175556659698,0.397235095500946,0.4304508566856384,0.4847798943519592,0.4238184988498688,0.4320911467075348,0.4206242859363556,0.4952701032161712,0.5451279282569885,0.4716629981994629,0.54794842004776,0.4128685891628265,0.6224283576011658,0.5194306373596191,0.666145384311676
97,0.4567302763462066,0.1727174669504165,0.5178321003913879,0.2540614306926727,0.4023813903331756,0.2558611929416656,0.5171772241592407,0.3459745347499847,0.3986300230026245,0.3469015061855316,0.5147466063499451,0.4263372719287872,0.3972156643867492,0.4298954904079437,0.4842583835124969,0.4246532320976257,0.430285096168518,0.4202198982238769,0.4751733541488647,0.5489315390586853,0.4624148905277252,0.5514054298400879,0.4241067171096802,0.657219648361206,0.4993256330490112,0.6667985916137695
98,0.4585559070110321,0.1725048273801803,0.519219696521759,0.2548182308673858,0.403540164232254,0.2556279301643371,0.5206623673439026,0.3459854423999786,0.3987001180648803,0.3469012081623077,0.5192750692367554,0.4256661236286163,0.3950554430484772,0.4296834170818329,0.4840801358222961,0.4271788001060486,0.427985668182373,0.4211801290512085,0.4705197513103485,0.5486720204353333,0.4404280483722687,0.5498968958854675,0.4255884885787964,0.6531858444213867,0.4551810026168823,0.6583185195922852
99,0.4599325358867645,0.173090398311615,0.5201014876365662,0.2574601769447326,0.4049870073795318,0.2554424703121185,0.5208877325057983,0.3496479988098144,0.3990553021430969,0.345756858587265,0.5201231837272644,0.429897129535675,0.3934138715267181,0.4250608086585998,0.4841797649860382,0.4292850494384765,0.4249592125415802,0.4224212765693664,0.4693713188171386,0.5555203557014465,0.4240883290767669,0.5556137561798096,0.4265589118003845,0.6616058945655823,0.4159169793128967,0.6813026070594788
100,0.4612925946712494,0.1741064637899398,0.5211250185966492,0.2587836980819702,0.4057221412658691,0.2561152577400207,0.5221670269966125,0.351815402507782,0.3992941677570343,0.3463374376296997,0.5225108861923218,0.4302724599838257,0.3903051614761352,0.4248596727848053,0.4855823814868927,0.4322108328342438,0.4241909086704254,0.4249615669250488,0.4699083566665649,0.5627879500389099,0.3986940681934356,0.5595281720161438,0.4256885051727295,0.6672183275222778,0.3804844617843628,0.6828615665435791
101,0.4635043740272522,0.1739946007728576,0.5223439335823059,0.2584345638751983,0.407177060842514,0.2562446892261505,0.5237006545066833,0.3515912294387817,0.3994026482105255,0.3471097648143768,0.5236179232597351,0.4304260611534118,0.3870660662651062,0.4249282479286194,0.4866887331008911,0.4337751567363739,0.4241683185100555,0.4245113432407379,0.4715548157691955,0.5650572776794434,0.3875074982643127,0.5570394992828369,0.4252189099788666,0.6695194840431213,0.3493294715881347,0.6782519221305847
102,0.4660640358924866,0.1738962978124618,0.5243143439292908,0.2583248019218445,0.409518301486969,0.2563953101634979,0.5255330204963684,0.3527089357376098,0.4003097414970398,0.3470278084278106,0.5237827897071838,0.4330098927021026,0.3868955075740814,0.4249183535575866,0.4877711534500122,0.4337626099586487,0.4240099489688873,0.4243139028549194,0.4721792042255401,0.5638324022293091,0.3789955675601959,0.5557881593704224,0.4247938692569732,0.6699132919311523,0.3354958295822143,0.6774411797523499
103,0.4685252010822296,0.1737971901893615,0.5264359712600708,0.2580733299255371,0.4124936759471893,0.2563340067863464,0.5269458889961243,0.3527578115463257,0.4025784730911255,0.3469707667827606,0.5254797339439392,0.4327143430709839,0.3872837424278259,0.423624724149704,0.4893246591091156,0.4335556030273437,0.424335777759552,0.4242548942565918,0.4728947877883911,0.5626546740531921,0.3778602182865143,0.5556669235229492,0.4248469173908233,0.6706075668334961,0.3318662047386169,0.6697624921798706
104,0.4704127013683319,0.1737223118543625,0.5281440019607544,0.2580112814903259,0.4143430888652801,0.2562733590602875,0.5280596017837524,0.3525125980377197,0.4047064483165741,0.3469237983226776,0.5270673632621765,0.4326270520687103,0.3879187703132629,0.4234463572502136,0.4924716055393219,0.4330071806907654,0.4265489876270294,0.4240695834159851,0.4732070863246918,0.5613718032836914,0.3828839063644409,0.5491638779640198,0.4257085919380188,0.66966712474823,0.3396290838718414,0.6506813168525696
105,0.4721699655056,0.1734438687562942,0.5300500392913818,0.257887452840805,0.4165098071098327,0.2562440037727356,0.5285072326660156,0.3520330786705017,0.406999260187149,0.3472511768341064,0.5271849036216736,0.4322682321071625,0.3920592963695526,0.4239278435707092,0.4947571754455566,0.4327257871627807,0.4293802082538605,0.4231589734554291,0.4737187325954437,0.5606322884559631,0.3921868205070495,0.5393112301826477,0.428069144487381,0.6693578362464905,0.358745276927948,0.6391904354095459
106,0.4746342897415161,0.1732751429080963,0.5321630835533142,0.257284551858902,0.4189730882644653,0.2561098933219909,0.5297277569770813,0.3514172434806824,0.4111039340496063,0.3466224372386932,0.5280090570449829,0.4291693270206451,0.4005805552005768,0.4215167164802551,0.49689382314682,0.4324077665805816,0.4337277412414551,0.4227500855922699,0.4763253033161163,0.5565260648727417,0.4011976420879364,0.538341760635376,0.4310649931430816,0.6681906580924988,0.3733411431312561,0.6378098130226135
107,0.4787343442440033,0.1732026487588882,0.5350194573402405,0.2562814652919769,0.421669989824295,0.2560817301273346,0.5325251817703247,0.3476927876472473,0.4166902303695678,0.3466077148914337,0.5316317081451416,0.4218796193599701,0.4080392718315124,0.4190071523189544,0.5024499893188477,0.4298814535140991,0.44061478972435,0.4215459525585174,0.4793826937675476,0.5506860017776489,0.4262386858463287,0.5382415056228638,0.4361936748027801,0.6668123602867126,0.4171054065227508,0.6329191327095032
108,0.4826171100139618,0.1726195514202118,0.5385603904724121,0.2554750740528106,0.4252629578113556,0.2562287747859955,0.5373111367225647,0.3443493247032165,0.4220038950443268,0.3466184437274933,0.5360568761825562,0.4181190133094787,0.4172946214675903,0.4194419384002685,0.5079710483551025,0.4245244264602661,0.4482671916484833,0.4193630218505859,0.4817913770675659,0.5459893345832825,0.4451223909854889,0.5357692837715149,0.4371222555637359,0.6648167371749878,0.4453668892383575,0.6188908219337463
109,0.4867054522037506,0.1726464331150055,0.5426243543624878,0.2553014159202575,0.4295922517776489,0.2563273310661316,0.5429244637489319,0.3439640700817108,0.4288649559020996,0.3467355370521545,0.5394793152809143,0.4190951585769653,0.4280714392662048,0.4196217954158783,0.5114420652389526,0.4233298003673553,0.4545125663280487,0.4184363782405853,0.4831067025661468,0.5459291934967041,0.4623371064662933,0.5360342264175415,0.4392560720443725,0.6661437153816223,0.465554267168045,0.5807406306266785
110,0.4915187954902649,0.1729108244180679,0.5478910803794861,0.2553243935108185,0.435128390789032,0.2564460337162018,0.5492873191833496,0.3429422676563263,0.4363058805465698,0.3474482893943786,0.5464024543762207,0.4185555279254913,0.43535977602005,0.4243751168251037,0.5182067155838013,0.4223244190216064,0.4621696174144745,0.4184856116771698,0.4856054484844208,0.5454597473144531,0.4708370268344879,0.5369048714637756,0.4433991312980652,0.6668502688407898,0.4945168793201446,0.5997916460037231
111,0.4951892793178558,0.1741378605365753,0.5520890951156616,0.2556324303150177,0.440710961818695,0.2575511634349823,0.5549782514572144,0.3430973291397095,0.4427880644798279,0.3475560843944549,0.55301833152771,0.4188627898693084,0.4423350393772125,0.4244270026683807,0.5227228999137878,0.4214203655719757,0.4675396680831909,0.4185019135475158,0.4869146645069122,0.5436319708824158,0.4729280173778534,0.5370146632194519,0.4455678761005401,0.6671428680419922,0.5163999199867249,0.5954166650772095
112,0.5000815987586975,0.1778943985700607,0.556714653968811,0.2561988532543182,0.4457012116909027,0.2607461810111999,0.5608589053153992,0.3431625962257385,0.4509118497371673,0.3477063775062561,0.5602494478225708,0.4187344014644623,0.4536042511463165,0.4240204691886902,0.5271840691566467,0.4214498400688171,0.4717743396759033,0.4189148247241974,0.4924760460853576,0.5440276265144348,0.4817812740802765,0.5377095341682434,0.44818976521492,0.6688174605369568,0.5381843447685242,0.5980918407440186
113,0.5047680735588074,0.1809083670377731,0.5612138509750366,0.2606124579906463,0.4504733085632324,0.266821801662445,0.564374566078186,0.3464559912681579,0.4581226706504822,0.353579044342041,0.56397545337677,0.4240193367004394,0.4598509967327118,0.427998811006546,0.5308744311332703,0.4251825511455536,0.4757356941699981,0.4249629974365234,0.5031629204750061,0.5464186668395996,0.4939801394939422,0.5448305606842041,0.4553687274456024,0.6686512231826782,0.5552610754966736,0.6045916080474854
114,0.5099511742591858,0.1884520798921585,0.5651484727859497,0.2700411081314087,0.4541327059268951,0.2775596380233764,0.5675157904624939,0.3538219332695007,0.4607608020305633,0.3633316457271576,0.5695355534553528,0.4324912130832672,0.4632573425769806,0.4365613758563995,0.5377489924430847,0.4327513873577118,0.4829621613025665,0.4334235787391662,0.5253531336784363,0.5459221601486206,0.5044069886207581,0.5470289587974548,0.4661732614040375,0.6538168787956238,0.5571316480636597,0.6273791790008545
115,0.5126506090164185,0.1992452889680862,0.5681337714195251,0.2808167040348053,0.4566684365272522,0.2860927283763885,0.5696285963058472,0.3623480796813965,0.461225301027298,0.3669726848602295,0.5735862255096436,0.4354406893253326,0.4615241289138794,0.4374179542064667,0.5462079644203186,0.4366070330142975,0.4912267029285431,0.4363754987716675,0.5489932298660278,0.5415188074111938,0.5052909851074219,0.5445589423179626,0.4759160280227661,0.6319900155067444,0.5614878535270691,0.6348760724067688
116,0.5155852437019348,0.2022538930177688,0.5687181949615479,0.2829021215438843,0.4589015245437622,0.2877644300460815,0.5735375285148621,0.3636053800582886,0.4598997831344604,0.3688074350357055,0.5793329477310181,0.4352633953094482,0.4608500897884369,0.4404703378677368,0.5516079664230347,0.4385982155799866,0.496227890253067,0.4394204318523407,0.5681473612785339,0.5311698317527771,0.5113694071769714,0.5462003350257874,0.4845462441444397,0.6101701855659485,0.566216230392456,0.6418377161026001
117,0.514885425567627,0.1989138126373291,0.5698498487472534,0.2788267135620117,0.4616658985614776,0.2829888164997101,0.5744726657867432,0.3618186414241791,0.4620407223701477,0.3666753470897674,0.5820360779762268,0.4315505027770996,0.4606292247772217,0.4263299405574798,0.5528362393379211,0.437947154045105,0.498583436012268,0.4370766878128052,0.582310676574707,0.5222282409667969,0.5190361142158508,0.5459564328193665,0.5012360215187073,0.5718987584114075,0.5674411654472351,0.6435943245887756
118,0.5171046853065491,0.1916630268096923,0.5690416097640991,0.2681404948234558,0.4640513956546783,0.2711461782455444,0.5742756128311157,0.3481312096118927,0.4675402641296386,0.3498353660106659,0.5819351673126221,0.4167946577072143,0.4648784697055816,0.4176608324050903,0.5514630675315857,0.4231214821338653,0.4965336322784424,0.4261633157730102,0.5894880890846252,0.514264702796936,0.5264711976051331,0.5416343212127686,0.50656658411026,0.5587102770805359,0.5697126984596252,0.6427416205406189
119,0.5198666453361511,0.168353259563446,0.5687529444694519,0.2501216530799866,0.4646419584751129,0.2514573931694031,0.5720275044441223,0.3297432065010071,0.4734587073326111,0.334488034248352,0.5786278247833252,0.4018729031085968,0.4739547669887543,0.4102003276348114,0.5527291297912598,0.4116845428943634,0.4970540702342987,0.4162184298038482,0.5918094515800476,0.5145434141159058,0.53347247838974,0.5394014716148376,0.5108303427696228,0.560748279094696,0.5713641047477722,0.6414501667022705
120,0.5211259722709656,0.153489276766777,0.5679238438606262,0.2340004742145538,0.4646274447441101,0.231110617518425,0.5710365772247314,0.3156605362892151,0.4741009175777435,0.3105182945728302,0.5761466026306152,0.3853176534175873,0.4784502387046814,0.3920372128486633,0.5535090565681458,0.395598828792572,0.497102826833725,0.4017214179039001,0.5851289629936218,0.5059830546379089,0.5201507210731506,0.5097339749336243,0.5131332278251648,0.5842911005020142,0.5738025307655334,0.6130311489105225
121,0.5213903784751892,0.1443575471639633,0.5690988898277283,0.2252321690320968,0.4654456973075866,0.2266772389411926,0.5712584257125854,0.3087455034255981,0.4708128571510315,0.3095083832740783,0.5750884413719177,0.3825599551200866,0.4744217693805694,0.3871238231658935,0.5533792972564697,0.3903070092201233,0.4967990815639496,0.3939082324504852,0.5744978189468384,0.5087552666664124,0.5197409987449646,0.5092169046401978,0.5203918218612671,0.6076705455780029,0.570131242275238,0.5617644190788269
122,0.5208883881568909,0.1419578194618225,0.5710633397102356,0.2204657047986984,0.4663086831569671,0.2246858328580856,0.5734482407569885,0.307283341884613,0.4705583453178406,0.3117250800132751,0.5758315920829773,0.3825493156909942,0.4741404354572296,0.3889428079128265,0.5543214678764343,0.386989414691925,0.4960636496543884,0.3898391723632812,0.5687984228134155,0.5127092003822327,0.5191197991371155,0.5105504393577576,0.5305923223495483,0.6425470113754272,0.5765635967254639,0.5051690340042114
123,0.5205878615379333,0.1424847245216369,0.5713217258453369,0.2192943394184112,0.4675225019454956,0.2262468189001083,0.5739222764968872,0.3060411214828491,0.4736345410346985,0.3119992911815643,0.5762797594070435,0.3854763507843017,0.4747171998023987,0.3884622752666473,0.5532969832420349,0.3862735629081726,0.4952327311038971,0.389057844877243,0.5618904829025269,0.5146904587745667,0.5146109461784363,0.5143460035324097,0.5351074934005737,0.650934636592865,0.5586439967155457,0.4503855407238006
124,0.521379828453064,0.1472843587398529,0.5727121829986572,0.2236652225255966,0.4675593376159668,0.2292381972074508,0.5749388933181763,0.3110529482364654,0.4757678508758545,0.3170645534992218,0.5802587866783142,0.3901064097881317,0.4748899638652801,0.3931874632835388,0.5559646487236023,0.392381340265274,0.4968075752258301,0.3932616412639618,0.5555924773216248,0.5201157927513123,0.511804461479187,0.5161666870117188,0.5298635959625244,0.6556305885314941,0.5061888694763184,0.4374701082706451
125,0.5221558213233948,0.1502266824245453,0.5734620690345764,0.2257617712020874,0.4672640860080719,0.2316168397665023,0.5773305892944336,0.3128759264945984,0.4740509986877441,0.3186308145523071,0.5824108719825745,0.3922531604766845,0.4734317064285278,0.3955990672111511,0.5565671920776367,0.3951590359210968,0.4977830350399017,0.395072728395462,0.5514205694198608,0.5257864594459534,0.5085721611976624,0.5179646611213684,0.5280806422233582,0.6594876050949097,0.5026015043258667,0.4445259571075439
126,0.5227384567260742,0.1521267294883728,0.5734601616859436,0.227250188589096,0.467080682516098,0.2333848476409912,0.5764802694320679,0.3138904869556427,0.4714667797088623,0.3200387060642242,0.5818088054656982,0.3935341238975525,0.4717932045459747,0.3970271944999695,0.5566936135292053,0.3963645100593567,0.497928649187088,0.3954383432865143,0.5502535700798035,0.5277968049049377,0.5062284469604492,0.5190267562866211,0.5282906293869019,0.6604359149932861,0.4954551160335541,0.4460890591144562
127,0.5228278040885925,0.1532037109136581,0.573245108127594,0.2280848324298858,0.4669257402420044,0.2343542277812957,0.5762914419174194,0.3142451345920563,0.4698221981525421,0.3209512233734131,0.5808203220367432,0.3934129178524017,0.4715289771556854,0.3974670469760895,0.5561679005622864,0.3973229229450226,0.4982575178146362,0.3962262868881225,0.550291895866394,0.5283978581428528,0.5053292512893677,0.5201815366744995,0.53081876039505,0.6601658463478088,0.4963768422603607,0.4440771341323852
128,0.5229887366294861,0.1539162844419479,0.5723949074745178,0.2288955748081207,0.4670385122299194,0.2347038090229034,0.569606363773346,0.3151600658893585,0.4695619940757751,0.3212679922580719,0.575788676738739,0.3939254283905029,0.4676383137702942,0.3980096280574798,0.5557585954666138,0.3978677093982696,0.497866153717041,0.3969710767269134,0.5508951544761658,0.5291232466697693,0.5048663020133972,0.5210318565368652,0.5329922437667847,0.6617159247398376,0.492478609085083,0.4461098611354828
129,0.5228521823883057,0.1543612778186798,0.5712186694145203,0.2295267879962921,0.4668126106262207,0.2350819408893585,0.5669337511062622,0.3156748116016388,0.466289609670639,0.3213496208190918,0.5726897120475769,0.3943900763988495,0.4622525572776794,0.3983795046806335,0.5538038015365601,0.3982886970043182,0.4973503947257995,0.3972673118114471,0.5509952306747437,0.5292461514472961,0.5046566724777222,0.5220784544944763,0.5346651077270508,0.6621221899986267,0.4905979037284851,0.4547961056232452
130,0.5226808190345764,0.154675543308258,0.5692048668861389,0.2299581319093704,0.4666600525379181,0.2354187369346618,0.5640153288841248,0.3161066174507141,0.4655245840549469,0.3215416967868805,0.5653578639030457,0.3930642306804657,0.4590809345245361,0.3984704315662384,0.551616907119751,0.3979993164539337,0.4972226023674011,0.3972226977348327,0.5510954856872559,0.5291505455970764,0.5074005126953125,0.5207298994064331,0.5365517735481262,0.6633001565933228,0.4950843751430511,0.4593760967254638
131,0.5223101377487183,0.1547593772411346,0.5673052668571472,0.2302493602037429,0.465716004371643,0.2355370223522186,0.5593973398208618,0.3151175677776336,0.4630175828933716,0.3198493421077728,0.5596324801445007,0.3910657167434692,0.4546274542808532,0.3985039293766022,0.54991215467453,0.3982276618480682,0.4967277944087982,0.3974282443523407,0.5511198043823242,0.5293171405792236,0.5099670886993408,0.5234173536300659,0.5392739176750183,0.6631491780281067,0.4952691793441772,0.4619415402412414
132,0.5204295516014099,0.1549501717090606,0.564250111579895,0.2301410436630249,0.4632372260093689,0.2354874014854431,0.559053361415863,0.3128625154495239,0.4570043683052063,0.3196929693222046,0.5600811243057251,0.3884438276290893,0.4497859477996826,0.3986392617225647,0.5476499199867249,0.3983544707298279,0.4945398569107055,0.3976069986820221,0.5511372089385986,0.5301046371459961,0.5100495219230652,0.5206472873687744,0.5409204363822937,0.6629235744476318,0.4912314116954803,0.4542199373245239
133,0.5165435075759888,0.1531397104263305,0.5615123510360718,0.2298322916030883,0.4586209058761596,0.2345309108495712,0.5581660270690918,0.312362790107727,0.4508774280548095,0.3190274834632873,0.5600076913833618,0.3864844739437103,0.4468431174755096,0.3971559703350067,0.5443697571754456,0.3974810242652893,0.4906057715415954,0.3962837159633636,0.5501072406768799,0.5261306166648865,0.5094408988952637,0.4749484062194824,0.542910099029541,0.6615375280380249,0.4945833384990692,0.4838891625404358
134,0.5115892291069031,0.1522388011217117,0.5590410232543945,0.2297066003084182,0.4526050686836242,0.2346746921539306,0.5578725934028625,0.3125627338886261,0.4476940035820007,0.3195386528968811,0.5600106716156006,0.3898109793663025,0.4427470862865448,0.4008605182170868,0.5423790812492371,0.3974411487579345,0.4882666766643524,0.3961571156978607,0.5501915216445923,0.5249929428100586,0.5174503922462463,0.4921680986881256,0.5417279005050659,0.660699188709259,0.4964745938777923,0.5200299620628357
135,0.5077980756759644,0.1525166779756546,0.5567711591720581,0.2304812520742416,0.448608934879303,0.2353775203227996,0.5569857954978943,0.3151150643825531,0.4457787275314331,0.3197552561759949,0.5593206882476807,0.3944422900676727,0.4396101534366607,0.402170181274414,0.5390170812606812,0.3988020122051239,0.4832574725151062,0.3962488770484924,0.5499073266983032,0.5239418745040894,0.5239041447639465,0.4989200234413147,0.5409733057022095,0.6546734571456909,0.4969724416732788,0.5386604070663452
136,0.5064398050308228,0.1557643711566925,0.5544304847717285,0.2357114106416702,0.4457422494888305,0.2423625737428665,0.5560733675956726,0.325364738702774,0.4437456727027893,0.3302001953125,0.557377278804779,0.4047761559486389,0.439582496881485,0.4122031331062317,0.5352104306221008,0.4027003049850464,0.4809379875659942,0.3994300961494446,0.5475727319717407,0.5232499241828918,0.5322844386100769,0.5024075508117676,0.5327868461608887,0.6471078991889954,0.4922693371772766,0.5697610378265381
137,0.5037737488746643,0.1672048717737198,0.5526947379112244,0.2433388233184814,0.4430317878723144,0.2526665031909942,0.5548322200775146,0.3355843126773834,0.4430029094219208,0.3465250730514526,0.5573464035987854,0.4172400236129761,0.438361644744873,0.4254332780838012,0.5339325070381165,0.4096545875072479,0.4811509847640991,0.4079382121562958,0.5407643914222717,0.523387610912323,0.5448164343833923,0.511092483997345,0.5225682258605957,0.644637405872345,0.4958814978599548,0.600590169429779
138,0.501640260219574,0.182021290063858,0.5513988733291626,0.2546925544738769,0.4411396086215973,0.2636604905128479,0.552436113357544,0.3466216325759887,0.4424425363540649,0.3596055209636688,0.5542836785316467,0.429140567779541,0.4386325776576996,0.4385567009449005,0.5306909084320068,0.4211052358150482,0.4788337349891662,0.4208564460277557,0.5374177098274231,0.5322354435920715,0.546429455280304,0.5277157425880432,0.5093240141868591,0.645184338092804,0.5087844133377075,0.631118655204773
139,0.499956727027893,0.1948627233505249,0.5498562455177307,0.2671015560626983,0.4414836168289184,0.2753845155239105,0.5486176013946533,0.3565946221351623,0.4432076215744018,0.3693828582763672,0.547763466835022,0.4373591840267181,0.4395057559013366,0.4458691775798797,0.5286734700202942,0.4299082159996032,0.4783446490764618,0.4313519299030304,0.5377800464630127,0.5418965220451355,0.545477032661438,0.5392822027206421,0.5129678249359131,0.6610313653945923,0.518673300743103,0.6622133255004883
140,0.499918520450592,0.1983518153429031,0.5486935377120972,0.2737673223018646,0.4410901367664337,0.2809303104877472,0.5451263189315796,0.3607146739959717,0.4421545565128326,0.3748433291912079,0.5460096001625061,0.4386788308620453,0.4402459859848022,0.4530222117900848,0.528907835483551,0.4361483156681061,0.4791107177734375,0.4377571940422058,0.5379008054733276,0.5502092838287354,0.541059136390686,0.5495671629905701,0.5254119038581848,0.6760432124137878,0.5284310579299927,0.6781724691390991
141,0.4995139539241791,0.2001788914203643,0.5478922128677368,0.2754654884338379,0.4403327107429504,0.2839092314243316,0.5412708520889282,0.3612932860851288,0.4411616325378418,0.3762031495571136,0.5403961539268494,0.437347412109375,0.4406593441963196,0.4546573758125305,0.5297595262527466,0.4437325000762939,0.4792518615722656,0.4445150196552276,0.5393425226211548,0.5631967186927795,0.5375975370407104,0.5620490908622742,0.5348711013793945,0.6877213716506958,0.528357207775116,0.6896296143531799
142,0.497791975736618,0.1982536762952804,0.5469995141029358,0.2737832963466644,0.4409174621105194,0.2828863859176636,0.537592351436615,0.358434796333313,0.4403352439403534,0.3742195069789886,0.536814272403717,0.4348329901695251,0.4399281442165375,0.4556071758270263,0.5300760269165039,0.4442830085754394,0.4795701801776886,0.4450288116931915,0.540020227432251,0.5608657002449036,0.5316465497016907,0.5661177635192871,0.5340468287467957,0.6811650395393372,0.5391873717308044,0.6865625381469727
143,0.4970291554927826,0.1961486637592315,0.5476755499839783,0.2719683051109314,0.4410309195518493,0.2801194190979004,0.5372282862663269,0.356141448020935,0.4392585456371307,0.3708565235137939,0.535631000995636,0.4330969154834747,0.4379924237728119,0.4517621397972107,0.5300474166870117,0.4435010552406311,0.4799452126026153,0.4443529844284057,0.5430096387863159,0.5569753646850586,0.5314595699310303,0.5657026767730713,0.5204788446426392,0.6579347252845764,0.5465683341026306,0.6950664520263672
144,0.4967359900474548,0.1952814161777496,0.5478837490081787,0.2714118063449859,0.4411400258541107,0.2790952026844024,0.538692831993103,0.3564393222332001,0.4376998543739319,0.3697880208492279,0.5381629467010498,0.434701532125473,0.4351846575736999,0.4517043232917785,0.5303651690483093,0.443350613117218,0.4801715314388275,0.4445462822914123,0.5473610758781433,0.5560360550880432,0.531240701675415,0.5690941214561462,0.5008419752120972,0.6369506120681763,0.558527946472168,0.6994975805282593
145,0.4972403347492218,0.1953805983066558,0.5493001937866211,0.271892786026001,0.441410481929779,0.2788276970386505,0.5398856401443481,0.3560733497142792,0.4376978278160095,0.3698279857635498,0.5397621393203735,0.4343329668045044,0.4342575371265411,0.4519358277320862,0.5305933952331543,0.4426115751266479,0.4802432656288147,0.4433488547801971,0.5473171472549438,0.5575249791145325,0.5311399698257446,0.5674523115158081,0.4712918698787689,0.62955242395401,0.5631335973739624,0.694978654384613
146,0.4976131021976471,0.1959514766931533,0.5504983067512512,0.2744424939155578,0.4416036009788513,0.2803100943565368,0.5405399203300476,0.3586510121822357,0.4381424784660339,0.3733449280261993,0.5394028425216675,0.4381900429725647,0.4344387352466583,0.4535207152366638,0.530641496181488,0.4442948698997497,0.4803049266338348,0.4441933035850525,0.5398702025413513,0.5641727447509766,0.5303794145584106,0.5666238069534302,0.4522383511066437,0.6320212483406067,0.5668378472328186,0.683698296546936
147,0.4983040988445282,0.2012580037117004,0.5521056056022644,0.2788728773593902,0.4417739808559418,0.2843217253684997,0.5412836074829102,0.3640379905700683,0.4407413005828857,0.3771166801452636,0.5397112369537354,0.446665346622467,0.4348737597465515,0.4608250856399536,0.5307117700576782,0.4480995237827301,0.4808427691459656,0.44837287068367,0.5264354944229126,0.5727100372314453,0.5284176468849182,0.5720465183258057,0.4411750435829162,0.6555713415145874,0.569714367389679,0.6741213202476501
148,0.5003662109375,0.2086723148822784,0.5555506944656372,0.2870648205280304,0.4438735544681549,0.2919663190841675,0.5449994206428528,0.3734628558158874,0.4441942870616913,0.3805612027645111,0.5417379140853882,0.4523234963417053,0.4407792091369629,0.4634971916675567,0.5328454375267029,0.4544691741466522,0.4828177690505981,0.4535948932170868,0.5257017612457275,0.5739530324935913,0.5233936309814453,0.5745772123336792,0.4497232735157013,0.6624789834022522,0.5698251128196716,0.6610782146453857
149,0.5024284720420837,0.2074982076883316,0.5599768161773682,0.2870785892009735,0.4480099081993103,0.2945959866046905,0.5520532727241516,0.3727855682373047,0.4477182030677795,0.3824014067649841,0.5485414862632751,0.451566994190216,0.4470840096473694,0.4641245603561401,0.5390936732292175,0.4532692730426788,0.4878877103328705,0.4529875516891479,0.528720498085022,0.5711801052093506,0.523535966873169,0.5718997716903687,0.4609250724315643,0.6654122471809387,0.5745745897293091,0.6544485092163086
150,0.5066443085670471,0.2052144855260849,0.5638161897659302,0.2840153276920318,0.452714592218399,0.2911623120307922,0.5572422742843628,0.3702821433544159,0.4530855715274811,0.38010373711586,0.5557126998901367,0.4494610130786896,0.4530106782913208,0.4620010256767273,0.5440868735313416,0.4509950280189514,0.4919799864292145,0.4510612189769745,0.5334921479225159,0.5699430108070374,0.5249603390693665,0.5701785087585449,0.4679348766803741,0.6660974621772766,0.5812467932701111,0.6598893404006958
151,0.5120658278465271,0.1955236047506332,0.5677269101142883,0.2769916355609894,0.4565243124961853,0.2849234342575073,0.5615049004554749,0.367641419172287,0.45553058385849,0.3761690855026245,0.5636352896690369,0.4488129913806915,0.4566237926483154,0.4610965847969055,0.5503514409065247,0.4484860301017761,0.4956076443195343,0.449045181274414,0.5405316948890686,0.5686197876930237,0.5342134833335876,0.5720288157463074,0.4922216236591339,0.6649917960166931,0.5919945240020752,0.6822211146354675
152,0.5204676985740662,0.1768246293067932,0.5738075971603394,0.2614850699901581,0.4625713229179382,0.2692237496376037,0.5656287670135498,0.3522495031356811,0.4585636258125305,0.3664025664329529,0.5638445615768433,0.4287596940994262,0.4617052376270294,0.4519901573657989,0.5594897270202637,0.4337715208530426,0.5036042332649231,0.4356577098369598,0.5495449304580688,0.5592901110649109,0.5462372899055481,0.5629265904426575,0.5110166072845459,0.6642658114433289,0.593326985836029,0.6883146166801453
153,0.5289880037307739,0.1615405082702636,0.5812963843345642,0.2452047318220138,0.4706804454326629,0.2521699965000152,0.5783166289329529,0.3380790948867798,0.4662192761898041,0.3468834459781647,0.5810832381248474,0.4177912771701813,0.4674883186817169,0.4311056435108185,0.5682474374771118,0.4173637330532074,0.5119115710258484,0.4195353984832763,0.5557929873466492,0.5474671721458435,0.5521935224533081,0.5468725562095642,0.5289356112480164,0.6601245999336243,0.5917385220527649,0.6820172667503357
154,0.535979151725769,0.1500661373138427,0.5874952673912048,0.2323960363864898,0.4778892993927002,0.2395965754985809,0.5843795537948608,0.3221851885318756,0.475583553314209,0.3303523063659668,0.5888336896896362,0.4004020392894745,0.4746496975421905,0.4109610617160797,0.5760002732276917,0.4033687710762024,0.5207452774047852,0.40589040517807,0.5594924092292786,0.5390936136245728,0.5568256974220276,0.5391328930854797,0.5403860807418823,0.651673436164856,0.5931314826011658,0.6751675009727478
155,0.5414700508117676,0.1429478526115417,0.5947268009185791,0.2246363908052444,0.4844595193862915,0.2311930954456329,0.5923756957054138,0.3137730062007904,0.4831760823726654,0.3247654438018799,0.5944845676422119,0.3937387764453888,0.4824199676513672,0.4022281169891357,0.5810238122940063,0.3972771465778351,0.5253669619560242,0.3987195789813995,0.5645118355751038,0.529584527015686,0.5601294040679932,0.5278030037879944,0.5421247482299805,0.6411550045013428,0.5927969813346863,0.6503297686576843
156,0.5459461808204651,0.1405330896377563,0.6015406847000122,0.2207245230674743,0.4913831353187561,0.2282416522502899,0.5971987247467041,0.3097075819969177,0.4897675812244415,0.3190416097640991,0.5943732857704163,0.3891217410564422,0.4901607930660248,0.3984533548355102,0.585896372795105,0.3926308453083038,0.5302094221115112,0.3931889832019806,0.5742056369781494,0.5237728953361511,0.5605633854866028,0.520591676235199,0.5358140468597412,0.63205486536026,0.5963320732116699,0.6288825273513794
157,0.5515193939208984,0.1410097181797027,0.6083749532699585,0.2212794423103332,0.4970855712890625,0.2308399826288223,0.6034929752349854,0.3109850883483886,0.4999950528144836,0.3234944343566894,0.6024796962738037,0.3880581259727478,0.4989595711231231,0.4060887098312378,0.5932894349098206,0.3938899934291839,0.536246120929718,0.3929866850376129,0.6027687788009644,0.5110582113265991,0.5577710270881653,0.5118666887283325,0.5292561650276184,0.6053537726402283,0.6018938422203064,0.6140916347503662
158,0.5557917952537537,0.1432019472122192,0.6148331761360168,0.2232687473297119,0.502193033695221,0.2339056432247162,0.6085166335105896,0.3120549917221069,0.5063478946685791,0.3253774344921112,0.6095937490463257,0.390864610671997,0.5028164982795715,0.406677633523941,0.602235734462738,0.3981251716613769,0.5440363883972168,0.3974526822566986,0.6270619630813599,0.521085262298584,0.5612170100212097,0.5217441320419312,0.5281512141227722,0.5731936097145081,0.6053140163421631,0.626663863658905
159,0.5586503744125366,0.1471510380506515,0.6170867085456848,0.2277509868144989,0.5044673681259155,0.2375447154045105,0.6131454706192017,0.316557914018631,0.5088730454444885,0.3292784690856933,0.6180633306503296,0.3947261869907379,0.5091957449913025,0.4106086194515228,0.6078103184700012,0.4012055993080139,0.5482443571090698,0.3976189494132995,0.6411983966827393,0.5238460302352905,0.5647596716880798,0.5347614884376526,0.5385876297950745,0.550598680973053,0.6054287552833557,0.6419680714607239
160,0.5653361678123474,0.1481360793113708,0.6219599843025208,0.2315442860126495,0.5088921785354614,0.2437764257192611,0.6199243068695068,0.3243365883827209,0.5149126052856445,0.3425739109516144,0.6249575614929199,0.4065164029598236,0.5168378353118896,0.4246256649494171,0.6132931113243103,0.4079653024673462,0.5562752485275269,0.4072221517562866,0.6500800848007202,0.5317644476890564,0.5721837878227234,0.541205883026123,0.5339792966842651,0.5416046380996704,0.6100329756736755,0.6485461592674255
161,0.5695719718933105,0.1498342901468277,0.6261382699012756,0.236459344625473,0.5135067701339722,0.2478031367063522,0.6241281032562256,0.3274027109146118,0.5190470218658447,0.3450933992862701,0.6309398412704468,0.4117483496665954,0.5232342481613159,0.4273783266544342,0.6173513531684875,0.4102184772491455,0.5587647557258606,0.413118839263916,0.6522259712219238,0.5326862335205078,0.5819701552391052,0.5472408533096313,0.5857980251312256,0.5289575457572937,0.6241022348403931,0.6517472863197327
162,0.5711066126823425,0.1509613245725631,0.6288766264915466,0.2367390245199203,0.5167278051376343,0.2479611933231353,0.6283849477767944,0.3298444151878357,0.5214362144470215,0.3448272347450256,0.6364002823829651,0.4134748578071594,0.5254270434379578,0.4280039072036743,0.6206043362617493,0.4139989614486694,0.5643545985221863,0.4149828553199768,0.6367714405059814,0.5411553382873535,0.5924748182296753,0.5489059090614319,0.5536060929298401,0.5565745234489441,0.638292670249939,0.6515964269638062
163,0.5732219219207764,0.1516061872243881,0.6323405504226685,0.2349843084812164,0.518285870552063,0.2457825094461441,0.6299441456794739,0.3277543485164642,0.5225353837013245,0.3432022929191589,0.6348104476928711,0.4132494330406189,0.5261421799659729,0.427876740694046,0.6239912509918213,0.4131775200366974,0.5693309903144836,0.4139867424964905,0.6342380046844482,0.5367274284362793,0.6055931448936462,0.5415658950805664,0.5462151169776917,0.606730043888092,0.6500232815742493,0.6515195965766907
164,0.5739139914512634,0.1512491106986999,0.6336149573326111,0.2318747043609619,0.5208375453948975,0.242422953248024,0.6351560950279236,0.3229881227016449,0.5241281986236572,0.338567703962326,0.6388581395149231,0.4113813042640686,0.5267671942710876,0.4262012541294098,0.6223087906837463,0.4094415009021759,0.5686451196670532,0.4097925424575805,0.6316247582435608,0.5354191064834595,0.6147197484970093,0.5339505672454834,0.5429502129554749,0.6089732646942139,0.6518799066543579,0.6514703035354614
165,0.5755484104156494,0.1506447941064834,0.6347501873970032,0.2307222932577133,0.5222485661506653,0.2393758594989776,0.6384496092796326,0.3215740919113159,0.5260564088821411,0.3367674648761749,0.6438959240913391,0.4086902141571045,0.5284238457679749,0.426024466753006,0.6188761591911316,0.4078479409217834,0.5664828419685364,0.4070308804512024,0.6286410093307495,0.5317571759223938,0.6156078577041626,0.525143027305603,0.5740798711776733,0.6266642212867737,0.6461198925971985,0.6303843855857849
166,0.5768306255340576,0.1509796380996704,0.6360082626342773,0.2310451120138168,0.5224955677986145,0.2400608658790588,0.6392770409584045,0.3218499422073364,0.5270141363143921,0.3368262052536011,0.6431149244308472,0.4087292551994324,0.5288233160972595,0.4267971813678741,0.6181632280349731,0.4079675078392029,0.5655625462532043,0.4065600633621216,0.6335511207580566,0.5285667777061462,0.6204423904418945,0.5219891667366028,0.611318826675415,0.6382090449333191,0.5781080722808838,0.6053342819213867
167,0.5781200528144836,0.1544003635644912,0.6358296871185303,0.23678919672966,0.5220721364021301,0.2422186285257339,0.638966977596283,0.3296619057655334,0.528527021408081,0.3407221436500549,0.644279956817627,0.4174534976482391,0.5286597609519958,0.4294972419738769,0.6165544390678406,0.4080248475074768,0.5639081597328186,0.4068436920642853,0.6297169923782349,0.5271039605140686,0.6320695877075195,0.5141627192497253,0.5928276181221008,0.6403769850730896,0.5878217816352844,0.6171888709068298
168,0.5795362591743469,0.164414569735527,0.6365407109260559,0.2460353821516037,0.5222625136375427,0.249905452132225,0.6374643445014954,0.3405436277389526,0.5262199640274048,0.3454829752445221,0.6432551741600037,0.4253075420856476,0.5267463326454163,0.4320123791694641,0.6155409216880798,0.4135641753673553,0.5635313391685486,0.4124350547790527,0.6279597282409668,0.5290678143501282,0.6276185512542725,0.5148618221282959,0.5860059261322021,0.6439856290817261,0.5924320816993713,0.6176274418830872
169,0.5794292688369751,0.1687767505645752,0.6369476318359375,0.2511139214038849,0.523025393486023,0.2539491951465606,0.6368933916091919,0.3465886116027832,0.5248909592628479,0.3482159078121185,0.642973005771637,0.4283431470394134,0.5253825783729553,0.4319289326667785,0.6147040128707886,0.4207840859889984,0.5636122226715088,0.4202480614185333,0.627504289150238,0.5351289510726929,0.6198123693466187,0.5310788154602051,0.5808172821998596,0.6554669141769409,0.5944550633430481,0.643437922000885
170,0.5791606903076172,0.1677061468362808,0.636693000793457,0.2503640949726105,0.5229834914207458,0.2536776065826416,0.6361958980560303,0.3430754542350769,0.5244516730308533,0.3483753502368927,0.6411301493644714,0.425462007522583,0.5224651098251343,0.4330366253852844,0.6145079135894775,0.420049637556076,0.5628746747970581,0.4197286367416382,0.6182333827018738,0.5386326313018799,0.6152163147926331,0.5396608710289001,0.58238685131073,0.6606643795967102,0.5909491181373596,0.6612588167190552
171,0.5784226059913635,0.1665641069412231,0.6359833478927612,0.2489491403102874,0.5221301317214966,0.2535102963447571,0.6355252861976624,0.3422838747501373,0.5205760598182678,0.3482004702091217,0.6407411098480225,0.4192997515201568,0.5187968015670776,0.4325793385505676,0.6114599704742432,0.4215127825736999,0.5572512149810791,0.4198736548423767,0.6137113571166992,0.5465615391731262,0.5764932632446289,0.5521525740623474,0.6019423007965088,0.6580191850662231,0.5634199976921082,0.6821373105049133
172,0.577692449092865,0.1612183451652526,0.6353634595870972,0.245433360338211,0.5216700434684753,0.2485645115375518,0.6348975896835327,0.3388087451457977,0.5178096294403076,0.342973381280899,0.636396050453186,0.4167392253875732,0.5132918357849121,0.428600013256073,0.6092000603675842,0.4228337705135345,0.5513613820075989,0.4210423827171325,0.6063164472579956,0.5483469367027283,0.5591343641281128,0.5582136511802673,0.604480504989624,0.6562408208847046,0.5658388137817383,0.6867716312408447
173,0.5763200521469116,0.1568479388952255,0.6352673172950745,0.2414422333240509,0.5210391283035278,0.2461430877447128,0.6307458877563477,0.3363275527954101,0.5147077441215515,0.3425621390342712,0.6299968361854553,0.4162130951881408,0.5073490738868713,0.4290077984333038,0.6041861176490784,0.4220361411571502,0.5443986058235168,0.4206210374832153,0.6060338616371155,0.5472578406333923,0.5531815886497498,0.5553029179573059,0.5963773727416992,0.6483694911003113,0.5687991380691528,0.6833813786506653
174,0.5741108655929565,0.1554242819547653,0.6319168210029602,0.2400112748146057,0.5188552141189575,0.2445379048585891,0.624203085899353,0.3339183926582336,0.5117164254188538,0.3414710164070129,0.6229768991470337,0.4157517254352569,0.5019532442092896,0.4278352558612823,0.6003153920173645,0.4223934113979339,0.539387583732605,0.4219945669174194,0.6070878505706787,0.545900821685791,0.5522237420082092,0.5590217709541321,0.5736224055290222,0.5868464112281799,0.564357340335846,0.6911768317222595
175,0.5713773369789124,0.1555288732051849,0.6296398639678955,0.240609586238861,0.5148322582244873,0.2451580911874771,0.6194496750831604,0.3326515555381775,0.5093276500701904,0.3420247137546539,0.614592969417572,0.4135504066944122,0.498704582452774,0.4280104339122772,0.5979510545730591,0.4247787594795227,0.5362486243247986,0.4252443611621856,0.6093581318855286,0.5459217429161072,0.5439391732215881,0.5665894150733948,0.53908371925354,0.5780961513519287,0.5601377487182617,0.6977153420448303
176,0.5693894624710083,0.1585916131734848,0.6275877356529236,0.2452269196510315,0.5109421610832214,0.2487340122461319,0.6164801716804504,0.3341801166534424,0.507830023765564,0.3466553092002868,0.612653374671936,0.4160438477993011,0.4963966012001037,0.4371504187583923,0.5958342552185059,0.427428126335144,0.5338468551635742,0.4284637868404388,0.6121807098388672,0.5484483242034912,0.5398117899894714,0.5728744268417358,0.530212938785553,0.5583544373512268,0.5607545375823975,0.6961040496826172
177,0.5658608675003052,0.1612534075975418,0.6269784569740295,0.2503749132156372,0.5083358287811279,0.252929538488388,0.6154527068138123,0.3406692147254944,0.5057604908943176,0.3493219017982483,0.614302933216095,0.4268523454666137,0.4933761954307556,0.4378070831298828,0.5932722091674805,0.4306873679161072,0.5306177139282227,0.4300167858600616,0.6118825078010559,0.5541264414787292,0.5439717173576355,0.5705753564834595,0.5023701786994934,0.5697749853134155,0.5625813603401184,0.6976473331451416
178,0.5652467608451843,0.1623335480690002,0.6265814304351807,0.2516218721866607,0.5064136981964111,0.2541199922561645,0.6165397763252258,0.3440483510494232,0.5035914778709412,0.3501626253128052,0.6158450841903687,0.4308591187000274,0.4915975034236908,0.4378134906291961,0.5918737053871155,0.4309671223163605,0.530803918838501,0.4298565685749054,0.5985040664672852,0.5562639236450195,0.5493597388267517,0.5695661902427673,0.4885420203208923,0.5766428112983704,0.5742050409317017,0.6949940323829651
179,0.5644028186798096,0.1621557772159576,0.6263640522956848,0.2508693337440491,0.5051754713058472,0.2540231645107269,0.6166433095932007,0.3443625271320343,0.5016673803329468,0.3497139513492584,0.615955114364624,0.4325629770755768,0.4925709664821625,0.437421977519989,0.5907769799232483,0.4301177263259887,0.5318459272384644,0.4296761453151703,0.5715571641921997,0.5559380650520325,0.5522180795669556,0.5671823024749756,0.4928476512432098,0.6281734108924866,0.5834656953811646,0.6918467283248901
180,0.5644627213478088,0.1621192246675491,0.626193106174469,0.2503498196601867,0.505393922328949,0.2534683048725128,0.6180809736251831,0.3456785082817077,0.500913679599762,0.3496563732624054,0.6179597973823547,0.4326643943786621,0.4923054277896881,0.4332184195518493,0.5905926823616028,0.4295618832111358,0.5325568914413452,0.4287524819374084,0.5710175037384033,0.5547428131103516,0.5536876916885376,0.5629651546478271,0.4871535301208496,0.6307685375213623,0.5906786322593689,0.6900801658630371
181,0.5646497011184692,0.1619249582290649,0.6262418627738953,0.2499917149543762,0.5058201551437378,0.251822292804718,0.6208480000495911,0.3447983860969543,0.5016593337059021,0.3462567031383514,0.6215934157371521,0.4315866231918335,0.4933943152427673,0.4284741282463074,0.5908715724945068,0.4292320609092712,0.5332219004631042,0.4271301627159118,0.5723769068717957,0.5541728734970093,0.5537535548210144,0.559083878993988,0.4839186072349548,0.6252793073654175,0.5912888050079346,0.6828910708427429
182,0.564696192741394,0.1629835069179535,0.6264537572860718,0.2516339421272278,0.506156861782074,0.2516864538192749,0.6235082745552063,0.3466211855411529,0.5019887089729309,0.3462534248828888,0.6258460879325867,0.4318299293518066,0.4940145611763,0.4285942912101745,0.5902500152587891,0.4291196167469024,0.5326396226882935,0.4268337786197662,0.5701001286506653,0.5536137819290161,0.554537296295166,0.5571573376655579,0.4804102182388305,0.6233673691749573,0.5903237462043762,0.6741898655891418
183,0.5657147169113159,0.1698986291885376,0.6272919774055481,0.2596656680107116,0.507277250289917,0.2571114301681518,0.6245540380477905,0.3535465896129608,0.5023984909057617,0.3516824841499328,0.6260475516319275,0.438439130783081,0.4952796101570129,0.4321184754371643,0.5896721482276917,0.4360750317573547,0.5324782133102417,0.4300550818443298,0.5614563822746277,0.5578377842903137,0.5511523485183716,0.5598158240318298,0.4827089011669159,0.6480598449707031,0.5916522145271301,0.6664023399353027
184,0.5692222118377686,0.1763418763875961,0.6302759051322937,0.2671752572059631,0.5102859735488892,0.2639479041099548,0.6285941004753113,0.3594183325767517,0.502679169178009,0.3558936715126037,0.6280365586280823,0.4427293241024017,0.4971717000007629,0.4344119727611542,0.5889467597007751,0.4394125938415527,0.5318338871002197,0.4314959645271301,0.5561310052871704,0.5587756037712097,0.5433585047721863,0.5620712637901306,0.4845412671566009,0.6601443886756897,0.5957675576210022,0.6578850150108337
185,0.5733781456947327,0.1790953576564788,0.6340031623840332,0.2717463672161102,0.515146017074585,0.2670567333698272,0.6333030462265015,0.3615662455558777,0.5038307905197144,0.3556515574455261,0.631276547908783,0.4429291486740112,0.4984447062015533,0.4343035519123077,0.5892077684402466,0.4431339204311371,0.5321553349494934,0.4341462552547455,0.5498214364051819,0.5589579343795776,0.5353105068206787,0.5620260238647461,0.4890545010566711,0.6631167531013489,0.5953124165534973,0.6482753157615662
186,0.5777139067649841,0.1816959530115127,0.6369787454605103,0.2721419036388397,0.5178862810134888,0.2672692835330963,0.6367231011390686,0.3640444874763489,0.5048526525497437,0.3564616441726684,0.6357441544532776,0.4460691213607788,0.4998343288898468,0.4345516264438629,0.5903365612030029,0.4451765418052673,0.5328305959701538,0.4359411001205444,0.5534172654151917,0.56294184923172,0.532920777797699,0.5618624687194824,0.4924907684326172,0.6598443984985352,0.5969385504722595,0.652148962020874
187,0.5817957520484924,0.1792907863855362,0.6410189270973206,0.2693682909011841,0.5218188166618347,0.2654549777507782,0.6396948099136353,0.36153644323349,0.5102404952049255,0.3563132286071777,0.6402765512466431,0.4450670778751373,0.501311182975769,0.4346506893634796,0.5988287329673767,0.4434157907962799,0.5370787978172302,0.4354046285152435,0.5741410851478577,0.5657848715782166,0.5353649854660034,0.5616472363471985,0.5222962498664856,0.6527697443962097,0.5963122844696045,0.6662454605102539
188,0.5838826298713684,0.1718342304229736,0.6430262923240662,0.2645096778869629,0.5236509442329407,0.2611833810806274,0.6415892839431763,0.3541950583457947,0.511786699295044,0.3551677763462066,0.6443981528282166,0.4312241375446319,0.5041602849960327,0.4309236407279968,0.6047691702842712,0.4422106146812439,0.5407858490943909,0.4351938962936401,0.5940098762512207,0.562188446521759,0.5366377234458923,0.5607243180274963,0.548489511013031,0.6447243094444275,0.5947968363761902,0.6685043573379517
189,0.5851584672927856,0.1668388247489929,0.6440187692642212,0.2574983835220337,0.5252532362937927,0.2533949613571167,0.6438063383102417,0.3436205983161926,0.5136856436729431,0.347399890422821,0.6471320986747742,0.4177975952625274,0.5081309676170349,0.4216161966323852,0.6074837446212769,0.4329261481761932,0.5427688956260681,0.4310405254364013,0.6123020052909851,0.5549001693725586,0.5460245609283447,0.5584838390350342,0.586309015750885,0.6345342993736267,0.5852993130683899,0.6674816012382507
190,0.5872234106063843,0.1631198078393936,0.6459059119224548,0.2523125112056732,0.5264073014259338,0.2520733177661896,0.6450331211090088,0.341067373752594,0.5139897465705872,0.3466874957084656,0.6472885608673096,0.4161338806152344,0.5101514458656311,0.4227523803710937,0.6106531620025635,0.429743617773056,0.5457074046134949,0.4290748536586761,0.6154090166091919,0.548636794090271,0.5573108196258545,0.5585527420043945,0.6148435473442078,0.6338353753089905,0.5798060297966003,0.6684781312942505
191,0.587635338306427,0.1631825268268585,0.646537721157074,0.2515527009963989,0.5276517271995544,0.2523816227912903,0.6458224654197693,0.3409402072429657,0.51444411277771,0.3467938601970672,0.64829021692276,0.4168502688407898,0.5117849707603455,0.4232461154460907,0.6144575476646423,0.4239749610424042,0.5511412024497986,0.4264580607414245,0.6162343621253967,0.5399536490440369,0.5680758357048035,0.5573992133140564,0.6364486217498779,0.6293420791625977,0.5809250473976135,0.6725835204124451
192,0.5872064232826233,0.1641070544719696,0.6459891200065613,0.2518713772296905,0.5271857976913452,0.2582959234714508,0.6467183232307434,0.3435816168785095,0.5145900249481201,0.3523575663566589,0.6489325761795044,0.4186344146728515,0.5123686194419861,0.4309819042682647,0.6187242269515991,0.4249362647533417,0.5549861788749695,0.4274823367595672,0.622290313243866,0.5422645211219788,0.5816376805305481,0.5574433207511902,0.6394765377044678,0.6314255595207214,0.5962018370628357,0.6722374558448792
193,0.587385356426239,0.1723286211490631,0.6463034152984619,0.2592169642448425,0.5279097557067871,0.2685578763484955,0.6461881995201111,0.3490400016307831,0.5144200921058655,0.3605985045433044,0.6484582424163818,0.4187374114990234,0.5121601819992065,0.4406481385231018,0.6191956400871277,0.4319874942302704,0.5587382912635803,0.4356350004673004,0.6230215430259705,0.5490827560424805,0.5949363112449646,0.5601915717124939,0.6171324253082275,0.6082454919815063,0.6198974847793579,0.6722433567047119
194,0.5871654152870178,0.1799568831920623,0.6462216973304749,0.2686823606491089,0.5285093784332275,0.2773560285568237,0.6455869674682617,0.3599311709403991,0.5142402648925781,0.3667834401130676,0.6480700373649597,0.4296456575393677,0.5131713151931763,0.4462184011936188,0.6217352151870728,0.437568336725235,0.5620645880699158,0.4400002062320709,0.62460857629776,0.552501916885376,0.6051778793334961,0.5608100295066833,0.6021835803985596,0.652008593082428,0.6468124985694885,0.6721745133399963
195,0.5869811177253723,0.1882196217775344,0.6458778381347656,0.2779944241046905,0.5284761786460876,0.2853717803955078,0.6454048156738281,0.3686560392379761,0.5137228965759277,0.3767727017402649,0.6452125310897827,0.4423653781414032,0.5150487422943115,0.4553903043270111,0.6214048862457275,0.4463579952716827,0.5628180503845215,0.4487552642822265,0.6216765642166138,0.5745265483856201,0.6070189476013184,0.5743513107299805,0.578766405582428,0.6956759691238403,0.6657004356384277,0.6726536154747009
196,0.586732029914856,0.1944953948259353,0.645641565322876,0.2852854132652282,0.5281421542167664,0.2912996709346771,0.6453114748001099,0.3766241371631622,0.5127270817756653,0.3823660016059875,0.6423770189285278,0.4470668435096741,0.5152453780174255,0.4603017270565033,0.6197710037231445,0.4586014747619629,0.5612692832946777,0.4589716494083404,0.6159602403640747,0.5992570519447327,0.5967954397201538,0.5843926072120667,0.5725007653236389,0.7280005812644958,0.6605881452560425,0.6461565494537354
197,0.5868531465530396,0.1948334872722625,0.6466129422187805,0.2862568199634552,0.5280351638793945,0.2940790057182312,0.6473293304443359,0.3745929300785064,0.5133153200149536,0.3831805288791656,0.6433591842651367,0.4480185508728027,0.5172890424728394,0.4570887386798858,0.6190981268882751,0.463552176952362,0.5600451231002808,0.4639149606227875,0.6149779558181763,0.6079602837562561,0.5899813771247864,0.5927000045776367,0.5729688405990601,0.7349359393119812,0.6485127210617065,0.6070135235786438
198,0.5867162346839905,0.1919820010662078,0.6473456621170044,0.2838660478591919,0.5276790857315063,0.2913753390312195,0.6475039720535278,0.3765438497066498,0.5134884119033813,0.3830095529556274,0.6423470377922058,0.4564810991287231,0.5211676359176636,0.4565232992172241,0.6185268759727478,0.4607861042022705,0.559360682964325,0.4625548422336578,0.6193290948867798,0.6012325882911682,0.5764796137809753,0.5985535383224487,0.5794004201889038,0.7315837144851685,0.5930812954902649,0.5446280837059021
199,0.585267961025238,0.1888013780117035,0.6471526622772217,0.2754949331283569,0.5271997451782227,0.2793230712413788,0.6512080430984497,0.3731918036937713,0.5134537816047668,0.3663172721862793,0.6516701579093933,0.4571452140808105,0.5200538039207458,0.4397418200969696,0.6187340021133423,0.4588410258293152,0.5584844946861267,0.4553185403347015,0.619093120098114,0.5963085889816284,0.5653747320175171,0.5887492895126343,0.5889154076576233,0.7267962694168091,0.5868933200836182,0.515556275844574
200,0.5852499008178711,0.1643080711364746,0.6471521854400635,0.2508129477500915,0.5267913937568665,0.255473643541336,0.6507655382156372,0.353929191827774,0.5134726762771606,0.3423056006431579,0.6540091037750244,0.4404730498790741,0.5179516673088074,0.4197052121162414,0.6184790134429932,0.4336389005184173,0.5564697980880737,0.4277782738208771,0.6181637644767761,0.5848748683929443,0.5462319254875183,0.556537389755249,0.5973819494247437,0.723407506942749,0.4848992228507995,0.4684709012508392
201,0.5852607488632202,0.1365919262170791,0.6470496654510498,0.2262641638517379,0.5247589349746704,0.2304558604955673,0.6504586338996887,0.3274013698101043,0.5126321911811829,0.3217283189296722,0.6538236141204834,0.4123799502849579,0.5077981352806091,0.4062729179859161,0.6185964345932007,0.415614902973175,0.5562171339988708,0.4113937020301819,0.6180346608161926,0.5802307724952698,0.5434698462486267,0.5424624681472778,0.6050561666488647,0.720271646976471,0.4885323345661163,0.4673937559127807
202,0.5856713652610779,0.1144725680351257,0.6471093893051147,0.201023519039154,0.5238713026046753,0.2101671397686004,0.6499810218811035,0.2986052632331848,0.5120516419410706,0.3055056631565094,0.6523905992507935,0.3886224925518036,0.5022194385528564,0.3919936418533325,0.6188535690307617,0.3984707593917846,0.5560915470123291,0.3946419656276703,0.6176478862762451,0.5603792071342468,0.5450731515884399,0.531751275062561,0.6075159907341003,0.7130956649780273,0.4755527973175049,0.4482174217700958
203,0.5864661931991577,0.0964489728212356,0.647633969783783,0.1851247549057006,0.5236014723777771,0.1966651976108551,0.6480789184570312,0.2835849523544311,0.513993501663208,0.290916234254837,0.6506321430206299,0.3715229034423828,0.5035602450370789,0.3782692849636078,0.6202715635299683,0.3872008323669433,0.5561460852622986,0.382561057806015,0.6182524561882019,0.5467650890350342,0.5610033273696899,0.5204293727874756,0.6063817739486694,0.7050361037254333,0.4886066019535064,0.4572114646434784
204,0.5870508551597595,0.0829918757081031,0.6491712331771851,0.1745259016752243,0.5241084098815918,0.1811048239469528,0.6479207277297974,0.2741145193576813,0.5148680210113525,0.2758782505989074,0.6483497023582458,0.3611215353012085,0.5042989253997803,0.3632557392120361,0.6204000115394592,0.3722253143787384,0.5560487508773804,0.3662635385990143,0.6179880499839783,0.5332652926445007,0.5554049015045166,0.5076863765716553,0.603863537311554,0.6935625076293945,0.4870364367961883,0.454169750213623
205,0.5878311991691589,0.0767813250422477,0.6491727828979492,0.1670055836439132,0.5265260338783264,0.1691109091043472,0.6478016376495361,0.2689264416694641,0.5157427191734314,0.2647596001625061,0.6482449173927307,0.3542885780334472,0.5047191977500916,0.3504059612751007,0.6203044056892395,0.3601052463054657,0.5561258792877197,0.3534063100814819,0.6158843636512756,0.5127463936805725,0.5558799505233765,0.4982761740684509,0.6026843190193176,0.6815047264099121,0.4897710978984833,0.4799471497535705
206,0.5891180038452148,0.0725950747728347,0.6497215032577515,0.1647003293037414,0.5265977382659912,0.1638579815626144,0.6477138996124268,0.2673852741718292,0.5161097049713135,0.2623450458049774,0.6480315923690796,0.3555055558681488,0.5050550103187561,0.3509851098060608,0.6194201707839966,0.3593134880065918,0.5553387999534607,0.3522609174251556,0.615450918674469,0.5128332376480103,0.5536993741989136,0.4914872944355011,0.6015894412994385,0.6763800978660583,0.4949549734592438,0.4895561933517456
207,0.59141606092453,0.0682543665170669,0.6525478363037109,0.1623220741748809,0.5265845656394958,0.1634260267019271,0.6501667499542236,0.2630367577075958,0.5164753794670105,0.261276364326477,0.6491551399230957,0.3531303107738495,0.5052770972251892,0.3506694138050079,0.6193500757217407,0.3626531958580017,0.5546687245368958,0.3552336692810058,0.6154206991195679,0.5167890191078186,0.5517221093177795,0.496540755033493,0.6027556657791138,0.6761478185653687,0.5023407340049744,0.4914044141769409
208,0.5938217043876648,0.070545844733715,0.656183660030365,0.1640606820583343,0.5277388691902161,0.1646965146064758,0.6543370485305786,0.2673526704311371,0.5184714198112488,0.2646048367023468,0.6530402898788452,0.3592196702957153,0.5060266852378845,0.3561796844005584,0.6194548010826111,0.3656008541584015,0.5539854764938354,0.3581137359142303,0.6154524087905884,0.5232930779457092,0.5523766279220581,0.4949672818183899,0.6051250696182251,0.6774892807006836,0.5078334212303162,0.485461413860321
209,0.5958598256111145,0.0750078111886978,0.6577995419502258,0.1697946935892105,0.5287134647369385,0.1698659211397171,0.6555091142654419,0.2725272178649902,0.5220898389816284,0.2701281905174255,0.6535217761993408,0.3644035458564758,0.5126466155052185,0.3608928322792053,0.6194765567779541,0.3717084228992462,0.5506823062896729,0.3654673993587494,0.6154645681381226,0.5237253904342651,0.5499770641326904,0.4983420968055725,0.6056622862815857,0.6788228154182434,0.5300441980361938,0.5160210728645325
210,0.5961021184921265,0.0800833255052566,0.6598665118217468,0.1757018566131591,0.5304959416389465,0.1763180047273636,0.6594859957695007,0.2770982384681701,0.5208892226219177,0.2747817635536194,0.6568988561630249,0.3650563657283783,0.5124754309654236,0.364936500787735,0.620644211769104,0.3726005256175995,0.5506916046142578,0.3666447401046753,0.6185144782066345,0.5266373753547668,0.5508829951286316,0.5113365054130554,0.605384349822998,0.68031907081604,0.5443294644355774,0.5703030228614807
211,0.5968562960624695,0.0881605297327041,0.6621021032333374,0.1799649149179458,0.5321739912033081,0.1802365183830261,0.6621571183204651,0.2841623425483703,0.5206024050712585,0.2774263322353363,0.6606124639511108,0.3713462054729461,0.512971043586731,0.3737589418888092,0.6218520402908325,0.391820877790451,0.5506799817085266,0.3883511424064636,0.6191056370735168,0.541570782661438,0.5502694249153137,0.5456899404525757,0.6049981713294983,0.6889216303825378,0.5555540919303894,0.6791622042655945
212,0.5973837375640869,0.1105712279677391,0.6634100675582886,0.2035877257585525,0.5326550602912903,0.2031411081552505,0.6657764315605164,0.3086441159248352,0.5257049798965454,0.2999911904335022,0.6657674908638,0.3926328420639038,0.514830470085144,0.3814937174320221,0.6231266260147095,0.413354754447937,0.5506609678268433,0.4096032977104187,0.6176352500915527,0.560560941696167,0.5487234592437744,0.5640551447868347,0.6005071401596069,0.6959421038627625,0.5512693524360657,0.715431809425354
213,0.5978257656097412,0.1402656286954879,0.6644790768623352,0.2319652587175369,0.5328701734542847,0.2293959259986877,0.6683565974235535,0.3384572863578796,0.529417097568512,0.3261856734752655,0.6754729747772217,0.4243261516094208,0.5162584781646729,0.4002551734447479,0.6236292719841003,0.4369051158428192,0.5501289963722229,0.4320471584796905,0.6184055805206299,0.5717593431472778,0.5450922846794128,0.577807605266571,0.6033401489257812,0.6954451203346252,0.5472984910011292,0.7337640523910522
214,0.5976336002349854,0.1632962673902511,0.6646146178245544,0.2565966248512268,0.5341368913650513,0.2515462040901184,0.6689698696136475,0.3610499799251556,0.5365965366363525,0.3438283503055572,0.6775045990943909,0.4455211162567138,0.5272495746612549,0.4135756194591522,0.6236419081687927,0.4507845938205719,0.5500659346580505,0.4452425539493561,0.6218793988227844,0.5765231847763062,0.5401887893676758,0.5832098722457886,0.6111376285552979,0.6962909698486328,0.5275799036026001,0.7334842085838318
215,0.597571074962616,0.1768986880779266,0.6642408967018127,0.2691664397716522,0.5372269749641418,0.2647088468074798,0.6697009801864624,0.3721828460693359,0.5405910611152649,0.3544163405895233,0.6793709993362427,0.4633272886276245,0.5304661989212036,0.4258885383605957,0.6240659356117249,0.4641552865505218,0.5506649017333984,0.4588373005390167,0.6330339908599854,0.5850235819816589,0.5334234833717346,0.5851944088935852,0.6217948794364929,0.6972112655639648,0.513343870639801,0.7222102880477905
216,0.5973461270332336,0.1752859503030777,0.6639780402183533,0.2702062129974365,0.5382742881774902,0.2663064897060394,0.6702296733856201,0.3743788003921509,0.5425900220870972,0.3571873605251312,0.6793044805526733,0.4640771150588989,0.536638617515564,0.4371112883090973,0.6256212592124939,0.4606413245201111,0.5509308576583862,0.4570505321025848,0.6399608850479126,0.580777108669281,0.5324469208717346,0.5879306793212891,0.6354846954345703,0.6947590708732605,0.5041345953941345,0.722737729549408
217,0.5974619388580322,0.1680223494768142,0.6638583540916443,0.2632528245449066,0.5379856824874878,0.2598103284835815,0.6700587272644043,0.3652994334697723,0.540437638759613,0.3452427685260772,0.679015040397644,0.4550491869449615,0.533582329750061,0.4241325259208679,0.62549889087677,0.4567551016807556,0.5509446263313293,0.453898012638092,0.6361157298088074,0.580512285232544,0.5310326218605042,0.596585750579834,0.639063835144043,0.694107174873352,0.5030332207679749,0.732021152973175
218,0.596612274646759,0.160199373960495,0.6627258658409119,0.2563099563121795,0.533342719078064,0.2544589340686798,0.6694640517234802,0.3625820875167846,0.5323343276977539,0.3397456407546997,0.677493155002594,0.4478357434272766,0.5303720831871033,0.4191050231456756,0.6230255365371704,0.4537871778011322,0.5489744544029236,0.4522927701473236,0.6263132691383362,0.5817646384239197,0.5299147963523865,0.6058680415153503,0.631850004196167,0.6907436847686768,0.5069373846054077,0.7490131855010986
219,0.5962651371955872,0.1561305820941925,0.6623820662498474,0.2518269419670105,0.5300518274307251,0.2498540729284286,0.669062614440918,0.3591543734073639,0.5162796378135681,0.3309853076934814,0.6767117977142334,0.443744033575058,0.5136495232582092,0.416091650724411,0.621286153793335,0.4531581997871399,0.5470824837684631,0.4505551159381866,0.6180080771446228,0.5796282887458801,0.5313719511032104,0.6069654822349548,0.6129226684570312,0.6897319555282593,0.5097460746765137,0.7642999291419983
220,0.5932311415672302,0.1551943719387054,0.6609089374542236,0.2491959482431411,0.525534987449646,0.2475379705429077,0.6688693761825562,0.3559586703777313,0.5137965083122253,0.339892715215683,0.6765347123146057,0.4420932829380035,0.5114297270774841,0.4326781332492828,0.6178925037384033,0.4518874585628509,0.5449819564819336,0.4489645659923553,0.6045764684677124,0.5815528631210327,0.5316693782806396,0.6079532504081726,0.5849513411521912,0.6898474097251892,0.5249724984169006,0.7688233852386475
221,0.5883979201316833,0.1453981250524521,0.658911406993866,0.2488512396812439,0.5228122472763062,0.2461964786052703,0.6652124524116516,0.355072557926178,0.5123924016952515,0.3503500819206238,0.6716155409812927,0.4498695731163025,0.5038003325462341,0.4452323019504547,0.611839234828949,0.4494993388652801,0.5432929396629333,0.4463279843330383,0.5841735005378723,0.5800455808639526,0.5329932570457458,0.6037428379058838,0.5702499151229858,0.6827055811882019,0.5355029702186584,0.7678667902946472
222,0.58331298828125,0.1409185975790023,0.6549644470214844,0.2484010457992553,0.5175529718399048,0.2454239577054977,0.6622337698936462,0.3544374406337738,0.5099277496337891,0.3544906675815582,0.6634372472763062,0.4525416493415832,0.4946073889732361,0.4475459158420563,0.6045008897781372,0.4493228495121002,0.5381436944007874,0.4460837841033935,0.5610148906707764,0.5883487462997437,0.533262312412262,0.6035139560699463,0.5353202223777771,0.6835024952888489,0.5368343591690063,0.7605648636817932
223,0.5726990699768066,0.1400280892848968,0.6446333527565002,0.2469784468412399,0.5043845772743225,0.2462706267833709,0.6490982174873352,0.3536158800125122,0.4967601895332336,0.3553625345230102,0.65092533826828,0.4500294923782348,0.484397679567337,0.4495649039745331,0.5970235466957092,0.4491406679153442,0.5326175093650818,0.4461634755134582,0.5436760187149048,0.5917611122131348,0.5307440757751465,0.6117031574249268,0.4821636974811554,0.6840254664421082,0.5372660160064697,0.7805454730987549
224,0.5659013986587524,0.1401185393333435,0.6363446712493896,0.2467846274375915,0.49683278799057,0.2493944764137268,0.6376453638076782,0.3584895133972168,0.4928220510482788,0.3588440716266632,0.6391112804412842,0.4646163880825043,0.4798462390899658,0.4547097980976105,0.5924115180969238,0.4546121060848236,0.5277332067489624,0.4503631889820099,0.5392559766769409,0.601557731628418,0.5293216705322266,0.6181000471115112,0.456529289484024,0.6878135800361633,0.5463128685951233,0.7874918580055237
225,0.5598278045654297,0.1406773626804351,0.6291659474372864,0.2463386952877044,0.4914692342281341,0.2503470182418823,0.6311091780662537,0.3592967092990875,0.4885278940200805,0.3603455126285553,0.6328213810920715,0.4646350443363189,0.4774517118930816,0.4566203951835632,0.5847261548042297,0.4559510946273803,0.5227296948432922,0.4523353576660156,0.5357645153999329,0.608559250831604,0.5299890637397766,0.6216198801994324,0.4360207915306091,0.6894082427024841,0.5532141923904419,0.7904344201087952
226,0.5541708469390869,0.1428783237934112,0.6239804029464722,0.2474864274263382,0.4864439368247986,0.2511875629425049,0.6288621425628662,0.363920509815216,0.4824959933757782,0.3603513836860657,0.6278329491615295,0.4704032838344574,0.4738122820854187,0.453108012676239,0.5791073441505432,0.4567201435565948,0.5151224732398987,0.4522375762462616,0.5348853468894958,0.6125481128692627,0.5288637280464172,0.6239207983016968,0.4256264567375183,0.6944685578346252,0.5600699782371521,0.785585343837738
227,0.5483165383338928,0.1437777727842331,0.6196005344390869,0.2494576722383499,0.4791659116744995,0.2528746426105499,0.6272410750389099,0.3660781979560852,0.4735212028026581,0.3591362535953522,0.6266651153564453,0.4696361124515533,0.4680234789848327,0.4515107572078705,0.5736215710639954,0.4597286581993103,0.5079483985900879,0.4552837014198303,0.5314295291900635,0.6177178025245667,0.5146811008453369,0.6273689270019531,0.4233750104904175,0.7165370583534241,0.5562585592269897,0.7761897444725037
228,0.5433463454246521,0.1500383019447326,0.6175152063369751,0.2571700811386108,0.4794787168502807,0.2582521438598633,0.6270604133605957,0.3759492337703705,0.469370424747467,0.3650430142879486,0.621866762638092,0.4836743772029876,0.4678912162780761,0.4519987404346466,0.5685089230537415,0.4688855111598968,0.5016810297966003,0.4633426368236542,0.519762396812439,0.6343691349029541,0.5057550072669983,0.6317778825759888,0.4319886863231659,0.763360321521759,0.5563304424285889,0.7598164081573486
229,0.5429226160049438,0.1594721972942352,0.6169042587280273,0.2656002342700958,0.4785879254341125,0.2653121054172516,0.6246776580810547,0.3809672892093658,0.4682762920856476,0.3722232282161712,0.6180663108825684,0.4871729612350464,0.4655301868915558,0.4607131481170654,0.5637044906616211,0.4759769737720489,0.4950045347213745,0.4689497649669647,0.5149044394493103,0.6344041228294373,0.4978856444358825,0.6301817297935486,0.4306502938270569,0.7660871148109436,0.554147481918335,0.7256929278373718
230,0.5414943099021912,0.1612749993801117,0.617222249507904,0.2679271697998047,0.4754784405231476,0.267493337392807,0.6214776635169983,0.380843847990036,0.46713387966156,0.377442717552185,0.6170008778572083,0.4843318462371826,0.459689199924469,0.4653967022895813,0.5615930557250977,0.4766443371772766,0.4909024238586426,0.4686984121799469,0.5124760270118713,0.6292622089385986,0.500220537185669,0.627877414226532,0.4324684143066406,0.7706312537193298,0.5514822006225586,0.7273612022399902
231,0.543597936630249,0.157510370016098,0.617435097694397,0.2651018500328064,0.4755717813968658,0.2657685279846191,0.6200152635574341,0.3776277303695678,0.4652541577816009,0.3730108439922333,0.6136532425880432,0.4805280864238739,0.4511753618717193,0.4644944369792938,0.5604490637779236,0.4732241630554199,0.4920430779457092,0.4664585590362549,0.5049726963043213,0.6287413239479065,0.5052943825721741,0.6290849447250366,0.4302859902381897,0.7713557481765747,0.5427110195159912,0.775254487991333
232,0.545386016368866,0.1415171325206756,0.6188271045684814,0.2515456974506378,0.4776763021945953,0.2436142861843109,0.6193564534187317,0.3719033002853393,0.461092472076416,0.3573577105998993,0.6073036193847656,0.4734804928302765,0.4491484463214874,0.4618735015392303,0.5618752241134644,0.4656257927417755,0.4951905906200409,0.4596196413040161,0.507249116897583,0.6255357265472412,0.5120304822921753,0.6285755634307861,0.4344766438007355,0.7637660503387451,0.5324929356575012,0.8022266030311584
233,0.5468010306358337,0.1268447786569595,0.6195271611213684,0.2375475168228149,0.4782005250453949,0.2286663055419922,0.6191295981407166,0.361875832080841,0.4605658650398254,0.350480854511261,0.6053300499916077,0.4597722887992859,0.4499626457691192,0.4566241800785064,0.5622548460960388,0.456803947687149,0.4963088929653168,0.4515387117862701,0.5123482942581177,0.6224147081375122,0.5142712593078613,0.6267838478088379,0.4302079081535339,0.7561447024345398,0.5333227515220642,0.8042418360710144
234,0.5478401184082031,0.1198763027787208,0.6201910376548767,0.2307634204626083,0.4790835380554199,0.2232236862182617,0.6178357005119324,0.3474359810352325,0.4601761698722839,0.3442213237285614,0.6050310134887695,0.439026266336441,0.4494606554508209,0.4480569958686828,0.5609605312347412,0.4496439695358276,0.4943560659885406,0.4435899555683136,0.5224953889846802,0.6175508499145508,0.5188532471656799,0.6235983371734619,0.4283591508865356,0.7244389057159424,0.5451235771179199,0.7980775833129883
235,0.5480238795280457,0.1190115958452224,0.620830774307251,0.2272499650716781,0.4798133075237274,0.2243538051843643,0.6189551949501038,0.3460639417171478,0.4625474810600281,0.345359206199646,0.6056697964668274,0.4410040080547333,0.4522136151790619,0.4486245512962341,0.5619533658027649,0.4495721459388733,0.4952698051929474,0.4426122903823852,0.5380780100822449,0.617289662361145,0.5377432703971863,0.6213670372962952,0.4249561727046966,0.6985317468643188,0.5541878342628479,0.7917938232421875
236,0.5498347282409668,0.1182701662182807,0.6242842078208923,0.226867526769638,0.4807301759719848,0.2260250747203827,0.6194268465042114,0.3470245003700256,0.4639493227005005,0.3456543684005737,0.6078873872756958,0.4449617564678192,0.454397976398468,0.4555084109306335,0.5647478103637695,0.4503628611564636,0.4962798953056335,0.4435769021511078,0.547203004360199,0.6172540187835693,0.5399227142333984,0.6213001608848572,0.4306591153144836,0.7087846994400024,0.5676231980323792,0.7907686233520508
237,0.556674599647522,0.1203859969973564,0.6292354464530945,0.2291780263185501,0.4818453788757324,0.2275017201900482,0.6229187846183777,0.3476577401161194,0.4691389203071594,0.3527096509933471,0.6211634874343872,0.4632608294486999,0.4619583487510681,0.4581367373466491,0.5740728974342346,0.4543467760086059,0.5021639466285706,0.4482704699039459,0.5459444522857666,0.6256545186042786,0.5397232174873352,0.6279007196426392,0.4450739920139313,0.7724761366844177,0.5827146172523499,0.7876189947128296
238,0.5657392144203186,0.1253553330898285,0.6374934315681458,0.2306866943836212,0.4885444343090057,0.2306245565414428,0.6322452425956726,0.3535754382610321,0.4751677215099334,0.3527325391769409,0.6305068731307983,0.4714630246162414,0.4692537188529968,0.4576863944530487,0.584133505821228,0.463339239358902,0.5146691799163818,0.4563744962215423,0.5348862409591675,0.6337094306945801,0.5394340753555298,0.6323537230491638,0.4472571015357971,0.793050229549408,0.5849290490150452,0.7955741286277771
239,0.5723666548728943,0.1284292340278625,0.6437763571739197,0.2391560822725296,0.4941248297691345,0.2398009598255157,0.6402860283851624,0.3652726411819458,0.4824672341346741,0.359565407037735,0.6405360698699951,0.4790822863578796,0.4721090495586395,0.4642357230186462,0.594761312007904,0.4775945842266083,0.5230410099029541,0.4671667814254761,0.5318928360939026,0.6426047682762146,0.5404663681983948,0.6408720016479492,0.4486267566680908,0.7977820634841919,0.5842666029930115,0.8089430332183838
240,0.5785800218582153,0.1307536959648132,0.6486625671386719,0.2439288198947906,0.5006148815155029,0.2446145415306091,0.6448180079460144,0.3687905669212341,0.4902463257312774,0.3601687848567962,0.6431652903556824,0.4847041666507721,0.4753929078578949,0.46351158618927,0.6037092208862305,0.484381228685379,0.5311077237129211,0.4751374423503876,0.5423988103866577,0.6550067663192749,0.549895703792572,0.6578257083892822,0.4633172750473022,0.7885197401046753,0.5850977301597595,0.8221879601478577
241,0.5869418382644653,0.13283072412014,0.6529456377029419,0.2448152899742126,0.505456268787384,0.2465674877166748,0.64812171459198,0.3685919046401977,0.4941873252391815,0.3604618608951568,0.6432087421417236,0.4825581014156341,0.4828450977802276,0.4671887159347534,0.6152075529098511,0.4856646656990051,0.5396555066108704,0.4792475700378418,0.5964122414588928,0.6531816124916077,0.5650569796562195,0.6666653156280518,0.4988681077957153,0.7821097373962402,0.5892654657363892,0.8313377499580383
242,0.5922057628631592,0.1328688263893127,0.6596624851226807,0.2448790669441223,0.5130140781402588,0.2472831308841705,0.6582117676734924,0.3678240180015564,0.500418484210968,0.3689754605293274,0.6589715480804443,0.4799300730228424,0.4936413764953613,0.4752774834632873,0.6243670582771301,0.484606921672821,0.5489099025726318,0.4806475043296814,0.6440718770027161,0.6488564610481262,0.5664774775505066,0.6629235744476318,0.5386737585067749,0.7394076585769653,0.5902908444404602,0.8352029323577881
243,0.5964745283126831,0.1313740462064743,0.6634819507598877,0.2412476390600204,0.5196506977081299,0.2468142658472061,0.6685398817062378,0.3609687685966491,0.507645308971405,0.3678340017795563,0.6751059889793396,0.4642764627933502,0.5033033490180969,0.4738747775554657,0.6305888295173645,0.4839268028736114,0.5533531308174133,0.4775048196315765,0.664727509021759,0.6422978043556213,0.5688539743423462,0.6587603092193604,0.5735726356506348,0.720594048500061,0.592156708240509,0.8268217444419861
244,0.6012099981307983,0.1241740509867668,0.6678964495658875,0.2344664633274078,0.5231289863586426,0.244084745645523,0.6746606230735779,0.3538964688777923,0.5099875330924988,0.3645612597465515,0.6892850399017334,0.4635055661201477,0.5047953128814697,0.4722992479801178,0.6416823863983154,0.4777205288410187,0.560207724571228,0.4771932065486908,0.6687189936637878,0.6383795142173767,0.5740125775337219,0.6559152603149414,0.6149839758872986,0.7382698059082031,0.5990827083587646,0.8243701457977295
245,0.6052733659744263,0.1135639622807502,0.6722156405448914,0.2242997884750366,0.5280675292015076,0.233331486582756,0.677733302116394,0.3465793430805206,0.5145476460456848,0.344684362411499,0.6907020807266235,0.4520327746868133,0.506615936756134,0.4502910077571869,0.6521348357200623,0.4675349295139313,0.569311797618866,0.4677844047546386,0.6699567437171936,0.6351106762886047,0.5847898125648499,0.6502100825309753,0.6501794457435608,0.7926264405250549,0.6049381494522095,0.8200536966323853
246,0.6076846122741699,0.1058990284800529,0.6760942935943604,0.2152476012706756,0.5311407446861267,0.2278802245855331,0.6795246601104736,0.3384216129779815,0.520871102809906,0.3442874848842621,0.6854241490364075,0.4419886171817779,0.5153248310089111,0.4481762051582336,0.6579992771148682,0.4578231275081634,0.5733890533447266,0.4603917002677917,0.6723158359527588,0.6235836744308472,0.5955473780632019,0.6431776881217957,0.6617737412452698,0.7977395057678223,0.6234995126724243,0.8010087013244629
247,0.6114518642425537,0.1028631180524826,0.6786883473396301,0.2116162478923797,0.5360289812088013,0.2230109125375747,0.6816552877426147,0.3362082242965698,0.5302992463111877,0.3428166508674621,0.6865981817245483,0.4391083121299743,0.5253069400787354,0.4498204588890075,0.6606903076171875,0.4480196535587311,0.5772661566734314,0.4503456950187683,0.6813927888870239,0.6206283569335938,0.6023193597793579,0.6309059858322144,0.6538851261138916,0.7961997389793396,0.6458548307418823,0.7705541849136353
248,0.6154696345329285,0.1007037907838821,0.6838542819023132,0.2103841751813888,0.5383322834968567,0.2218038737773895,0.6863254904747009,0.3362769484519958,0.5338445901870728,0.3428916931152344,0.6895878314971924,0.4385640323162079,0.5338584184646606,0.4485055208206177,0.6703011393547058,0.447997123003006,0.5861079096794128,0.4505822360515594,0.6859137415885925,0.6217473149299622,0.6123551726341248,0.6248785853385925,0.6595423817634583,0.7937949895858765,0.655298113822937,0.6814503073692322
249,0.6193106174468994,0.1006618067622184,0.6872292757034302,0.2097479701042175,0.5400188565254211,0.2216634750366211,0.6917886734008789,0.337868869304657,0.5381592512130737,0.3430434763431549,0.6950811743736267,0.4410609304904938,0.5413933396339417,0.448785662651062,0.6761201620101929,0.4474045932292938,0.5952567458152771,0.4510755240917206,0.6808769106864929,0.6222836971282959,0.6221819519996643,0.6217701435089111,0.6560666561126709,0.7920142412185669,0.6833560466766357,0.6659207940101624
250,0.6208555698394775,0.1030976623296737,0.6914337277412415,0.2121620178222656,0.5417311191558838,0.2223451137542724,0.6935489177703857,0.3380448520183563,0.5415341258049011,0.3461337685585022,0.7051770091056824,0.4467054009437561,0.5490849018096924,0.4617269337177276,0.6746668815612793,0.4438802003860473,0.6009386777877808,0.4483680427074432,0.6710019111633301,0.6160839200019836,0.6320182681083679,0.6123067736625671,0.6513491868972778,0.7925851345062256,0.7036749124526978,0.6341572403907776
251,0.6217087507247925,0.1044909805059433,0.6965042352676392,0.2134133726358413,0.5437533259391785,0.2227506190538406,0.7002384662628174,0.3385999500751495,0.5464823246002197,0.3474119305610657,0.7067995071411133,0.4483674466609955,0.5554503798484802,0.4633725881576538,0.6780334115028381,0.4448617398738861,0.6014930009841919,0.449322760105133,0.6748857498168945,0.6169276833534241,0.6311222314834595,0.6146005988121033,0.6517548561096191,0.7905375957489014,0.7190778255462646,0.6229172945022583
252,0.6245892643928528,0.1049341410398483,0.69806969165802,0.2143190801143646,0.5470880270004272,0.2246323674917221,0.7003306150436401,0.3388598263263702,0.5476910471916199,0.3484158515930176,0.7069252729415894,0.4499672055244446,0.5553831458091736,0.4666322469711303,0.6826174259185791,0.4461421966552734,0.6051941514015198,0.4506111145019531,0.6897153854370117,0.6153275966644287,0.6449182629585266,0.6126145124435425,0.6529723405838013,0.7795243263244629,0.7316227555274963,0.6418365240097046
253,0.6252339482307434,0.1133681312203407,0.6979883313179016,0.2158961445093155,0.5485426187515259,0.2289968430995941,0.701272189617157,0.3390307128429413,0.5467491745948792,0.352135419845581,0.707528829574585,0.4499874413013458,0.5590222477912903,0.470855712890625,0.6833474040031433,0.4443375468254089,0.6099336743354797,0.4494401216506958,0.7040969133377075,0.5981607437133789,0.6683273315429688,0.6068804264068604,0.6519908308982849,0.7384948134422302,0.7342459559440613,0.6662644147872925
254,0.623838484287262,0.1329196989536285,0.696096658706665,0.2328761368989944,0.5494718551635742,0.2446665614843368,0.7008224725723267,0.3524562418460846,0.5440906286239624,0.3582602143287658,0.7103293538093567,0.4528877735137939,0.5566338300704956,0.471913993358612,0.6877228617668152,0.446797251701355,0.6141757369041443,0.4539832770824432,0.7172460556030273,0.5908741354942322,0.6745945811271667,0.6027029752731323,0.6455099582672119,0.6955402493476868,0.7421230673789978,0.6880052089691162
255,0.6233274936676025,0.1495895236730575,0.6946893930435181,0.2480168938636779,0.5485197901725769,0.2618077099323272,0.6988298892974854,0.3631264567375183,0.5429440140724182,0.3658193051815033,0.7119700908660889,0.4573011100292206,0.5526723265647888,0.4761666655540466,0.6888794898986816,0.4548472166061401,0.617194414138794,0.4636046886444092,0.730074405670166,0.5869998335838318,0.6707473993301392,0.6001787185668945,0.6445133090019226,0.6528781652450562,0.7433804273605347,0.6893837451934814
256,0.6228868961334229,0.1565252691507339,0.6920800805091858,0.2547820210456848,0.5477709174156189,0.2730103731155395,0.6956112384796143,0.3643390536308288,0.5418665409088135,0.3748737275600433,0.709736704826355,0.4571250975131988,0.5521569848060608,0.4780920147895813,0.6861419081687927,0.4563582837581634,0.6149837374687195,0.4681476652622223,0.7412844300270081,0.571000337600708,0.6694634556770325,0.5917307734489441,0.6362773180007935,0.6041157841682434,0.7432437539100647,0.6903439164161682
257,0.6167111992835999,0.155148446559906,0.6851711273193359,0.2541975080966949,0.5423292517662048,0.2741483151912689,0.6901828646659851,0.3624844849109649,0.5370238423347473,0.3728880882263183,0.708217442035675,0.4535914063453674,0.546690821647644,0.47683185338974,0.684929609298706,0.4568735659122467,0.6119499802589417,0.4685765206813812,0.7408206462860107,0.5629575252532959,0.6442135572433472,0.5798660516738892,0.625313401222229,0.5856665372848511,0.7388237118721008,0.6908702254295349
258,0.6060298681259155,0.1498142182826995,0.6728682518005371,0.2524882555007934,0.5292949080467224,0.2673472166061401,0.6812150478363037,0.356653481721878,0.5245679616928101,0.3707238137722015,0.703690230846405,0.4496678113937378,0.5365623831748962,0.4759986400604248,0.6682641506195068,0.4473024606704712,0.5997985601425171,0.461146593093872,0.73103266954422,0.5622196793556213,0.6446168422698975,0.5798647999763489,0.6111530065536499,0.6025364398956299,0.7331115007400513,0.6884855031967163
259,0.5967393517494202,0.1332727074623108,0.6617932915687561,0.2357349991798401,0.5169103741645813,0.2532528638839721,0.6728929877281189,0.3481221199035644,0.5197440981864929,0.3673913776874542,0.6985864043235779,0.4477874636650085,0.5310130715370178,0.4751971662044525,0.6581443548202515,0.4401197731494903,0.5867252945899963,0.4557172060012817,0.7248667478561401,0.556786835193634,0.6410865187644958,0.5808108448982239,0.613968014717102,0.6356614828109741,0.729349672794342,0.6619272232055664
260,0.589363694190979,0.1158182993531227,0.6530494689941406,0.2216633111238479,0.5059260725975037,0.2376762330532074,0.6658198833465576,0.3423580825328827,0.5111806392669678,0.3576345145702362,0.6882898211479187,0.4457323253154754,0.5242396593093872,0.464098572731018,0.6472026705741882,0.4393585920333862,0.5760517716407776,0.4529404044151306,0.7142594456672668,0.5629176497459412,0.6359601616859436,0.5909279584884644,0.6156092286109924,0.6881559491157532,0.6626778244972229,0.6565589308738708
261,0.5842222571372986,0.1090914085507392,0.6466450691223145,0.2153215408325195,0.5001201629638672,0.2302135229110717,0.6568453311920166,0.3374950587749481,0.5068557262420654,0.3499698340892792,0.6747756004333496,0.4406936764717102,0.5156476497650146,0.4571173787117004,0.6377546787261963,0.4394272565841675,0.5641796588897705,0.4498618543148041,0.6769601106643677,0.593727171421051,0.6212509870529175,0.6033754348754883,0.6258737444877625,0.7640200853347778,0.6040515303611755,0.5399128198623657
262,0.5750170946121216,0.104107953608036,0.6421545743942261,0.2127376794815063,0.4941166341304779,0.2279809266328811,0.6519708037376404,0.3352587521076202,0.4968264400959015,0.3456243872642517,0.6694537401199341,0.4374281167984009,0.4998969733715057,0.4515837430953979,0.6333078145980835,0.4403911232948303,0.5555875897407532,0.4495041668415069,0.6640000939369202,0.6053318381309509,0.5968796610832214,0.6174451112747192,0.6313365697860718,0.7707812786102295,0.5805878639221191,0.5260087847709656
263,0.5676590204238892,0.0996434092521667,0.638759195804596,0.2105311751365661,0.4869837462902069,0.2253137975931167,0.6482255458831787,0.3342150449752807,0.4914699494838714,0.3428631126880646,0.663689911365509,0.4379891157150268,0.4944868683815002,0.4492312967777252,0.6282925605773926,0.4408970177173614,0.5460520386695862,0.450009673833847,0.658821702003479,0.6075555086135864,0.5772466659545898,0.6223257184028625,0.6368209719657898,0.7719396948814392,0.5520009994506836,0.4978269934654236
264,0.561741292476654,0.089454673230648,0.6355677247047424,0.2056893408298492,0.4806624948978424,0.2171838730573654,0.6453529596328735,0.3299993276596069,0.4846868216991424,0.3345496356487274,0.6638070940971375,0.4361075460910797,0.4882406890392303,0.4458954334259033,0.6197003126144409,0.4404695332050323,0.5322425365447998,0.4496801495552063,0.6518958806991577,0.6099334955215454,0.5594356656074524,0.6241719722747803,0.6401894688606262,0.7721530199050903,0.539242148399353,0.4792653918266296
265,0.5566006302833557,0.0809079557657241,0.6322468519210815,0.1963416039943695,0.4762727618217468,0.2019363790750503,0.6421308517456055,0.320563942193985,0.4701628088951111,0.3121074140071869,0.6600313782691956,0.4287159740924835,0.4689152538776397,0.4261292815208435,0.6081011891365051,0.4382678270339966,0.5175660848617554,0.4423982501029968,0.6349769830703735,0.6075394749641418,0.5435038805007935,0.6210881471633911,0.6392340660095215,0.7735944390296936,0.5212050676345825,0.4834353029727936
266,0.5515345931053162,0.0714836791157722,0.6270015835762024,0.188459500670433,0.468927800655365,0.1918534636497497,0.6382089853286743,0.3162823617458343,0.4629981219768524,0.3009458482265472,0.656562089920044,0.4224191904067993,0.4633340239524841,0.4144187569618225,0.5968066453933716,0.4274929463863373,0.5089818835258484,0.4285030663013458,0.6171495914459229,0.6027673482894897,0.5313680171966553,0.6104254126548767,0.6391106247901917,0.7662894129753113,0.5264416337013245,0.5153737664222717
267,0.5479757785797119,0.0659006312489509,0.620383083820343,0.1840071827173233,0.4598680138587951,0.1885866969823837,0.6317226886749268,0.3171930015087127,0.4546890556812286,0.2966161370277405,0.6539847254753113,0.420979231595993,0.4554421305656433,0.3989907503128052,0.5875776410102844,0.4282881021499634,0.5005833506584167,0.4264218509197235,0.6107566952705383,0.6019127368927002,0.511780321598053,0.5793758630752563,0.6213741302490234,0.7608968019485474,0.5376785397529602,0.6466343402862549
268,0.5452951788902283,0.0644646063446998,0.6157397031784058,0.1851434707641601,0.4528966248035431,0.1871582865715026,0.6269667148590088,0.3188721835613251,0.4562629163265228,0.3020412027835846,0.6473633050918579,0.4236779808998108,0.4540505707263946,0.4111492037773132,0.5834503769874573,0.4295123219490051,0.4945128858089447,0.4293937981128692,0.6079992651939392,0.6013465523719788,0.5170614719390869,0.5944857001304626,0.592475414276123,0.7583068609237671,0.538641095161438,0.7402349710464478
269,0.540172815322876,0.0722244977951049,0.6111118197441101,0.1895869076251983,0.4488314688205719,0.1908817142248153,0.6258501410484314,0.3205814659595489,0.4484958946704864,0.3036537766456604,0.6412121057510376,0.4259175062179565,0.445147842168808,0.4142660498619079,0.5794707536697388,0.434759259223938,0.4907671213150024,0.4305836260318756,0.5980660915374756,0.6070879697799683,0.5024473667144775,0.6270021200180054,0.571565568447113,0.755672037601471,0.5193822979927063,0.813293993473053
270,0.5357823967933655,0.076346255838871,0.6098333597183228,0.2047335356473922,0.4405329823493957,0.1989731639623642,0.6278031468391418,0.3343620598316192,0.4452188611030578,0.3154570162296295,0.6389279961585999,0.4459302127361297,0.4379216134548187,0.4289937317371368,0.5768259167671204,0.4582516551017761,0.4862145781517029,0.4567320644855499,0.587462306022644,0.6273944973945618,0.4895224571228027,0.6505991816520691,0.5603795051574707,0.7530909180641174,0.4929095506668091,0.8485691547393799
271,0.5344628095626831,0.1054949089884758,0.60867840051651,0.2289125025272369,0.440586119890213,0.2245238125324249,0.6267815232276917,0.3589554131031036,0.4412973523139953,0.3521381914615631,0.6373400092124939,0.4685001075267792,0.4383217692375183,0.4678163826465606,0.5762856006622314,0.4816709756851196,0.4855863749980926,0.4823983907699585,0.586773157119751,0.6400728225708008,0.4769236743450165,0.6648425459861755,0.5648131370544434,0.7585113644599915,0.4705230295658111,0.8654686808586121
272,0.531859278678894,0.1291914582252502,0.6083908677101135,0.2440837621688842,0.4417257905006408,0.2417621463537216,0.625540554523468,0.3678184151649475,0.4382959902286529,0.3694022595882416,0.6360470652580261,0.4820582568645477,0.4387857317924499,0.4878821969032287,0.5768301486968994,0.4963448941707611,0.4846588969230652,0.4948764443397522,0.5901750922203064,0.6513866782188416,0.4622102975845337,0.672890305519104,0.575052797794342,0.7670613527297974,0.4517496228218078,0.8677232265472412
273,0.5279038548469543,0.134838193655014,0.6066674590110779,0.2513951063156128,0.4376550912857055,0.2513496279716491,0.61992347240448,0.3759775459766388,0.4358146786689758,0.3816722333431244,0.6324538588523865,0.4924667775630951,0.4345363676548004,0.4965037107467651,0.5711022615432739,0.4993168413639068,0.4786648154258728,0.4998486340045929,0.5951955318450928,0.6527404189109802,0.4551734030246734,0.6745757460594177,0.5849722027778625,0.7710696458816528,0.439414769411087,0.8656917214393616
274,0.52235347032547,0.1348986029624939,0.6028968095779419,0.2568060457706451,0.4323039650917053,0.2585092484951019,0.6160932183265686,0.3827720582485199,0.4298283755779266,0.3876349925994873,0.6276288628578186,0.5017063021659851,0.4264915585517883,0.503157913684845,0.5610858201980591,0.5111365914344788,0.4678367972373962,0.5132191777229309,0.5890688300132751,0.6583054661750793,0.4506553113460541,0.6932126879692078,0.5986794233322144,0.7745473980903625,0.4278140664100647,0.875720202922821
275,0.5178756713867188,0.1279608905315399,0.5990630388259888,0.2500424385070801,0.4249654412269592,0.2534264326095581,0.6063883304595947,0.3760526776313782,0.4286641478538513,0.381536066532135,0.6264280676841736,0.4961349368095398,0.4244516491889953,0.4959398806095123,0.5584753155708313,0.507542610168457,0.4644595384597778,0.5119496583938599,0.5873974561691284,0.6586074829101562,0.4486514329910278,0.7045990228652954,0.6083535552024841,0.7784257531166077,0.4324425160884857,0.9009230732917786
276,0.5083779096603394,0.1248070299625396,0.5918476581573486,0.2451807856559753,0.4146628975868225,0.248911902308464,0.6079656481742859,0.3760401010513305,0.4164744019508362,0.3783306181430816,0.6233670115470886,0.4935051500797272,0.4177680611610412,0.4917752146720886,0.5535757541656494,0.5066525340080261,0.4569295644760132,0.5124756097793579,0.584537923336029,0.6626690030097961,0.4489928483963012,0.7179123163223267,0.6069458723068237,0.7822661399841309,0.4448126554489136,0.928079068660736
277,0.5011579394340515,0.1187299191951751,0.5853083729743958,0.2425807565450668,0.406080961227417,0.2461577355861663,0.6047731041908264,0.3780121803283691,0.4053087532520294,0.3815847933292389,0.6147630214691162,0.490584135055542,0.4031724631786346,0.5073339939117432,0.5495035648345947,0.5096851587295532,0.4538201689720154,0.5183022618293762,0.5869414210319519,0.6725244522094727,0.4551419913768768,0.7338809370994568,0.592567503452301,0.7964804768562317,0.4570869505405426,0.9402483701705932
278,0.4961084127426147,0.1112749949097633,0.5791051387786865,0.2410413771867752,0.3992363512516022,0.2450614869594574,0.588781476020813,0.3795761168003082,0.398727148771286,0.3867277503013611,0.6038996577262878,0.4886005818843841,0.3949898183345794,0.5154224634170532,0.5487298965454102,0.5122556090354919,0.4531342089176178,0.5222322940826416,0.5827317237854004,0.6837603449821472,0.4627068936824798,0.7412450909614563,0.5649718046188354,0.8104709386825562,0.473799854516983,0.9219852089881896
279,0.4910267293453216,0.1063096821308136,0.5756654739379883,0.2398318797349929,0.3994652926921844,0.2448314726352691,0.5873305201530457,0.3802471458911896,0.4024721384048462,0.3825659453868866,0.5952487587928772,0.4930054545402527,0.3940898180007934,0.5100943446159363,0.5443891882896423,0.5122748017311096,0.450389951467514,0.5221205353736877,0.5700157880783081,0.6864718198776245,0.4661308228969574,0.746208131313324,0.5368192195892334,0.8183396458625793,0.4926665723323822,0.9417675733566284
280,0.48456871509552,0.1042287424206733,0.5734705924987793,0.2394420355558395,0.3935588002204895,0.2438273578882217,0.5899387001991272,0.385516494512558,0.3888259530067444,0.3804692924022674,0.5946563482284546,0.5002350807189941,0.3854105770587921,0.5093444585800171,0.5415084958076477,0.5214046239852905,0.4444760680198669,0.5263744592666626,0.5407702326774597,0.7095688581466675,0.46087446808815,0.7474040389060974,0.5065346360206604,0.844931960105896,0.5029168128967285,0.9233576655387878
281,0.4818288087844848,0.1043159067630767,0.5715681910514832,0.2422008961439132,0.3865168988704681,0.2443301528692245,0.5894908905029297,0.3983625173568725,0.392809122800827,0.3890554308891296,0.593412458896637,0.5275550484657288,0.3827678561210632,0.5247106552124023,0.5334638953208923,0.5354117751121521,0.4354125559329986,0.5358518362045288,0.5270048379898071,0.7317071557044983,0.4449082612991333,0.7522550225257874,0.4976071715354919,0.8780154585838318,0.5019571781158447,0.9087070226669312
282,0.4781354665756225,0.1071257889270782,0.5716301202774048,0.2497675120830536,0.3845371603965759,0.2476661205291748,0.5877159833908081,0.4081499278545379,0.3897859454154968,0.3954981565475464,0.593489408493042,0.5375363826751709,0.3830959796905517,0.5344904661178589,0.5300328731536865,0.5388343334197998,0.4304211139678955,0.5382812023162842,0.525337278842926,0.733843982219696,0.4255581796169281,0.7494295835494995,0.508406400680542,0.9121279120445251,0.4973933398723602,0.9163656234741212
283,0.4756807088851928,0.1092172712087631,0.5707697868347168,0.2538587152957916,0.3793153464794159,0.2519865334033966,0.5843220353126526,0.4135901629924774,0.3789102435111999,0.4044882953166961,0.59369957447052,0.5433198809623718,0.3765130043029785,0.5405843257904053,0.5297320485115051,0.5456404089927673,0.4277021288871765,0.5444080233573914,0.5352267622947693,0.7474163770675659,0.4123232960700989,0.756130039691925,0.5211158990859985,0.9113101363182068,0.4518302381038666,0.9252513647079468
284,0.4718880951404571,0.1090624406933784,0.567722737789154,0.2547071278095245,0.376425564289093,0.253824770450592,0.5829562544822693,0.4144228100776672,0.3760032951831817,0.4082456827163696,0.5923458337783813,0.5463971495628357,0.3760701417922973,0.5396823287010193,0.5316770672798157,0.5489475131034851,0.4277572929859161,0.550810694694519,0.5523754954338074,0.7507477402687073,0.4036779701709747,0.7688888311386108,0.5637176632881165,0.923359990119934,0.405750960111618,0.9532466530799866
285,0.4701120257377624,0.1036958694458007,0.5643836259841919,0.2530318796634674,0.3708017468452453,0.2526733577251434,0.5798717141151428,0.4097348153591156,0.3746446073055267,0.4036235511302948,0.5911380052566528,0.5424579381942749,0.3688070476055145,0.5335988998413086,0.5323773622512817,0.5454856753349304,0.4265599846839905,0.5497691035270691,0.575032114982605,0.7423676252365112,0.3981049358844757,0.7738437056541443,0.6045994758605957,0.907118797302246,0.356174498796463,0.9488809108734132
286,0.4646030068397522,0.0954125076532363,0.5596813559532166,0.2465393543243408,0.368203729391098,0.2447851449251175,0.5736238956451416,0.4000603854656219,0.370486319065094,0.399048238992691,0.5831099152565002,0.5403072834014893,0.3618741333484649,0.5222158432006836,0.5322259068489075,0.5414077639579773,0.4250211119651794,0.5467076897621155,0.582021176815033,0.7391749620437622,0.3826679289340973,0.7714922428131104,0.6294251680374146,0.9059799909591676,0.3417422473430633,0.9624099731445312
287,0.4610045850276947,0.0814668610692024,0.5585780739784241,0.2313479781150818,0.3698470592498779,0.2316830903291702,0.5736386775970459,0.3847171664237976,0.3652082681655884,0.391338974237442,0.5776166915893555,0.5358189344406128,0.3608850240707397,0.5217732191085815,0.528695821762085,0.5393205881118774,0.4199357032775879,0.5464085340499878,0.58006352186203,0.7348504066467285,0.379867672920227,0.7699408531188965,0.6322478652000427,0.9068229794502258,0.355324923992157,0.9614908695220948
288,0.4630225002765655,0.0725654810667038,0.5584966540336609,0.2204798758029937,0.3701975047588348,0.2159140706062317,0.5705479383468628,0.3760485053062439,0.3602129518985748,0.377855122089386,0.575238823890686,0.5351184606552124,0.3567492961883545,0.5182102918624878,0.5255938172340393,0.5341366529464722,0.4148605763912201,0.5425081849098206,0.5781405568122864,0.7354055047035217,0.3898930847644806,0.7769438624382019,0.6138467788696289,0.9060087203979492,0.3758428692817688,0.9714630842208862
289,0.4639081358909607,0.0682653337717056,0.5598854422569275,0.2190017849206924,0.3705365061759949,0.2108619511127472,0.5676368474960327,0.3775261044502258,0.3623937964439392,0.3677980303764343,0.5784849524497986,0.5324456691741943,0.3593065142631531,0.5143660306930542,0.5230948328971863,0.5338704586029053,0.4110249876976013,0.5411211252212524,0.5636149644851685,0.7379519939422607,0.3946832418441772,0.7759910821914673,0.5926769971847534,0.9140005111694336,0.3885685801506042,0.966767191886902
290,0.4620722532272339,0.0674630776047706,0.5609330534934998,0.2208519428968429,0.3685292899608612,0.2089504301548004,0.568762481212616,0.3850322663784027,0.3654891848564148,0.365564614534378,0.5783421397209167,0.5407756567001343,0.3645695149898529,0.5143600106239319,0.5169470310211182,0.5361647605895996,0.4072849154472351,0.540393590927124,0.5374336838722229,0.7419142127037048,0.4040942192077636,0.7760335206985474,0.553868293762207,0.9156262874603271,0.4196680784225464,0.9602864384651184
291,0.4601668417453766,0.0672298297286033,0.5603820085525513,0.2165663391351699,0.3696120381355285,0.2044782042503357,0.5701348781585693,0.3850729763507843,0.3883834481239319,0.3599037230014801,0.5769261121749878,0.5460866689682007,0.3922408521175384,0.4862768054008484,0.5069097876548767,0.5296554565429688,0.4034104645252228,0.5295865535736084,0.5176805257797241,0.7394439578056335,0.4170701801776886,0.7737043499946594,0.5186545848846436,0.9187280535697936,0.4629434049129486,0.9577051997184752
292,0.451543927192688,0.0645945221185684,0.5579038262367249,0.2131486535072326,0.3955751061439514,0.1998796463012695,0.5709946751594543,0.3850982189178467,0.4161751270294189,0.3555858731269836,0.5779001712799072,0.5466834306716919,0.4129204154014587,0.4676545858383178,0.4951097369194031,0.5262452363967896,0.407135546207428,0.5192131996154785,0.4751604795455932,0.7380338907241821,0.4244686961174011,0.7513981461524963,0.4926292896270752,0.9212375283241272,0.489130288362503,0.9555009603500366
293,0.45002081990242,0.0575863309204578,0.5560598373413086,0.2093842029571533,0.4217365682125091,0.1939999014139175,0.5711224675178528,0.3891791105270386,0.4357122778892517,0.3578090965747833,0.5728503465652466,0.557729184627533,0.4131332039833069,0.4707174599170685,0.4944617748260498,0.5226729512214661,0.4078916013240814,0.5140706300735474,0.4539408385753631,0.7636268734931946,0.4162231981754303,0.7475030422210693,0.4897333681583404,0.9341779947280884,0.4921221137046814,0.9540433883666992
294,0.4522129595279693,0.0526698306202888,0.5416837334632874,0.2014210820198059,0.4554047584533691,0.1891045868396759,0.5716198682785034,0.3896584510803222,0.4573172628879547,0.3566040098667145,0.5723146796226501,0.5610423684120178,0.4227975606918335,0.4585382640361786,0.493803322315216,0.5229769945144653,0.4309624433517456,0.5155903100967407,0.4338383972644806,0.7648926377296448,0.4064069986343384,0.7458658814430237,0.4832700192928314,0.9489671587944032,0.4799832999706268,0.9522560834884644
295,0.4530016481876373,0.0509705059230327,0.5347856879234314,0.1991539001464843,0.4879631996154785,0.1908431649208068,0.5717726349830627,0.3909549713134765,0.5027402639389038,0.3627878725528717,0.5733528733253479,0.5614327192306519,0.4728198647499084,0.4745852053165436,0.4819211363792419,0.5262726545333862,0.481595516204834,0.5163198113441467,0.3812819123268127,0.7597949504852295,0.4375673830509186,0.7463158369064331,0.4443497955799103,0.97947096824646,0.4842343628406524,0.9655293822288512
296,0.4526659250259399,0.054014217108488,0.5377230048179626,0.2013478875160217,0.4926520586013794,0.1932319700717926,0.5753660798072815,0.4009435772895813,0.511287271976471,0.3680075705051422,0.5768849849700928,0.5725546479225159,0.4875312745571136,0.4922124147415161,0.4790148138999939,0.5402154922485352,0.4947848320007324,0.527109682559967,0.373147577047348,0.7709531784057617,0.463093101978302,0.7505021095275879,0.343438982963562,0.97315514087677,0.513483464717865,0.962949514389038
297,0.4483927488327026,0.0573988631367683,0.5299784541130066,0.2108057290315628,0.4937102794647217,0.2046109735965728,0.5800147652626038,0.4150983691215515,0.5244742035865784,0.3903588950634002,0.5815079808235168,0.5864700078964233,0.5111875534057617,0.5343437790870667,0.4832797050476074,0.5681268572807312,0.5083838105201721,0.5546461939811707,0.353734940290451,0.7759863138198853,0.4974481761455536,0.7659122943878174,0.2419969141483307,0.9659034013748168,0.5833694338798523,0.9604550004005432
298,0.448314756155014,0.0585441589355468,0.5284478664398193,0.2131398469209671,0.4942053556442261,0.2085963785648346,0.5825068354606628,0.4143235981464386,0.4947165250778198,0.388544499874115,0.5923216342926025,0.5948020219802856,0.4603970944881439,0.5121563673019409,0.4850585460662842,0.5736631751060486,0.5171381831169128,0.5621635913848877,0.3202803432941437,0.7723035216331482,0.5318986773490906,0.7819603681564331,0.1584725230932235,0.9591457843780518,0.6379649639129639,0.9685617089271544
299,0.4490910768508911,0.0540562644600868,0.5274104475975037,0.2131623178720474,0.499019593000412,0.2077474147081375,0.582468569278717,0.413460373878479,0.4855808317661285,0.3772130012512207,0.6021230220794678,0.599259078502655,0.4409444034099579,0.4480926096439361,0.4909192323684692,0.5705519914627075,0.5172080397605896,0.5598023533821106,0.3046847581863403,0.75426185131073,0.5637363195419312,0.7860549688339233,0.1299011707305908,0.9205442070961,0.6913260221481323,0.965797483921051
300,0.4486331045627594,0.0447539687156677,0.5284991264343262,0.2003921121358871,0.4998445808887481,0.1952744573354721,0.5832427740097046,0.4035754203796386,0.5436638593673706,0.3771121203899383,0.6039934158325195,0.5914444327354431,0.5351662039756775,0.512225329875946,0.5134146213531494,0.5652686357498169,0.5038965344429016,0.5578084588050842,0.5786693692207336,0.7785802483558655,0.3198761343955993,0.7510116696357727,0.7150849103927612,0.9559087157249452,0.1403671503067016,0.9136611819267272
301,0.4473940432071686,0.0274171587079763,0.5278034210205078,0.1746468991041183,0.5093705058097839,0.1713278591632843,0.5843719244003296,0.3838176429271698,0.5438414812088013,0.3670699596405029,0.6020102500915527,0.583331823348999,0.542373776435852,0.5128160119056702,0.5136579871177673,0.5517088174819946,0.5047693252563477,0.5378396511077881,0.4068520367145538,0.7585701942443848,0.5598644018173218,0.7502394914627075,0.3494663834571838,0.9502124190330504,0.6979283094406128,0.9286354780197144
302,0.447783499956131,0.0195648875087499,0.5236949920654297,0.1646725982427597,0.5131612420082092,0.1603390872478485,0.5821350812911987,0.3798832297325134,0.5448727607727051,0.3655643165111542,0.5934433341026306,0.5692850947380066,0.5369859933853149,0.5100341439247131,0.5081541538238525,0.5386379361152649,0.5002798438072205,0.5254418253898621,0.408013105392456,0.7552987933158875,0.5675312876701355,0.7454558610916138,0.354367733001709,0.9489445090293884,0.7109219431877136,0.932616651058197
303,0.4512473940849304,0.0076913363300263,0.5225574374198914,0.1504889279603958,0.5139690041542053,0.1485087126493454,0.5777823328971863,0.3729024231433868,0.5535112023353577,0.3576080799102783,0.5810825824737549,0.5597141981124878,0.5344011187553406,0.5090579986572266,0.4996880292892456,0.5300271511077881,0.4992028474807739,0.5175783634185791,0.4179519712924957,0.7527409195899963,0.5422570705413818,0.7416354417800903,0.357920378446579,0.9497246742248536,0.6828012466430664,0.9292550086975098
304,0.4547139108181,0.0075264945626258,0.5215479135513306,0.1453327536582946,0.5114614963531494,0.1468698978424072,0.5725999474525452,0.3720475435256958,0.5367592573165894,0.358905017375946,0.5694253444671631,0.5600801110267639,0.517951488494873,0.51483154296875,0.4787362515926361,0.531279981136322,0.4973523914813995,0.5180818438529968,0.4239868521690368,0.7714046239852905,0.5264577865600586,0.7427621483802795,0.388919860124588,0.9789094924926758,0.6473450660705566,0.9144595861434937
305,0.454210489988327,0.0025715075898915,0.5135785341262817,0.1492230147123336,0.5158889889717102,0.1493858397006988,0.5625565648078918,0.3790949583053589,0.5300782918930054,0.3596898019313812,0.5606241226196289,0.561896026134491,0.5153884291648865,0.5128803253173828,0.4821129143238067,0.5327090620994568,0.4972429573535919,0.5203981995582581,0.4369276165962219,0.7742993831634521,0.4508974254131317,0.7435674071311951,0.5743387937545776,0.931097149848938,0.5203604102134705,0.919790744781494
306,0.4471952617168426,-0.0066703264601528,0.5125308632850647,0.1467496156692505,0.5174044966697693,0.1480329036712646,0.5561271905899048,0.3799125254154205,0.5296979546546936,0.3572624325752258,0.5636778473854065,0.5636221170425415,0.5135533213615417,0.5117404460906982,0.5001850724220276,0.5253509283065796,0.4993834495544433,0.5131886601448059,0.4347163736820221,0.7732413411140442,0.426173985004425,0.7401286363601685,0.580155074596405,0.9310136437416076,0.4719020128250122,0.938858449459076
307,0.4474708437919616,-0.0062294416129589,0.509101927280426,0.1470394730567932,0.513916552066803,0.1514616906642913,0.5493226647377014,0.3805773556232452,0.5286857485771179,0.3573611378669739,0.562373161315918,0.5673406720161438,0.5175318121910095,0.5194361209869385,0.5107718706130981,0.5262587070465088,0.4998837411403656,0.5144461989402771,0.4438581764698028,0.7712863683700562,0.4152647256851196,0.7359940409660339,0.586694598197937,0.9316734075546264,0.4083008170127868,0.9446796178817748
308,0.4263390898704529,-0.0015294313197955,0.4946254789829254,0.1539124697446823,0.5125333666801453,0.1549238264560699,0.5436270833015442,0.3970479369163513,0.5293496251106262,0.3720769584178924,0.5565103888511658,0.5807280540466309,0.5279507637023926,0.5326110124588013,0.5104592442512512,0.5426867604255676,0.5134017467498779,0.5301058292388916,0.4212057888507843,0.77008056640625,0.477170467376709,0.7650759220123291,0.3558793365955353,0.9509907364845276,0.5504717230796814,0.9726555943489076
309,0.4147164225578308,0.0193154755979776,0.4815050363540649,0.1778918653726577,0.5006183385848999,0.1730278879404068,0.5256554484367371,0.4126007854938507,0.5223054885864258,0.3877725303173065,0.5370973944664001,0.5980831384658813,0.524463951587677,0.5547254085540771,0.5099031925201416,0.5734162926673889,0.5106083154678345,0.5569310188293457,0.4981525540351867,0.7968580722808838,0.4781772196292877,0.7756294012069702,0.4853149354457855,0.9564275741577148,0.427915096282959,0.9745025038719176
310,0.4088018238544464,0.0385368354618549,0.4732488393783569,0.1971032917499542,0.495850145816803,0.1901704221963882,0.5193231105804443,0.434390127658844,0.5220632553100586,0.3978059887886047,0.5265465378761292,0.6181727647781372,0.5221618413925171,0.5555459856987,0.5016714930534363,0.5840852856636047,0.5087705254554749,0.5636294484138489,0.347819060087204,0.7861587405204773,0.5116345882415771,0.7988361120223999,0.2641333043575287,0.9745230674743652,0.6487168073654175,0.9803825616836548
311,0.4079478085041046,0.0590243488550186,0.4607720375061035,0.2072367370128631,0.5004708170890808,0.2058819830417633,0.4873014986515045,0.4419702291488647,0.5402718186378479,0.40948686003685,0.4970272779464721,0.6300868391990662,0.5342732667922974,0.5562834143638611,0.4820522665977478,0.59534752368927,0.5015634894371033,0.5728792548179626,0.4263564646244049,0.836498498916626,0.4244477450847626,0.7959592938423157,0.6702061295509338,0.9787026047706604,0.31899493932724,0.976850152015686
312,0.4124514162540436,0.076090857386589,0.4409305155277252,0.2182092070579528,0.5388223528862,0.244595319032669,0.4517801403999328,0.4417704343795776,0.5757808685302734,0.4313069581985473,0.4570187032222748,0.6224339604377747,0.5643543601036072,0.5832432508468628,0.4428433179855346,0.58913254737854,0.4985510408878326,0.5765079259872437,0.3715596795082092,0.8381660580635071,0.3733937442302704,0.8024765253067017,0.6477421522140503,0.949954390525818,0.3172627687454223,0.9793475866317748
313,0.4489587247371673,0.087044708430767,0.4038690030574798,0.2249453216791153,0.5579420924186707,0.2586408257484436,0.4216057956218719,0.4447192251682281,0.5875112414360046,0.4431236982345581,0.4023098051548004,0.6243845224380493,0.5746945738792419,0.5911785364151001,0.4250138103961944,0.5871341228485107,0.5015190839767456,0.5864271521568298,0.3384392559528351,0.822643518447876,0.3727830648422241,0.7965127825737,0.5803629755973816,0.8806188106536865,0.3585347831249237,0.9707690477371216
314,0.4758020639419555,0.0760268941521644,0.3835704922676086,0.2237129211425781,0.5765542387962341,0.2485990673303604,0.3804105520248413,0.428347647190094,0.6044498085975647,0.4355864524841308,0.3586191833019256,0.6018337607383728,0.5766668319702148,0.5871330499649048,0.4116474688053131,0.5707330703735352,0.5002759695053101,0.5791133642196655,0.3047869205474853,0.7622104287147522,0.3784398734569549,0.7728543877601624,0.5024188756942749,0.8146628737449646,0.3927004933357239,0.9518194198608398
315,0.504408597946167,0.0584004707634449,0.3812413811683655,0.1683877110481262,0.5998628735542297,0.243214413523674,0.358976274728775,0.3758361339569092,0.6125559210777283,0.4261200428009033,0.3299759328365326,0.5548651218414307,0.5837233662605286,0.5856050252914429,0.3920022249221802,0.5200081467628479,0.4987598061561584,0.5390316843986511,0.3381163775920868,0.6668660640716553,0.4117707014083862,0.7577775716781616,0.4159461557865143,0.7858021855354309,0.4089795053005218,0.9535996317863464
316,0.5088587403297424,0.023782979696989,0.3886255621910095,0.1063087061047554,0.610133707523346,0.1575894951820373,0.3480231761932373,0.305954098701477,0.6046619415283203,0.3618936836719513,0.3124035596847534,0.4747838675975799,0.5749078392982483,0.527317225933075,0.3824706077575683,0.4469580054283142,0.49526447057724,0.4756380617618561,0.3214944005012512,0.6083914041519165,0.4203636050224304,0.6985564827919006,0.3665149807929992,0.7758893370628357,0.4123302102088928,0.9662078022956848
317,0.503472626209259,-0.0595326572656631,0.3900494873523712,0.0595150738954544,0.6132925748825073,0.0949519723653793,0.3345333635807037,0.2497467249631881,0.5980052351951599,0.2909847795963287,0.2963349819183349,0.4102878868579864,0.5664833784103394,0.4595945179462433,0.3713477253913879,0.3975510895252228,0.4943391680717468,0.4257689118385315,0.3320620954036712,0.6028681397438049,0.43068727850914,0.6658076643943787,0.3259856700897217,0.8136889338493347,0.4093365967273712,0.9570131897926332
318,0.5360131859779358,-0.1154897138476371,0.4009941220283508,0.0256953183561563,0.6102615594863892,0.0552169159054756,0.337455540895462,0.2046820819377899,0.5717841386795044,0.2288539260625839,0.2976857423782348,0.3589334785938263,0.5442293286323547,0.3905876874923706,0.3684507608413696,0.3648712038993835,0.4866183400154114,0.3924145102500915,0.3404527008533478,0.611968457698822,0.4333736896514892,0.6565839648246765,0.3073870837688446,0.8259821534156799,0.3841612637042999,0.9293879270553588
319,0.532721221446991,-0.0578375346958637,0.4152809083461761,0.0402833744883537,0.5239636301994324,0.0465156249701976,0.3449422121047973,0.2028844654560089,0.4617066979408264,0.2053693532943725,0.3382406234741211,0.3335732519626617,0.475564032793045,0.3263162970542907,0.3805750906467438,0.3762113749980926,0.4271016716957092,0.3767507672309875,0.393302708864212,0.6193705201148987,0.4071371853351593,0.6315829753875732,0.3295463025569916,0.8383134603500366,0.3412712812423706,0.8781846761703491
320,0.5466276407241821,-0.0002040482213487,0.4533157348632812,0.0601686686277389,0.4922100007534027,0.055248100310564,0.3815474510192871,0.1748571395874023,0.4080223441123962,0.175221711397171,0.4104360938072204,0.2936311066150665,0.403652012348175,0.290059894323349,0.3827730417251587,0.359470784664154,0.4183350503444671,0.3593600392341614,0.398062527179718,0.603467583656311,0.3804765343666076,0.624504029750824,0.3458253741264343,0.8241512775421143,0.3368252515792846,0.8686599731445312
321,0.5354852676391602,-0.0108690727502107,0.4832507967948913,0.0674355328083038,0.4496667683124542,0.0415504574775695,0.4449639618396759,0.2095189392566681,0.3981997668743133,0.1730795800685882,0.4428483843803406,0.3218050003051758,0.3912853300571441,0.2631646990776062,0.3925841450691223,0.3612895905971527,0.3898871839046478,0.3652545213699341,0.3973886668682098,0.5787028670310974,0.3636093437671661,0.615691602230072,0.3484790027141571,0.797150731086731,0.3311346173286438,0.8645544052124023
322,0.4766830503940582,-0.0242361687123775,0.4321531951427459,0.0564203634858131,0.4652011394500732,0.0418927520513534,0.399431049823761,0.20782370865345,0.4099255800247192,0.1871979534626007,0.3959155082702636,0.2889524698257446,0.3782008588314056,0.2540281116962433,0.3854036927223205,0.3575012981891632,0.4008095562458038,0.3579287230968475,0.3941188454627991,0.5744780898094177,0.3679044842720032,0.6033705472946167,0.3404914736747741,0.8011323809623718,0.3290776312351227,0.8412655591964722
323,0.4396833181381225,-0.046089019626379,0.3987187147140503,0.0536685399711132,0.4767159819602966,0.0434728190302848,0.3070137798786163,0.2104061543941497,0.4374816119670868,0.1772599816322326,0.3456220328807831,0.2400643229484558,0.3933334648609161,0.1838321536779403,0.3737622201442718,0.3547485470771789,0.4092312157154083,0.3513365387916565,0.3597278296947479,0.5891015529632568,0.3692552447319031,0.5958037376403809,0.3187068402767181,0.8276389837265015,0.3363466262817383,0.8347683548927307
324,0.4808802008628845,-0.1012569963932037,0.3726506531238556,0.0001933257008204,0.5197478532791138,0.029439827427268,0.3166694343090057,0.1504234373569488,0.4450022280216217,0.1656008809804916,0.2949614226818084,0.270532488822937,0.3897832334041595,0.2143530547618866,0.3617187142372131,0.3416996300220489,0.4169103503227234,0.3445371091365814,0.3608528673648834,0.6013295650482178,0.3728178739547729,0.6051180958747864,0.3157058358192444,0.8444167375564575,0.3256724178791046,0.843994140625
325,0.4944301247596741,-0.1133634969592094,0.3630737364292145,-0.0160554870963096,0.5432289838790894,0.0434323772788047,0.3054705262184143,0.1450162529945373,0.4988529682159424,0.1942472606897354,0.2922533452510834,0.2909806668758392,0.4002185463905334,0.2550391256809234,0.3567887246608734,0.3391264379024505,0.421314924955368,0.3509599566459656,0.3494006991386413,0.6082390546798706,0.3734209835529327,0.6177766919136047,0.3061577379703522,0.8573048114776611,0.3170927762985229,0.854608416557312
326,0.5009888410568237,-0.0975740030407905,0.3720652759075165,0.0101676397025585,0.5391554236412048,0.0515705645084381,0.3285514116287231,0.1709026992321014,0.5101350545883179,0.2053642719984054,0.3827580213546753,0.2848938405513763,0.4494325816631317,0.2513801157474518,0.3533071875572204,0.3515218496322632,0.4227478802204132,0.3648803830146789,0.3457821011543274,0.6274259090423584,0.3573146760463714,0.6203927993774414,0.3034887015819549,0.8687608242034912,0.3112150430679321,0.8558813333511353
327,0.4640451967716217,-0.0808593183755874,0.4434029161930084,0.0159145686775445,0.4919642210006714,0.0567437447607517,0.4662762880325317,0.2168251723051071,0.4539894163608551,0.2269271612167358,0.474120020866394,0.3731972873210907,0.4132438600063324,0.3549632132053375,0.3608632087707519,0.3540583252906799,0.4008746743202209,0.3757939636707306,0.3413640260696411,0.6521572470664978,0.342996209859848,0.6214751601219177,0.3008073270320892,0.9016147255897522,0.3063409030437469,0.8861678242683411
328,0.4587899446487427,0.0304021388292312,0.4001151919364929,0.0330234095454216,0.4957037568092346,0.1029228419065475,0.3925428092479706,0.2188611328601837,0.4947273135185241,0.2765468955039978,0.3931455910205841,0.3689815402030945,0.4802171587944031,0.4327751994132995,0.3467935025691986,0.4056693911552429,0.4074662029743194,0.4227509796619415,0.325046181678772,0.6651464700698853,0.3481764495372772,0.6331374049186707,0.30692258477211,0.9259833693504332,0.309709221124649,0.8920090794563293
329,0.3770585060119629,0.0860702097415924,0.4600521922111511,0.1035706922411918,0.4208325743675232,0.1311633288860321,0.5098454356193542,0.3002319037914276,0.3951078653335571,0.2842969298362732,0.4952914416790008,0.4697630107402801,0.3671492636203766,0.4176069796085357,0.3714350759983063,0.4604011178016662,0.3783133924007416,0.4562957286834717,0.3129888772964477,0.679633617401123,0.3402883112430572,0.6611319780349731,0.2777536511421203,0.9226228594779968,0.324208527803421,0.8952162265777588
330,0.3651427030563354,0.092591606080532,0.4574451744556427,0.1650533527135849,0.4207356870174408,0.1607849895954132,0.5078248977661133,0.3563047647476196,0.3987445831298828,0.2954773306846618,0.4959658682346344,0.5268949866294861,0.3731369078159332,0.3934730589389801,0.3753285706043243,0.5083988904953003,0.3768844306468963,0.4990617036819458,0.2769976258277893,0.7109244465827942,0.3444237411022186,0.7003902196884155,0.1924731731414795,0.9131951928138732,0.3998812735080719,0.9180461168289183
331,0.3531032502651214,0.0533897615969181,0.4498032927513122,0.188424065709114,0.4226681292057037,0.1836302876472473,0.4830213189125061,0.3969395160675049,0.412061870098114,0.3712030947208404,0.4774796068668365,0.572747528553009,0.3756701946258545,0.521421492099762,0.3774639070034027,0.5586896538734436,0.3808991312980652,0.5472878217697144,0.2267100661993026,0.7530331015586853,0.3758684396743774,0.7760123610496521,0.0944709479808807,0.9209250807762146,0.4599716067314148,0.9943865537643432
332,0.3456888198852539,0.0575490891933441,0.4474944174289703,0.212240919470787,0.4207273721694946,0.2056650221347808,0.4635789692401886,0.4234331250190735,0.4215527772903442,0.3928249776363373,0.4592047333717346,0.6108139753341675,0.380656361579895,0.5594053864479065,0.3777718842029571,0.5956564545631409,0.3841384947299957,0.5852288007736206,0.1987193822860717,0.7663600444793701,0.3931366503238678,0.8055028915405273,0.0562156997621059,0.918257474899292,0.4806689918041229,0.9973556399345398
333,0.3357453048229217,0.0674914643168449,0.431216299533844,0.2308805286884308,0.4195504188537597,0.2215076237916946,0.4551519751548767,0.4487491250038147,0.4292916655540466,0.4210433065891266,0.4510878324508667,0.6274431347846985,0.4161178469657898,0.575642466545105,0.3816708028316498,0.6005340218544006,0.3852611482143402,0.5813542008399963,0.2009307444095611,0.7499293088912964,0.3958964943885803,0.7957494854927063,0.0459291264414787,0.8780204057693481,0.5027078986167908,0.9946648478507996
334,0.3328208327293396,0.0671064555644989,0.4100564420223236,0.2237092107534408,0.4238540530204773,0.2196075618267059,0.4468818604946136,0.437112420797348,0.430780678987503,0.4161636233329773,0.4270292520523071,0.6232374310493469,0.4509067833423614,0.5567189455032349,0.382927656173706,0.584994912147522,0.3929170966148376,0.5599133372306824,0.2332072854042053,0.7532281875610352,0.3990412950515747,0.783230185508728,0.1162665784358978,0.9083167910575868,0.524208664894104,0.9880107641220092
335,0.3264584839344024,0.0606980435550212,0.4049143195152282,0.2108713388442993,0.4182957112789154,0.2058143764734268,0.4345812797546386,0.4236218333244324,0.4344311952590942,0.3974685370922088,0.4197431802749634,0.6069250702857971,0.4573542773723602,0.5364702939987183,0.3879260122776031,0.5713695287704468,0.3818958401679992,0.5433972477912903,0.3901110887527466,0.7837015986442566,0.2348734736442566,0.7583357691764832,0.5272133350372314,0.9739139080047609,0.1106559336185455,0.8694995641708374
336,0.3258443772792816,0.0558226890861988,0.3877512216567993,0.2062730640172958,0.4158294796943664,0.1970111280679702,0.4018641114234924,0.4252687692642212,0.4355834126472473,0.390179306268692,0.3894834220409393,0.6072766780853271,0.4545401334762573,0.5295942425727844,0.3812402486801147,0.5653735995292664,0.3724125027656555,0.535042941570282,0.3978422880172729,0.7749240398406982,0.2449067831039428,0.7440261244773865,0.5478146076202393,0.9765994548797609,0.1667482554912567,0.8648672103881836
337,0.3235831260681152,0.0486872307956218,0.3770356178283691,0.199258804321289,0.41372150182724,0.1917696595191955,0.3819361925125122,0.4191879332065582,0.4327197074890136,0.3863866627216339,0.3710871040821075,0.5949507355690002,0.4503470659255981,0.527061402797699,0.3604412078857422,0.5563863515853882,0.3584980964660644,0.5318527817726135,0.3704144358634949,0.7615557909011841,0.2862183153629303,0.7433921694755554,0.5408015251159668,0.96320378780365,0.2385141104459762,0.885144054889679
338,0.322031170129776,0.0458062291145324,0.3690387308597564,0.1969706267118454,0.4081760942935943,0.1894932389259338,0.3680892586708069,0.4180071949958801,0.4315702319145202,0.3855496346950531,0.3553630411624908,0.5928038954734802,0.4467450082302093,0.5267210602760315,0.3446697890758514,0.5507752895355225,0.3509578108787536,0.5288896560668945,0.3524550199508667,0.7574255466461182,0.296061098575592,0.731050968170166,0.5110235214233398,0.9524215459823608,0.2763290107250213,0.8939654231071472
339,0.3171114027500152,0.0446973517537117,0.3617342710494995,0.1982639282941818,0.4080017209053039,0.1914606988430023,0.3659005761146545,0.4164351522922516,0.4299962818622589,0.3840410411357879,0.3587730526924133,0.5875734686851501,0.442391961812973,0.5252918004989624,0.3432833850383758,0.5483149886131287,0.3589601814746856,0.5283003449440002,0.3159903287887573,0.7534728050231934,0.3166283965110779,0.7251219749450684,0.3883749544620514,0.9420165419578552,0.4157755076885223,0.8987621665000916
340,0.316473126411438,0.0446373261511325,0.3575218319892883,0.1980472803115844,0.4075187742710113,0.1937576532363891,0.3543603122234344,0.4175924062728882,0.4283621907234192,0.3890943825244903,0.3443678021430969,0.5908595323562622,0.4410915076732635,0.5286804437637329,0.3480960726737976,0.5523837208747864,0.3605228066444397,0.5275099873542786,0.3231797814369201,0.7518618106842041,0.299205332994461,0.7247619032859802,0.4110433757305145,0.9415283203125,0.3825975060462951,0.9013997316360474
341,0.3124751150608063,0.0459361746907234,0.3554311692714691,0.1995721608400344,0.4053837954998016,0.1992204934358596,0.3545898795127868,0.4200339317321777,0.4235587120056152,0.3941947221755981,0.3430309295654297,0.6005929112434387,0.4337422251701355,0.5354754328727722,0.3495364487171173,0.560289740562439,0.3630275428295135,0.5361561179161072,0.3341441452503204,0.7574824690818787,0.285445898771286,0.7240763306617737,0.4085029065608978,0.9398320317268372,0.3712201416492462,0.8929334282875061
342,0.310824990272522,0.0553299002349376,0.3576711118221283,0.2059326022863388,0.4047921001911163,0.2105788290500641,0.3550586104393005,0.4236772656440735,0.4242487251758575,0.4001105427742004,0.3427837491035461,0.6015653610229492,0.4338631629943847,0.5401172041893005,0.3542312085628509,0.5621850490570068,0.3636422157287597,0.5390416383743286,0.3417973816394806,0.7591753602027893,0.2695183157920837,0.7239359617233276,0.3995652198791504,0.9391615390777588,0.3617831468582153,0.8902343511581421
343,0.3092970252037048,0.0584962777793407,0.3578044474124908,0.2069305181503296,0.4061135947704315,0.2147241532802581,0.3557353615760803,0.4205711781978607,0.4268721342086792,0.3986412584781647,0.3455515205860138,0.5972351431846619,0.4442099332809448,0.5375133156776428,0.354617178440094,0.5604828000068665,0.3751516938209533,0.5389498472213745,0.2142867445945739,0.7404343485832214,0.3338707685470581,0.724336564540863,0.3462211191654205,0.9009278416633606,0.4020534157752991,0.8924294114112854
344,0.3069823086261749,0.0571568496525287,0.3605518639087677,0.2045432776212692,0.4057471752166748,0.211281880736351,0.3572192192077636,0.4199049770832062,0.4273692369461059,0.3969700634479522,0.3468511700630188,0.5965627431869507,0.446959376335144,0.5360079407691956,0.3556981384754181,0.5566759705543518,0.3802695870399475,0.5378068089485168,0.2036338746547699,0.733805239200592,0.3895455300807953,0.7343783974647522,0.2893094718456268,0.9055125713348388,0.4843635559082031,0.9401319622993468
345,0.3088304996490478,0.0383647568523883,0.3609632849693298,0.1874319463968277,0.4092219471931457,0.1965901553630828,0.3552316427230835,0.405252069234848,0.4329385161399841,0.3759354948997497,0.338581770658493,0.5827957391738892,0.4474918246269226,0.515910267829895,0.3566376566886902,0.5300248861312866,0.3969394266605377,0.5195934176445007,0.2343702763319015,0.7313369512557983,0.4148495197296142,0.7339205145835876,0.2745313942432403,0.9197962284088136,0.5139185786247253,0.9502931237220764
346,0.3101146817207336,0.0099424757063388,0.3614702522754669,0.1620574593544006,0.4094916582107544,0.1694279313087463,0.3572979867458343,0.380880743265152,0.4302297234535217,0.3517669141292572,0.3409841060638428,0.5562573075294495,0.4469712674617767,0.4865079522132873,0.3567292988300323,0.4994061291217804,0.3983358740806579,0.4892216622829437,0.256150871515274,0.725736677646637,0.4071055948734283,0.7228814959526062,0.3024085462093353,0.9238444566726683,0.5194782018661499,0.942176640033722
347,0.3181192874908447,-2.344036147405859e-05,0.3623133897781372,0.1294285506010055,0.4159526526927948,0.1437154412269592,0.3806556761264801,0.3392614126205444,0.4301021993160248,0.3203893303871155,0.3956875205039978,0.5019589066505432,0.4468350708484649,0.4605415463447571,0.3572209179401397,0.4705225229263305,0.404336541891098,0.4640306830406189,0.3018075823783874,0.7089254856109619,0.4040193855762481,0.6936352849006653,0.3128572106361389,0.9250853657722472,0.492660790681839,0.9124684929847716
348,0.3184066414833069,-0.0156469661742448,0.3387139737606048,0.0990087538957595,0.4320123493671417,0.1118672341108322,0.3689496219158172,0.3205690383911133,0.4446181356906891,0.2945799529552459,0.3664517402648926,0.4932826161384582,0.4583877921104431,0.4401645362377167,0.3573630154132843,0.4434589743614197,0.4213205873966217,0.4429821968078613,0.3479089140892029,0.6905385851860046,0.3945476412773132,0.6807001233100891,0.3607881367206573,0.9198429584503174,0.4466610848903656,0.8945505619049072
349,0.3307930529117584,0.08340984582901,0.3417011797428131,0.0986556559801101,0.4419445395469665,0.1243521049618721,0.3599905371665954,0.2895917594432831,0.4708163738250732,0.2841044068336487,0.3641805052757263,0.4683361351490021,0.4810449481010437,0.4282107353210449,0.3603474199771881,0.4421027302742004,0.419247567653656,0.4460912048816681,0.36453577876091,0.6914430260658264,0.3904142081737518,0.6741586923599243,0.3935326933860779,0.9203103184700012,0.3844234347343445,0.8809449672698975
350,0.3395013511180877,0.0755637511610984,0.3428722023963928,0.1134784370660781,0.4524374306201935,0.1196548491716384,0.3732185661792755,0.2843444645404815,0.4865114390850067,0.2789961397647857,0.3885497748851776,0.451977401971817,0.4933646023273468,0.4220612347126007,0.3938539624214172,0.4326921105384826,0.4304737150669098,0.4256666898727417,0.3770546913146972,0.6735162734985352,0.3781420886516571,0.6248922348022461,0.4550734758377075,0.9075846076011658,0.276731014251709,0.8110064268112183
351,0.3395762741565704,0.0938430503010749,0.3812254071235657,0.1181175336241722,0.4476474225521087,0.1190966740250587,0.4017179310321808,0.2777022421360016,0.4754230976104736,0.276228129863739,0.4304602742195129,0.4497932493686676,0.4882479012012481,0.4195036590099334,0.4150421619415283,0.4362423717975616,0.4243552386760711,0.4251984357833862,0.3985638916492462,0.677263617515564,0.3676998019218445,0.6053991317749023,0.4954433739185333,0.9141339659690856,0.2216909229755401,0.7641775608062744
352,0.3399753868579864,0.0654464736580848,0.3720694184303283,0.1109111905097961,0.4445668160915375,0.1148812919855117,0.3983366787433624,0.2944900691509247,0.4844526052474975,0.2819775640964508,0.4128952324390411,0.4658464193344116,0.5073641538619995,0.4323115348815918,0.4237379431724548,0.4487360119819641,0.4236499369144439,0.4347546398639679,0.4203637540340423,0.6830989122390747,0.3289324939250946,0.6162088513374329,0.5127930641174316,0.91880601644516,0.176881268620491,0.7654826641082764
353,0.340183287858963,0.0619963333010673,0.4126006960868835,0.1168444827198982,0.4062484800815582,0.122271329164505,0.4427297413349151,0.3044953346252441,0.4392709136009216,0.2903288304805755,0.4846590757369995,0.4651112556457519,0.5047879815101624,0.4350620210170746,0.4288756847381592,0.4643283784389496,0.418743759393692,0.4420689344406128,0.4229356646537781,0.6898787021636963,0.2898082733154297,0.612768828868866,0.5027521252632141,0.9292412400245668,0.1744331866502761,0.7684029340744019
354,0.3724848926067352,0.0595764331519603,0.3916473090648651,0.1422518044710159,0.4592534899711609,0.1502727568149566,0.4238110482692718,0.3308936059474945,0.5061861276626587,0.2993834018707275,0.4525675177574157,0.5018240809440613,0.527077317237854,0.4371812045574188,0.4258717000484466,0.4853637814521789,0.4414366483688354,0.4536660611629486,0.4120484292507171,0.7075752019882202,0.309308797121048,0.6218727231025696,0.4942257404327392,0.9421669244766236,0.2042140960693359,0.7800120115280151
355,0.3703024685382843,0.0475472435355186,0.403162807226181,0.1610888838768005,0.461544007062912,0.161476582288742,0.4443145394325256,0.3539681732654571,0.502698540687561,0.3232277929782867,0.4499243497848511,0.5242478251457214,0.5162023901939392,0.4644334018230438,0.4333248138427734,0.5113656520843506,0.440274566411972,0.481690376996994,0.4104693830013275,0.7242176532745361,0.3411688208580017,0.6455482244491577,0.5125147700309753,0.9492279291152954,0.2343472838401794,0.7961297631263733
356,0.366137683391571,0.0368105992674827,0.4266368150711059,0.1725629568099975,0.457854300737381,0.1676280498504638,0.4503448009490967,0.3776873350143432,0.4937723278999328,0.3340655565261841,0.4464285671710968,0.5479310154914856,0.5057682394981384,0.48963463306427,0.4351432025432586,0.528901219367981,0.4362860023975372,0.4998967051506042,0.4185946881771087,0.7482203245162964,0.3296705782413482,0.6658306121826172,0.5433160066604614,0.9518221616744996,0.2467918843030929,0.8409586548805237
357,0.3685270547866821,0.0363844037055969,0.4308488070964813,0.1825592666864395,0.4624976217746734,0.1729645878076553,0.4499524533748626,0.3838519155979156,0.4921809434890747,0.3538293540477752,0.4477016031742096,0.5575864911079407,0.4916553199291229,0.5007821917533875,0.4372993409633636,0.5332974195480347,0.4344278872013092,0.5054929256439209,0.4365119636058807,0.7539174556732178,0.3353531062602997,0.6920702457427979,0.5720488429069519,0.9523414373397828,0.3036224246025085,0.8988409042358398
358,0.3805146217346191,0.0271299816668033,0.4443355500698089,0.1753688901662826,0.473453551530838,0.1703170239925384,0.4836449921131134,0.3743472099304199,0.4914342164993286,0.3520092368125915,0.4578994214534759,0.5520257949829102,0.4699220061302185,0.5092111229896545,0.4344684481620788,0.5246198177337646,0.4324500560760498,0.5008084177970886,0.4319452047348022,0.7529654502868652,0.3778316080570221,0.7091530561447144,0.5821695327758789,0.9513661861419678,0.3508927822113037,0.913243293762207
359,0.3840269446372986,0.0455096550285816,0.4658365845680237,0.1741548478603363,0.4685349762439728,0.1688611209392547,0.4970712065696716,0.3594553172588348,0.4857676327228546,0.3486920595169067,0.4792167544364929,0.5369392037391663,0.4564446806907654,0.5028970241546631,0.4434762299060821,0.491029143333435,0.4310662150382995,0.4845908284187317,0.4251269996166229,0.7480000257492065,0.3968589305877685,0.7056192755699158,0.5728961229324341,0.9412378668785096,0.3812419176101684,0.9190073013305664
360,0.4151668548583984,0.048020601272583,0.4839330017566681,0.1490576118230819,0.4662707149982452,0.1519125998020172,0.5022480487823486,0.3353979587554931,0.4593753516674042,0.3392534554004669,0.4832687377929687,0.4996509552001953,0.4439381062984466,0.4586594104766845,0.4536662697792053,0.4656387865543365,0.4326333701610565,0.4668785035610199,0.4233124554157257,0.719398558139801,0.4079135954380035,0.6990545392036438,0.5620915293693542,0.9247674942016602,0.4109905958175659,0.905794620513916
361,0.4185985028743744,0.0842683836817741,0.4828395545482635,0.1320462077856063,0.4772852063179016,0.1424112915992736,0.5018855333328247,0.3146599531173706,0.4753197133541107,0.3204326331615448,0.4873500764369964,0.4692236185073852,0.4562299847602844,0.432890772819519,0.4601379334926605,0.4498770833015442,0.4445217251777649,0.4449986815452575,0.4282850921154022,0.6866573095321655,0.4252504110336303,0.6825524568557739,0.4690347015857696,0.9237459897994996,0.4520286917686462,0.8957933187484741
362,0.43164724111557,0.0903244987130165,0.4785653054714203,0.1337367743253708,0.4907051622867584,0.1433858722448349,0.5045424699783325,0.3210512995719909,0.5026757717132568,0.3150421679019928,0.4996742308139801,0.4764401018619537,0.4598307013511657,0.4339670836925506,0.4581297636032104,0.4622321128845215,0.473753958940506,0.460282951593399,0.4167073667049408,0.6957812905311584,0.4555571973323822,0.6911865472793579,0.3643801510334015,0.9070628881454468,0.4973293244838714,0.9008231163024902
363,0.4363449513912201,0.0846152380108833,0.4904032349586487,0.1207509264349937,0.4945487678050995,0.1332872211933136,0.5232130885124207,0.3122535943984985,0.5085187554359436,0.3122546374797821,0.5319794416427612,0.4758229553699493,0.4823843240737915,0.4369840025901794,0.4863289296627044,0.4674282073974609,0.4948978126049042,0.4614827334880829,0.3732540607452392,0.6810423135757446,0.5017971396446228,0.6904727220535278,0.2527821063995361,0.8606224656105042,0.5574215650558472,0.9090906977653505
364,0.4371455311775207,0.0830938518047332,0.5020109415054321,0.1131402030587196,0.4934375286102295,0.132952332496643,0.535907506942749,0.3019294440746307,0.5087869763374329,0.3112532198429107,0.5592027306556702,0.4754935503005981,0.514934241771698,0.4436796307563782,0.5083562731742859,0.4688923358917236,0.4994338452816009,0.4602235555648803,0.3699950277805328,0.6558972001075745,0.4938477277755737,0.691069483757019,0.1989809870719909,0.8174366354942322,0.5888883471488953,0.9234570860862732
365,0.4504954516887665,0.068191222846508,0.517923891544342,0.1191404908895492,0.4908052086830139,0.1661329418420791,0.5566374659538269,0.2985745370388031,0.5183835029602051,0.3140638470649719,0.5825843811035156,0.479817271232605,0.5172194242477417,0.4684941172599792,0.5305032134056091,0.4769628345966339,0.5071627497673035,0.4714386761188507,0.5444526672363281,0.7145172953605652,0.3704722225666046,0.6772578954696655,0.5830475091934204,0.9449442625045776,0.2064448893070221,0.8250165581703186
366,0.4628020823001861,0.0510416403412818,0.5331917405128479,0.1294039338827133,0.5024291276931763,0.1693404763936996,0.5797098278999329,0.3041908144950866,0.5388491749763489,0.3305935263633728,0.606559157371521,0.484636902809143,0.5355352759361267,0.4824675321578979,0.5439685583114624,0.4903699159622192,0.5259593725204468,0.4852805733680725,0.5357776880264282,0.7162164449691772,0.3835142850875854,0.6828576326370239,0.586224377155304,0.9660764336586,0.2371201813220977,0.8246831297874451
367,0.4646582305431366,0.0025969524867832,0.5503162741661072,0.138944461941719,0.5319438576698303,0.1687100380659103,0.600420355796814,0.337552011013031,0.5672686100006104,0.3392753303050995,0.622985303401947,0.5158048272132874,0.5682510137557983,0.4887586832046509,0.5500863194465637,0.5141266584396362,0.538844645023346,0.5075643658638,0.4926444888114929,0.7253360152244568,0.4483779072761535,0.721366822719574,0.5802291035652161,0.9496371150016784,0.3658733367919922,0.9253395199775696
368,0.4740072786808014,0.0159164778888225,0.5637311339378357,0.1603426784276962,0.558286726474762,0.1682725250720977,0.6163631677627563,0.3704994916915893,0.5872570872306824,0.3527909517288208,0.6328049302101135,0.5429869890213013,0.5862219929695129,0.502411961555481,0.5572221875190735,0.529082179069519,0.5522757768630981,0.5147896409034729,0.4947510957717895,0.7471339106559753,0.4679253399372101,0.7276639938354492,0.569435179233551,0.9744083881378174,0.3583454191684723,0.9217872619628906
369,0.4929002225399017,0.0210450626909732,0.5772441029548645,0.1820532232522964,0.5676658749580383,0.1761642098426818,0.6274649500846863,0.3893559277057647,0.5955371856689453,0.3640731871128082,0.6455685496330261,0.5615200400352478,0.5969188809394836,0.5119936466217041,0.5668058395385742,0.5385672450065613,0.5559155344963074,0.5204847455024719,0.4865708649158478,0.7478964328765869,0.4984681010246277,0.7352096438407898,0.5673501491546631,0.973362147808075,0.4678119122982025,0.9216712713241576
370,0.5065542459487915,0.022614412009716,0.5860350728034973,0.1868055760860443,0.5759871006011963,0.178791806101799,0.6323147416114807,0.3960796892642975,0.5966872572898865,0.3711963295936584,0.6450225114822388,0.569175124168396,0.60231614112854,0.52229243516922,0.5688037872314453,0.5418907403945923,0.5621929168701172,0.5248860716819763,0.4978207349777221,0.7588859796524048,0.5167988538742065,0.7444671392440796,0.5265833735466003,0.9603661298751832,0.454491376876831,0.9303657412528992
371,0.5114383101463318,0.0170852579176425,0.5978822112083435,0.1788113117218017,0.5860090255737305,0.1770621836185455,0.6374019384384155,0.388789027929306,0.6008576154708862,0.3690058290958404,0.6455690264701843,0.5625015497207642,0.6002971529960632,0.5182796716690063,0.5760343074798584,0.5376600027084351,0.5696527361869812,0.5235846042633057,0.5136929154396057,0.7565836310386658,0.5424648523330688,0.7412562966346741,0.4841759502887726,0.9559593796730042,0.585536003112793,0.9533083438873292
372,0.546810507774353,0.0132511043921113,0.6165539026260376,0.1450205594301223,0.5985209345817566,0.1528942734003067,0.6428647637367249,0.3625708222389221,0.6003693342208862,0.3498179018497467,0.6485118269920349,0.5478035807609558,0.590927004814148,0.5074057579040527,0.5991716980934143,0.5216653347015381,0.5719121098518372,0.5151762366294861,0.5758578181266785,0.7526470422744751,0.5210678577423096,0.7253807187080383,0.6170532703399658,0.9619606733322144,0.5233115553855896,0.937317669391632
373,0.5460544228553772,-0.0046920999884605,0.6195979714393616,0.1302932798862457,0.6051514148712158,0.1385207325220108,0.6512281894683838,0.3449677526950836,0.6137176752090454,0.3382032513618469,0.6560290455818176,0.5321095585823059,0.6037811040878296,0.492855042219162,0.6084588170051575,0.5060399770736694,0.585981011390686,0.5016860961914062,0.5547575950622559,0.7304961085319519,0.5218455195426941,0.7085793018341064,0.6218252778053284,0.952838122844696,0.5832554697990417,0.9301702976226808
374,0.5454675555229187,0.0006026851478964,0.6220122575759888,0.1273219287395477,0.6122052073478699,0.1350386142730713,0.6552329063415527,0.3411475419998169,0.6251552700996399,0.3330269157886505,0.6568024754524231,0.5309463739395142,0.6132193207740784,0.4890967011451721,0.607187807559967,0.4966413676738739,0.6007010340690613,0.4881267547607422,0.5131596326828003,0.7042089700698853,0.5539421439170837,0.6997480392456055,0.5793939828872681,0.9129126071929932,0.672603964805603,0.9278469681739808
375,0.5482834577560425,0.0041885352693498,0.6235726475715637,0.1265769451856613,0.6133936643600464,0.135349616408348,0.6559334993362427,0.3397499024868011,0.6261292695999146,0.3318065404891968,0.6579592227935791,0.5242863297462463,0.6169092655181885,0.4884059131145477,0.6112962365150452,0.4905702769756317,0.5969476699829102,0.4824959337711334,0.5257366895675659,0.7009497284889221,0.5505588054656982,0.6836207509040833,0.6988601088523865,0.9090980291366576,0.5853093266487122,0.9065756797790528
376,0.5517305135726929,0.0032297861762344,0.623738706111908,0.1275487542152404,0.6196571588516235,0.1367853730916977,0.6552197933197021,0.3440012335777282,0.6267150640487671,0.3321168422698974,0.6563287377357483,0.5261181592941284,0.6224823594093323,0.4927425384521484,0.6079737544059753,0.4927784502506256,0.5964578986167908,0.4835310280323028,0.5713822841644287,0.7044454216957092,0.5391673445701599,0.6873626112937927,0.7103147506713867,0.9147541522979736,0.524843692779541,0.9050455093383788
377,0.5450758337974548,0.0039449548348784,0.6201387643814087,0.1342097073793411,0.6222028732299805,0.1390673816204071,0.6529794335365295,0.3573727011680603,0.6349122524261475,0.3411675691604614,0.6512793302536011,0.5354323983192444,0.6268571615219116,0.4933359026908874,0.6002986431121826,0.5047255754470825,0.5970097184181213,0.4920565187931061,0.5546681880950928,0.7283610701560974,0.6051855683326721,0.7068440914154053,0.4815208911895752,0.9301055073738098,0.7179645895957947,0.9332402348518372
378,0.539832592010498,0.0050283810123801,0.616857647895813,0.1514817774295807,0.6163979768753052,0.1511480957269668,0.6516592502593994,0.3693672120571136,0.6343613266944885,0.3545677959918976,0.6485592126846313,0.5430922508239746,0.624735414981842,0.4976481199264526,0.5965959429740906,0.5187354683876038,0.5950848460197449,0.5085174441337585,0.5538565516471863,0.7345241904258728,0.6420925855636597,0.7358938455581665,0.4619160890579223,0.9434487223625184,0.7384811639785767,0.9500311017036438
379,0.5370322465896606,0.0050436668097972,0.6134634017944336,0.1606751680374145,0.6123405694961548,0.157634824514389,0.648189902305603,0.3785828351974487,0.6288468837738037,0.3628185391426086,0.6468526124954224,0.5494700074195862,0.6193549036979675,0.5070490837097168,0.5952609777450562,0.5303870439529419,0.5940024256706238,0.5187026262283325,0.5314673781394958,0.7336196899414062,0.6419327855110168,0.7297156453132629,0.4616770446300506,0.9365997910499572,0.7435517907142639,0.9588077068328856
380,0.5366995334625244,0.0056012528948485,0.611820638179779,0.1613781750202179,0.6114292740821838,0.1572244465351104,0.6468753814697266,0.3753823041915893,0.627432644367218,0.3602726757526397,0.6456936597824097,0.5479851365089417,0.617395281791687,0.5073744654655457,0.5894351005554199,0.5277429223060608,0.5931372046470642,0.5155709385871887,0.5128518342971802,0.7327477931976318,0.6180802583694458,0.7270680069923401,0.44735187292099,0.9368104934692384,0.7342621088027954,0.9539878964424132
381,0.5335985422134399,0.0049389130435884,0.6088303327560425,0.1606403291225433,0.611156702041626,0.1531834006309509,0.6385258436203003,0.3734253346920013,0.6101236343383789,0.3578657507896423,0.6327399611473083,0.5466831922531128,0.6064155697822571,0.5063346028327942,0.5669017434120178,0.5109640955924988,0.5677619576454163,0.4972477257251739,0.4993830025196075,0.7288481593132019,0.5990054607391357,0.7263739705085754,0.4442407488822937,0.9335850477218628,0.7104350328445435,0.9482188820838928
382,0.523286759853363,0.0052173500880599,0.6020011305809021,0.1598063111305236,0.597832202911377,0.1502410173416137,0.6252581477165222,0.3731663525104522,0.58919757604599,0.3469981551170349,0.618993878364563,0.542154848575592,0.5840617418289185,0.500145435333252,0.5559254884719849,0.4974345862865448,0.5537764430046082,0.4841071665287018,0.4638616740703583,0.709382951259613,0.5115498900413513,0.6977081894874573,0.4524114429950714,0.9323662519454956,0.705102801322937,0.8888578414916992
383,0.5104910731315613,0.0090553546324372,0.5891914367675781,0.1646460890769958,0.5831484198570251,0.1524290889501571,0.6117006540298462,0.3718754351139068,0.5787012577056885,0.3465640246868133,0.6020854711532593,0.5392539501190186,0.5755817890167236,0.4987805783748626,0.5432764291763306,0.4984223544597626,0.5385290384292603,0.4840083122253418,0.4328289926052093,0.7050873041152954,0.4639629423618316,0.687423050403595,0.4562869071960449,0.9318000078201294,0.5885013341903687,0.8675951361656189
384,0.5016443729400635,0.0218971893191337,0.5757575631141663,0.1772753745317459,0.5763729214668274,0.1633227616548538,0.5966303944587708,0.3772709667682647,0.5730453133583069,0.3499073982238769,0.5914130210876465,0.540073812007904,0.5709025263786316,0.4991033375263214,0.5269670486450195,0.4993267953395843,0.5241546630859375,0.4834486544132232,0.418981522321701,0.7048167586326599,0.3791322410106659,0.5813706517219543,0.4905634224414825,0.9330442547798156,0.4287800788879394,0.7671290040016174
385,0.493364155292511,0.0529346093535423,0.5627616047859192,0.2006634026765823,0.5566688776016235,0.1852733045816421,0.5800067186355591,0.3907674252986908,0.5527772307395935,0.3635618984699249,0.5767665505409241,0.5502045750617981,0.547442615032196,0.5060034990310669,0.5174584984779358,0.5148691534996033,0.4964470863342285,0.4906302690505981,0.4232953786849975,0.7136992812156677,0.3898749947547912,0.6106424927711487,0.5324417352676392,0.9477906227111816,0.3401290774345398,0.8272092342376709
386,0.4817008674144745,0.0752971321344375,0.5501188635826111,0.2266944646835327,0.5468562841415405,0.2098989486694336,0.565256655216217,0.4160025417804718,0.5432244539260864,0.3878887891769409,0.56224524974823,0.5754043459892273,0.5333124399185181,0.5202756524085999,0.504284143447876,0.5479097366333008,0.4856486320495605,0.5179061889648438,0.4358296692371368,0.7585432529449463,0.3362915813922882,0.6410765051841736,0.5408427715301514,0.9685428142547609,0.2304932028055191,0.811647891998291
387,0.4720165133476257,0.0845197439193725,0.5310738682746887,0.2324117720127105,0.54209965467453,0.2250497788190841,0.5521660447120667,0.4200674295425415,0.5523563623428345,0.4049533009529114,0.5470488667488098,0.5842140316963196,0.5362415909767151,0.5369259715080261,0.4857219755649566,0.5612826943397522,0.4730681180953979,0.5274682641029358,0.4348780810832977,0.7695519328117371,0.2650124728679657,0.5083813667297363,0.5363416075706482,0.9706422686576844,0.1315115392208099,0.7163832783699036
388,0.4720255136489868,0.0810086131095886,0.5243874192237854,0.2254182994365692,0.5330718159675598,0.2198263108730316,0.5517051219940186,0.4121159017086029,0.5528058409690857,0.3976050913333893,0.538615882396698,0.5780499577522278,0.5354287028312683,0.5308298468589783,0.478857547044754,0.5522776246070862,0.4720891714096069,0.5248900651931763,0.3243327140808105,0.6315235495567322,0.2833120226860046,0.5647870302200317,0.3185949027538299,0.8033092021942139,0.1964948922395706,0.7592962384223938
389,0.4691703915596008,0.0764900147914886,0.5171835422515869,0.2166712284088134,0.5338677763938904,0.2102585881948471,0.5429332256317139,0.4112915992736816,0.5563849210739136,0.3923441469669342,0.5221282243728638,0.5775676369667053,0.5373103022575378,0.5228237509727478,0.4757018983364105,0.5277056097984314,0.4708330929279327,0.496097594499588,0.3625412881374359,0.688605010509491,0.2426933944225311,0.4869641661643982,0.4702454805374145,0.9181249737739564,0.0792411714792251,0.5913634896278381
390,0.4713432788848877,0.0416520833969116,0.5185258388519287,0.1892463862895965,0.5372836589813232,0.1903149038553238,0.5414464473724365,0.3848240673542022,0.5567928552627563,0.3721188306808471,0.5191558003425598,0.5479910969734192,0.5533021092414856,0.5007330179214478,0.4591569304466247,0.4972972869873047,0.4706002473831177,0.4756707549095154,0.3723827004432678,0.6838104724884033,0.369326114654541,0.6555909514427185,0.3259034752845764,0.8034496903419495,0.3177282214164734,0.8074129819869995
391,0.4695706665515899,0.009412258863449,0.5234577059745789,0.1548308134078979,0.5348646640777588,0.1501802802085876,0.5499769449234009,0.3449107706546783,0.5508673787117004,0.3330161273479461,0.5316672921180725,0.5049320459365845,0.527003288269043,0.4671160876750946,0.4543813467025757,0.4697807431221008,0.465806782245636,0.4554193317890167,0.2399680316448211,0.5393096804618835,0.3820933401584625,0.6522690653800964,0.0731130540370941,0.5666828751564026,0.4054077267646789,0.8602386713027954
392,0.4671437442302704,-0.0118194920942187,0.5208047032356262,0.1325126141309738,0.5351166725158691,0.1270972937345504,0.547552764415741,0.3306701779365539,0.5470559597015381,0.319291353225708,0.5348875522613525,0.4819647073745727,0.525524914264679,0.4526630043983459,0.4500373005867004,0.437849223613739,0.4685596823692322,0.4344479441642761,0.2331086695194244,0.4992240965366363,0.3638473153114319,0.6445837616920471,0.0645078867673873,0.5841600298881531,0.3467343747615814,0.8481993079185486
393,0.4682222604751587,-0.0138330031186342,0.5166215300559998,0.1176686510443687,0.5323432087898254,0.1083051487803459,0.5423081517219543,0.3058485984802246,0.5422682762145996,0.2905968427658081,0.5352599024772644,0.4624848961830139,0.5143858194351196,0.4280444979667663,0.4617117047309875,0.4226972758769989,0.4721444547176361,0.4072194397449493,0.2813697755336761,0.5374364256858826,0.2989130914211273,0.5552425384521484,0.1162363588809967,0.6741859316825867,0.1803721785545349,0.7236484885215759
394,0.4513538479804992,-0.0126445163041353,0.5160828232765198,0.1047790944576263,0.5216897130012512,0.1003111079335212,0.5458084344863892,0.2935121953487396,0.5429909825325012,0.2842042744159698,0.5372741222381592,0.458923727273941,0.5211606025695801,0.4217970073223114,0.4666801989078522,0.3993740975856781,0.4734311699867248,0.3882188200950622,0.2801092863082886,0.5049119591712952,0.2835214138031006,0.5204941034317017,0.1100247055292129,0.6889914870262146,0.1427523493766784,0.6864932775497437
395,0.4381918609142303,-0.0057550873607397,0.5113041996955872,0.1203441396355629,0.5045172572135925,0.1131996065378189,0.5466881394386292,0.3015967607498169,0.5286338329315186,0.2877175509929657,0.5558626055717468,0.4652087390422821,0.5247485041618347,0.4215501546859741,0.4689372181892395,0.4013837277889251,0.465302437543869,0.3880796730518341,0.2757358849048614,0.4903858304023742,0.3073485195636749,0.517076313495636,0.1608206182718277,0.6071253418922424,0.2135596424341201,0.7312847375869751
396,0.4130973517894745,-0.005224481690675,0.5025020241737366,0.1225002855062484,0.4882791340351105,0.1212510392069816,0.5479404926300049,0.3134164810180664,0.5208426117897034,0.2959648668766022,0.5670545697212219,0.4737181365489959,0.5255559086799622,0.4237169623374939,0.4691401720046997,0.4129692614078522,0.4624704718589782,0.3841761350631714,0.3101936876773834,0.5309382677078247,0.2829459607601166,0.3797820508480072,0.2668611109256744,0.7732293605804443,0.1242710724472999,0.3591521084308624
397,0.3880211412906647,0.0213965941220521,0.4774400591850281,0.1634376347064972,0.4767690300941467,0.1466418206691742,0.5374661684036255,0.3158972561359405,0.5087027549743652,0.3024411797523498,0.5584943294525146,0.4799561500549316,0.504804790019989,0.4317317605018616,0.4492979347705841,0.4250268638134002,0.4271651804447174,0.3948131203651428,0.3374703228473663,0.5777634978294373,0.2737368047237396,0.3502037823200226,0.3606272339820862,0.8371626734733582,0.1460389494895935,0.3287293612957001
398,0.3729236125946045,0.0455313250422477,0.4534853100776672,0.1929016560316085,0.461220383644104,0.1850266754627227,0.5193297863006592,0.3573288917541504,0.5001150965690613,0.3423666954040527,0.525982141494751,0.4960518777370453,0.4952830374240875,0.4663791358470917,0.4187158346176147,0.4307578206062317,0.4232252836227417,0.4424953758716583,0.2620183825492859,0.2815832495689392,0.3435247540473938,0.6202797889709473,0.1128603965044021,0.219050645828247,0.4012071788311004,0.8430311679840088
399,0.3619947731494903,0.0642369017004966,0.4371046423912048,0.21162711083889,0.4410234987735748,0.204939603805542,0.4956766664981842,0.382582426071167,0.4821341931819916,0.3689963519573211,0.4988526999950409,0.5257149338722229,0.482837975025177,0.5043714642524719,0.4175047278404236,0.465794026851654,0.4068118929862976,0.4572843909263611,0.2797223627567291,0.4203476905822754,0.3607074320316314,0.5863206386566162,0.2674998939037323,0.3634118437767029,0.4001298248767853,0.7706326842308044
400,0.3636507987976074,0.0860508903861045,0.4307280778884887,0.23044253885746,0.4280472099781036,0.2237520068883896,0.4743932485580444,0.410732239484787,0.4501475095748901,0.396179735660553,0.4820687472820282,0.5551635026931763,0.446315050125122,0.5294256806373596,0.4160586595535278,0.512515664100647,0.3945172131061554,0.4814644157886505,0.3705787658691406,0.6983771920204163,0.2734668850898742,0.3424111902713775,0.4641448557376861,0.9174013733863832,0.1638794392347335,0.1872041076421737
401,0.3631212115287781,0.1005627959966659,0.4284642934799194,0.2489941120147705,0.4306174516677856,0.2420042604207992,0.4702088534832001,0.4265163838863373,0.4558700621128082,0.4088656008243561,0.4726018607616424,0.5694516897201538,0.4526866972446441,0.5386480689048767,0.4148415923118591,0.5206689238548279,0.3959344625473022,0.4990665912628174,0.3477360904216766,0.6266917586326599,0.2622260749340057,0.4351081848144531,0.4249351918697357,0.7621470093727112,0.1493031233549118,0.3728696703910827
402,0.3656996786594391,0.1122165769338607,0.4360194206237793,0.2535813748836517,0.4339722394943237,0.2472785711288452,0.4769622683525085,0.4279693961143493,0.4462685585021972,0.4033941924571991,0.4776055514812469,0.5739918351173401,0.4331008791923523,0.5227250456809998,0.4137192070484161,0.50752854347229,0.4033172726631164,0.4946224689483642,0.234726995229721,0.4334417879581451,0.3740361630916595,0.7025481462478638,0.1383745968341827,0.2437180876731872,0.4654130637645721,0.8992213010787964
403,0.3739095032215118,0.1070042476058006,0.444782555103302,0.2482538819313049,0.4439986646175384,0.2411397099494934,0.4852505922317505,0.4249637126922607,0.4615035057067871,0.3985142707824707,0.4884544014930725,0.5697640776634216,0.447560042142868,0.5148470997810364,0.4183254241943359,0.5079432725906372,0.4064538776874542,0.4937418699264526,0.2635749280452728,0.4309481382369995,0.4020946025848388,0.7151162028312683,0.1577477604150772,0.3241058886051178,0.4840718507766723,0.9321833848953248
404,0.3862328827381134,0.0951100885868072,0.4454136192798614,0.2374375909566879,0.455989807844162,0.2287977635860443,0.50019371509552,0.4153728783130646,0.486911803483963,0.3900063037872314,0.5064331889152527,0.566573441028595,0.4650874733924866,0.4993495941162109,0.4324726164340973,0.5058205723762512,0.4494134187698364,0.4986527264118194,0.257169634103775,0.4185270071029663,0.4213022589683532,0.7129935622215271,0.2545343339443207,0.4652602672576904,0.4883275330066681,0.9313883185386658
405,0.3989364504814148,0.0632442086935043,0.4703070819377899,0.2089068293571472,0.4644298553466797,0.2064979374408722,0.5263762474060059,0.3846701383590698,0.4948359131813049,0.3685148358345032,0.5323222279548645,0.5375906825065613,0.4727234840393066,0.4733129739761352,0.4571957588195801,0.5003169178962708,0.4623353183269501,0.4926803112030029,0.2332727015018463,0.4534420073032379,0.4448626339435577,0.6968163847923279,0.130466341972351,0.5013628602027893,0.4907142519950866,0.9210948348045348
406,0.4092214405536651,0.0442388728260993,0.4811563193798065,0.1808982044458389,0.4806202352046966,0.1834278255701065,0.5339510440826416,0.362038254737854,0.5131357312202454,0.348188042640686,0.5433703660964966,0.5148979425430298,0.5109257102012634,0.4738979339599609,0.4671647846698761,0.4893720746040344,0.4728889763355255,0.4871244728565216,0.2362141907215118,0.5665408372879028,0.4594821631908417,0.6828332543373108,0.1793113350868225,0.660035252571106,0.5010785460472107,0.9066941142082214
407,0.4200599193572998,0.0375397577881813,0.4912209808826446,0.1714088171720504,0.4903664886951446,0.1727756857872009,0.5399455428123474,0.3504096865653991,0.5144282579421997,0.338756799697876,0.5488871932029724,0.5037137269973755,0.5083861947059631,0.4695209562778473,0.4711111187934875,0.4842890799045563,0.4812636375427246,0.4852232635021209,0.2381974309682846,0.5828100442886353,0.4604103565216064,0.6742067337036133,0.183235615491867,0.7396165728569031,0.5263586044311523,0.8848451972007751
408,0.4243874847888946,0.0397099778056144,0.4974787831306457,0.1743497997522354,0.4923761188983917,0.176044225692749,0.5455012321472168,0.3519004583358764,0.5118323564529419,0.3417498469352722,0.5527228116989136,0.5056169033050537,0.505230724811554,0.4663014709949493,0.4780085980892181,0.4862178266048431,0.4818654060363769,0.4829340577125549,0.3374107480049133,0.6356325745582581,0.4493755400180816,0.6671929955482483,0.2785688042640686,0.8405638933181763,0.5616016983985901,0.8692149519920349
409,0.4294452369213104,0.0426817424595356,0.5032212734222412,0.1748179793357849,0.4925029873847961,0.1777110546827316,0.5502675771713257,0.3564262390136719,0.5121333599090576,0.34465092420578,0.5592676997184753,0.509301483631134,0.5084550380706787,0.4689112901687622,0.4922468960285187,0.4867110252380371,0.4823035001754761,0.4816568195819855,0.4323263764381408,0.6767750978469849,0.441689670085907,0.663733959197998,0.582023024559021,0.8841474056243896,0.4071771502494812,0.8787168860435486
410,0.4324511289596557,0.0611082650721073,0.5114060044288635,0.1944971233606338,0.4905921816825866,0.1968263685703277,0.5620036125183105,0.3657512962818146,0.5118996500968933,0.3576357960700989,0.56943279504776,0.5182268619537354,0.5079261660575867,0.4829862415790558,0.4956182241439819,0.5065029263496399,0.4771659970283508,0.4969364106655121,0.4856896698474884,0.7164692282676697,0.4671205878257751,0.7012724876403809,0.6183563470840454,0.9040822386741638,0.4137412309646606,0.8939162492752075
411,0.4316684305667877,0.0640095174312591,0.5196277499198914,0.2087640911340713,0.4808366894721985,0.2051175832748413,0.5752166509628296,0.3802032768726349,0.5187577605247498,0.3670398592948913,0.5837087035179138,0.5244708061218262,0.5195400714874268,0.4886771440505981,0.5098803639411926,0.5154393315315247,0.4763655662536621,0.5072095394134521,0.5078480243682861,0.7203893065452576,0.4871399402618408,0.7109203338623047,0.6187534928321838,0.9098235368728638,0.4248025119304657,0.8888028264045715
412,0.4318548440933227,0.0642508789896965,0.5356767773628235,0.2078361511230468,0.4621917009353637,0.2044183313846588,0.5880661606788635,0.3740420341491699,0.5167780518531799,0.3636702597141266,0.6037241816520691,0.5185005068778992,0.5155264735221863,0.4850949048995971,0.5333980321884155,0.5114010572433472,0.4818291068077087,0.501273512840271,0.4932762682437897,0.697131335735321,0.4996894299983978,0.6993081569671631,0.4846904873847961,0.8818705081939697,0.6099067330360413,0.8918160200119019
413,0.4388617277145386,0.0571688115596771,0.5495882034301758,0.2016077637672424,0.4428984224796295,0.204086497426033,0.5998101234436035,0.3671675026416778,0.5018458962440491,0.3543241024017334,0.6168655753135681,0.5024349093437195,0.5017938613891602,0.4798706471920013,0.5426051616668701,0.4937928020954132,0.4833985567092895,0.4948325157165527,0.4956933259963989,0.6840354204177856,0.5009284019470215,0.6894543766975403,0.4552631676197052,0.8855195641517639,0.6191195845603943,0.8838278651237488
414,0.4506275653839111,0.0498277284204959,0.5634937882423401,0.1913282573223114,0.4321774840354919,0.2017479836940765,0.6159115433692932,0.3542651832103729,0.4872298240661621,0.3466792106628418,0.6325269341468811,0.4948242902755737,0.4845620095729828,0.4765679538249969,0.5551854372024536,0.4814595580101013,0.48569256067276,0.4854718148708343,0.4991545081138611,0.6890773773193359,0.4984510540962219,0.68662428855896,0.4377779960632324,0.8897562026977539,0.5687478184700012,0.8759498596191406
415,0.4608836770057678,0.0475872568786144,0.5747739672660828,0.186678946018219,0.4263256788253784,0.2013625055551529,0.6278172135353088,0.3409661948680877,0.471624344587326,0.3463974297046661,0.6479282379150391,0.4848968386650085,0.4702366292476654,0.4646702110767364,0.5680302381515503,0.4731918275356293,0.4870047271251678,0.4797638058662414,0.4937512576580047,0.6897662878036499,0.491681158542633,0.6842693090438843,0.4311494529247284,0.8863955736160278,0.6025692820549011,0.8579225540161133
416,0.4682560861110687,0.0479515567421913,0.588433563709259,0.1870757639408111,0.4242457151412964,0.202350452542305,0.635644257068634,0.3436112403869629,0.4557285606861114,0.3471584618091583,0.6528857350349426,0.4863109290599823,0.4629870057106018,0.4596722424030304,0.5697120428085327,0.4746677875518799,0.4853020012378692,0.4790897369384765,0.5031650066375732,0.6926664710044861,0.4918547868728637,0.6861453652381897,0.4289132952690124,0.881846010684967,0.6017223596572876,0.8479308485984802
417,0.4809600114822387,0.0561707913875579,0.6029624938964844,0.1922642141580581,0.4223270118236542,0.2147406935691833,0.6387500166893005,0.3432664275169372,0.4394436180591583,0.3576980233192444,0.6540768146514893,0.4837865233421325,0.4495366513729095,0.4603868722915649,0.5761430859565735,0.4809340238571167,0.4843518137931824,0.48264279961586,0.5276301503181458,0.7003864049911499,0.5002928972244263,0.6985377073287964,0.4326659440994262,0.8745443820953369,0.5920998454093933,0.8580086827278137
418,0.4883328676223755,0.0715493187308311,0.611984372138977,0.2099469900131225,0.4223829805850982,0.2329225540161132,0.6372690796852112,0.3555578887462616,0.4310575723648071,0.3720539212226867,0.6487756371498108,0.4870834052562713,0.4494663774967193,0.4840802550315857,0.5828765034675598,0.5116422772407532,0.4835655093193054,0.5099382400512695,0.5677696466445923,0.7132126092910767,0.5094377398490906,0.723691463470459,0.4415890276432037,0.8631493449211121,0.5820445418357849,0.8688169717788696
419,0.495991051197052,0.0893345847725868,0.6146433353424072,0.2256906926631927,0.4234894514083862,0.2480567693710327,0.6319136023521423,0.3741675019264221,0.4269547760486603,0.3906478881835937,0.6451639533042908,0.4914861023426056,0.4408573508262634,0.5157421231269836,0.5861881971359253,0.5173310041427612,0.4837580919265747,0.5177984237670898,0.6063042283058167,0.7128220200538635,0.5072748064994812,0.7158942222595215,0.4650009870529175,0.8373435735702515,0.5735288262367249,0.8751027584075928
420,0.5006420016288757,0.0929215103387832,0.6162621974945068,0.2303448617458343,0.4254838824272156,0.2521124184131622,0.631165623664856,0.3748620450496673,0.4288330078125,0.3919828534126282,0.6432575583457947,0.4874827861785888,0.4313264489173889,0.5136158466339111,0.5900680422782898,0.5199235081672668,0.4864022135734558,0.5218967199325562,0.6360681653022766,0.7143183946609497,0.5069177746772766,0.7137328386306763,0.4845365881919861,0.8309214115142822,0.5709841847419739,0.8764219284057617
421,0.50576251745224,0.0874243453145027,0.6165907382965088,0.2245984822511673,0.4266889691352844,0.2433723509311676,0.6297774910926819,0.3700879514217376,0.4323160052299499,0.3873971402645111,0.6405438184738159,0.4779736697673797,0.4306838512420654,0.5082905292510986,0.5918154120445251,0.5156714916229248,0.4881891012191772,0.5161581039428711,0.6375300884246826,0.7087812423706055,0.5135148167610168,0.711331844329834,0.509057343006134,0.8419855833053589,0.5703340172767639,0.8749035596847534
422,0.5078683495521545,0.0727534592151641,0.6178942322731018,0.2127415835857391,0.4270828366279602,0.2308403402566909,0.6292094588279724,0.3567084074020386,0.4311310350894928,0.3820849955081939,0.6389544010162354,0.4698756039142608,0.4334135353565216,0.5071567296981812,0.5932888388633728,0.5034469366073608,0.4888258278369903,0.5095914006233215,0.6193928122520447,0.7046459913253784,0.5255575776100159,0.7090434432029724,0.5565651655197144,0.8502026796340942,0.5699898600578308,0.8742328882217407
423,0.5190032720565796,0.0457612983882427,0.6178454756736755,0.1919905096292495,0.427058458328247,0.2029778361320495,0.6274484395980835,0.3365727663040161,0.4319010376930237,0.349914014339447,0.6375861763954163,0.4562581479549408,0.4356168210506439,0.4790970683097839,0.5891241431236267,0.4665151238441467,0.4888183176517486,0.4700790345668793,0.5919802188873291,0.6883076429367065,0.5273057222366333,0.6826589107513428,0.577795684337616,0.8817949295043945,0.5685051679611206,0.877374529838562
424,0.5184743404388428,0.0237267650663852,0.6198275089263916,0.17073355615139,0.4272082448005676,0.1772812157869339,0.6265379786491394,0.325853168964386,0.4296391010284424,0.3320374488830566,0.6324082016944885,0.4509348571300506,0.4353074729442596,0.463628351688385,0.587586522102356,0.4507431983947754,0.4885756969451904,0.4557510018348694,0.5957695841789246,0.6793553233146667,0.524202287197113,0.678203284740448,0.602345883846283,0.8900578022003174,0.5505940914154053,0.8725627660751343
425,0.5148443579673767,0.0134827829897403,0.620789110660553,0.1565257310867309,0.4271757900714874,0.1654328852891922,0.6266208291053772,0.319379985332489,0.4322666227817535,0.321336567401886,0.6253359317779541,0.4463213980197906,0.4375417530536651,0.4541212618350982,0.5869600772857666,0.4479303956031799,0.4873961210250854,0.4518786072731018,0.604446530342102,0.6693989634513855,0.5212870240211487,0.6758712530136108,0.6055090427398682,0.8878522515296936,0.5353256464004517,0.8656330704689026
426,0.516997754573822,0.0069373124279081,0.6215125918388367,0.1510531902313232,0.4273977875709533,0.1570249497890472,0.6263940930366516,0.3056749999523163,0.4335965514183044,0.3137412071228027,0.6247572302818298,0.4298566281795501,0.4360008239746094,0.4396816194057464,0.5863212943077087,0.4407773315906524,0.4871220886707306,0.4445682466030121,0.6041048169136047,0.6437780261039734,0.5196465849876404,0.6637471318244934,0.5891653895378113,0.7861934900283813,0.5278499126434326,0.8404556512832642
427,0.5162031650543213,0.0122883468866348,0.6240182518959045,0.1555525064468383,0.427471786737442,0.161837562918663,0.6273415088653564,0.3082013726234436,0.4314551055431366,0.3125893771648407,0.6249297261238098,0.4346376955509186,0.4319583475589752,0.439350426197052,0.5851795077323914,0.4412223100662231,0.4865698218345642,0.4450278878211975,0.6048538088798523,0.6413816809654236,0.5184139609336853,0.6599878668785095,0.5685549378395081,0.6997526288032532,0.5294644236564636,0.8172953128814697
428,0.515224814414978,0.016891798004508,0.6251979470252991,0.1608444601297378,0.4275520741939544,0.1649622321128845,0.6292160153388977,0.3141438663005829,0.4319691658020019,0.3163359463214874,0.6251742243766785,0.4358550608158111,0.428809642791748,0.4433450996875763,0.5844690799713135,0.4459061920642853,0.4850157797336578,0.449898898601532,0.599330723285675,0.6445043087005615,0.5117508769035339,0.6574819087982178,0.561318576335907,0.6858434081077576,0.546995997428894,0.8093379735946655
429,0.5144035816192627,0.0202106945216655,0.6238425374031067,0.1624672710895538,0.4266753792762756,0.169374406337738,0.6290411353111267,0.3173449635505676,0.4375000894069671,0.3200862109661102,0.625830352306366,0.4366475939750671,0.4303228557109833,0.4472671151161194,0.582974910736084,0.454168826341629,0.4773949980735779,0.4520231783390045,0.5904509425163269,0.6468135714530945,0.4939489066600799,0.6508127450942993,0.5099783539772034,0.7378807663917542,0.5904598832130432,0.7981690168380737
430,0.5133531093597412,0.0239252988249063,0.6232954859733582,0.1719295233488083,0.4263737201690674,0.1754935532808303,0.6288524270057678,0.3231981694698334,0.4362290799617767,0.3289466202259063,0.6240532994270325,0.4558835029602051,0.4288040995597839,0.4568700492382049,0.5767658352851868,0.4730088412761688,0.4710111021995544,0.4667145907878876,0.5518221259117126,0.6655806303024292,0.495134025812149,0.6664767265319824,0.4774315357208252,0.8012837767601013,0.6227558851242065,0.8077672123908997
431,0.5129839777946472,0.0395419560372829,0.6231672763824463,0.187247022986412,0.4264199137687683,0.1883541494607925,0.62837153673172,0.3319694697856903,0.4347608387470245,0.336556613445282,0.6225568056106567,0.4663528501987457,0.4279668033123016,0.4622566699981689,0.5672279596328735,0.4805466830730438,0.4703748822212219,0.4717084169387817,0.5284065008163452,0.6698036789894104,0.514054536819458,0.6775481700897217,0.456973522901535,0.8168449401855469,0.6232835054397583,0.8943659663200378
432,0.5123546719551086,0.0462275817990303,0.6227447390556335,0.1973048746585846,0.4264717102050781,0.2004885822534561,0.6279094815254211,0.3456355929374695,0.434488832950592,0.3533767163753509,0.6194917559623718,0.4770331382751465,0.4286670684814453,0.4797573089599609,0.5656405091285706,0.4865300357341766,0.4708746075630188,0.4790154695510864,0.5271744132041931,0.6784008741378784,0.5256103873252869,0.6892433166503906,0.4482778012752533,0.8211389183998108,0.6152772903442383,0.9188256859779358
433,0.5122263431549072,0.0503577589988708,0.6225571036338806,0.2028985768556594,0.4266108572483063,0.2052028924226761,0.6267066597938538,0.3524992763996124,0.4339005053043365,0.3593179881572723,0.6189310550689697,0.4832371473312378,0.4289276599884033,0.4849507212638855,0.565596342086792,0.4882749319076538,0.4714242219924927,0.4829228818416595,0.5306679010391235,0.6831048727035522,0.5265498757362366,0.6960397362709045,0.4535097777843475,0.8210217952728271,0.6151314377784729,0.9202311038970948
434,0.510633111000061,0.0490796603262424,0.6225684881210327,0.2000942081212997,0.4266685545444488,0.2030698210000991,0.625594437122345,0.3505192697048187,0.4336934089660644,0.3569848835468292,0.6189059019088745,0.482886254787445,0.4282268583774566,0.4837448596954345,0.5651335120201111,0.4866702258586883,0.4704424440860748,0.4821234345436096,0.5278609991073608,0.6832677125930786,0.5244660973548889,0.69532310962677,0.4532934725284576,0.8208737969398499,0.6123138666152954,0.9100106358528136
435,0.5102118849754333,0.0439470335841178,0.6232686638832092,0.1939969956874847,0.4275338351726532,0.1946413218975067,0.6259129047393799,0.3462306261062622,0.4335715770721435,0.352988988161087,0.6184613704681396,0.4827640652656555,0.4282115995883941,0.4828672111034393,0.5654206275939941,0.4816290140151977,0.4702306985855102,0.4752100110054016,0.5295434594154358,0.6822177171707153,0.5228697657585144,0.6943330764770508,0.4546276032924652,0.8199440240859985,0.6130600571632385,0.8870624303817749
436,0.5074521899223328,0.0348751619458198,0.6247965693473816,0.1813930571079254,0.428129106760025,0.1851024180650711,0.6263728141784668,0.3386020362377167,0.4343743324279785,0.3453291058540344,0.6179390549659729,0.4806243777275085,0.4284106492996216,0.4821576476097107,0.5656127333641052,0.472543329000473,0.4704929888248443,0.4666201770305633,0.5300100445747375,0.6809893250465393,0.5218334197998047,0.690184473991394,0.4546460807323456,0.8183789849281311,0.6166425347328186,0.8610376715660095
437,0.5046986937522888,0.028249554336071,0.6252937316894531,0.1718260496854782,0.4296523630619049,0.1784096658229828,0.6270384192466736,0.3332007825374603,0.4358103573322296,0.3424127697944641,0.6180236339569092,0.4700731635093689,0.4298343360424042,0.477596253156662,0.5659186244010925,0.4663487672805786,0.4706811308860779,0.4618676602840423,0.5540867447853088,0.6694424748420715,0.5245470404624939,0.6859961152076721,0.4563548564910888,0.7753803730010986,0.6207250952720642,0.862277626991272
438,0.5032491683959961,0.0253913458436727,0.6257520318031311,0.1691825687885284,0.4305770099163055,0.1769360154867172,0.6278041005134583,0.3316341638565063,0.4394111931324005,0.3415765762329101,0.6210915446281433,0.463632196187973,0.4399518668651581,0.470001757144928,0.5680158734321594,0.4645680785179138,0.4727878868579864,0.461714506149292,0.5766375660896301,0.6672512292861938,0.5325638055801392,0.6858134865760803,0.4564847350120544,0.7313240766525269,0.6236790418624878,0.8792122006416321
439,0.5036228895187378,0.0262969434261322,0.6258036494255066,0.1708281487226486,0.4307024180889129,0.1778292804956436,0.6287732720375061,0.3316261768341064,0.4406557381153106,0.3423584997653961,0.622897744178772,0.4642885029315948,0.4452295005321502,0.469657301902771,0.5730895400047302,0.4650663137435913,0.4751766622066498,0.4637320637702942,0.5936614274978638,0.6684567928314209,0.5391848087310791,0.6866926550865173,0.4500855207443237,0.7136061787605286,0.6324073076248169,0.8856155276298523
440,0.5037908554077148,0.0269258357584476,0.6258329749107361,0.1718583405017852,0.4313134551048279,0.1784137785434723,0.6292867064476013,0.3317911028861999,0.4411743283271789,0.3429899215698242,0.6266531348228455,0.4643440246582031,0.4470261037349701,0.4696207344532013,0.5769387483596802,0.4653996229171753,0.479153960943222,0.4641292095184326,0.5906120538711548,0.6685746312141418,0.5428786277770996,0.6869620680809021,0.452046275138855,0.7342641353607178,0.6347945332527161,0.8875108361244202
441,0.5037927031517029,0.0266779102385044,0.6261399984359741,0.1716617196798324,0.4328490495681762,0.1789381504058838,0.6304753422737122,0.3319152295589447,0.4411488771438598,0.3443128168582916,0.6322370767593384,0.4644794762134552,0.4462136924266815,0.4722510576248169,0.579768180847168,0.4595251679420471,0.4821455180644989,0.4583453238010406,0.590200662612915,0.6692366600036621,0.5425791144371033,0.6838463544845581,0.4576034247875213,0.7821990251541138,0.6340171694755554,0.8865939378738403
442,0.5037398934364319,0.0250387694686651,0.6276938319206238,0.1676858365535736,0.4338694214820862,0.1791717261075973,0.6353176236152649,0.3319770693778991,0.4413709342479706,0.3443350195884704,0.637885332107544,0.4647243022918701,0.4465053677558899,0.4722767770290375,0.5808754563331604,0.4595919251441955,0.4844714701175689,0.4588273465633392,0.5612569451332092,0.6715044975280762,0.5407962203025818,0.6816153526306152,0.4662221670150757,0.8081486225128174,0.6327177882194519,0.8848268389701843
